
[13:50:49] === Venue Discovery Started ===
[13:50:49] Fetching past gigs...
[13:50:52] Found 5 past gigs
[13:50:52] Fetching existing venues for dedup...
[13:50:55] Existing venues: 18
[13:50:55] 
[13:50:55] === Discovering from: L'Auberge Chez Francois ===
[13:51:00]   Scrolling to find recommendations...
[13:51:05]   Extracting cards...
[13:51:05]   No 'People also search for' found
[13:51:05]   Found 0 total recommendations
[13:51:05]   Added 0 new venues from L'Auberge Chez Francois
[13:51:08] 
[13:51:08] === Discovering from: The Inn at Perry Cabin ===
[13:51:14]   Scrolling to find recommendations...
[13:51:20]   Extracting cards...
[13:51:20]   No 'People also search for' found
[13:51:20]   Clicked 'View more' — loading expanded list...
[13:51:25]   Expanded list: found 5 hotels
[13:51:28]   Found 5 total recommendations
[13:51:28]   Added 0 new venues from The Inn at Perry Cabin
[13:51:31] 
[13:51:31] === Discovering from: The Maryland Club ===
[13:51:36]   Scrolling to find recommendations...
[13:51:41]   Extracting cards...
[13:51:41]   No 'People also search for' found
[13:51:41]   Found 0 total recommendations
[13:51:41]   Added 0 new venues from The Maryland Club
[13:51:44] 
[13:51:44] === Discovering from: Black Ankle Vineyards ===
[13:51:49]   Scrolling to find recommendations...
[13:51:54]   Extracting cards...
[13:51:54]   No 'People also search for' found
[13:51:54]   Found 0 total recommendations
[13:51:54]   Added 0 new venues from Black Ankle Vineyards
[13:51:59] 
[13:51:59] === Discovering from: Royal Restaurant ===
[13:52:06]   Scrolling to find recommendations...
[13:52:12]   Extracting cards...
[13:52:12]   No 'People also search for' found
[13:52:12]   Found 0 total recommendations
[13:52:13]   Added 0 new venues from Royal Restaurant
[13:52:16] 
[13:52:16] === Discovery Complete — Total new venues: 0 ===

[14:05:39] === Venue Discovery Started ===
[14:05:39] Fetching past gigs...
[14:05:42] Found 5 past gigs
[14:05:42] Fetching existing venues for dedup...
[14:05:45] Existing venues: 18
[14:05:45] 
[14:05:45] === Discovering from: L'Auberge Chez Francois ===
[14:05:52]   Scrolling to find recommendations...

[14:08:09] === Venue Discovery Started ===
[14:08:09] Fetching past gigs...
[14:08:11] Found 5 past gigs
[14:08:11] Fetching existing venues for dedup...
[14:08:13] Existing venues: 23
[14:08:13]   SKIP (already discovered): L'Auberge Chez Francois
[14:08:13]   SKIP (already discovered): The Inn at Perry Cabin
[14:08:13]   SKIP (already discovered): The Maryland Club
[14:08:13]   SKIP (already discovered): Black Ankle Vineyards
[14:08:13] 
[14:08:13] === Discovering from: Royal Restaurant ===
[14:08:19]   Scrolling to find recommendations...

[14:10:12] === Venue Discovery Started ===
[14:10:12] Fetching past gigs...
[14:10:15] Found 5 past gigs
[14:10:15] Fetching existing venues for dedup...
[14:10:17] Existing venues: 23
[14:10:17]   SKIP (already discovered): L'Auberge Chez Francois
[14:10:17]   SKIP (already discovered): The Inn at Perry Cabin
[14:10:17]   SKIP (already discovered): The Maryland Club
[14:10:17]   SKIP (already discovered): Black Ankle Vineyards
[14:10:17] 
[14:10:17] === Discovering from: Royal Restaurant ===
[14:10:17]   (searching: Royal Restaurant Alexandria VA)
[14:10:23]   Scrolling to find recommendations...
[14:10:29]   Extracting cards...
[14:10:29]   Found 4 'People also search for' results
[14:10:29]   Found 4 total recommendations
[14:10:44]   Added 3 new venues from Royal Restaurant
[14:10:49] 
[14:10:49] === Discovery Complete — Total new venues: 0 ===

[22:50:00] === Venue Discovery Started ===
[22:50:00] Fetching past gigs...
[22:50:19] Found 12 past gigs
[22:50:19] Fetching existing venues for dedup...
[22:50:22] Existing venues: 26
[22:50:22]   SKIP (already discovered): L'Auberge Chez Francois
[22:50:22]   SKIP (already discovered): The Inn at Perry Cabin
[22:50:22]   SKIP (already discovered): The Maryland Club
[22:50:22]   SKIP (already discovered): Black Ankle Vineyards
[22:50:22]   SKIP (already discovered): Royal Restaurant
[22:50:22] 
[22:50:22] === Discovering from: Good Spirit Farm Winery ===
[22:50:28]   Scrolling to find recommendations...
[22:50:33]   Extracting cards...
[22:50:33]   Found 5 'People also search for' results
[22:50:33]   Found 5 total recommendations
[22:50:44]   Added 5 new venues from Good Spirit Farm Winery
[22:50:48] 
[22:50:48] === Discovering from: Chesapeake Manor Vineyard ===
[22:50:53]   Scrolling to find recommendations...
[22:51:00]   Extracting cards...
[22:51:00]   Found 3 'People also search for' results
[22:51:00]   Found 3 total recommendations
[22:51:06]   Added 3 new venues from Chesapeake Manor Vineyard
[22:51:09] 
[22:51:09] === Discovering from: Elkridge Furnace Inn ===
[22:51:16]   Scrolling to find recommendations...
[22:51:21]   Extracting cards...
[22:51:21]   Found 5 'People also search for' results
[22:51:21]   Found 5 total recommendations
[22:51:33]   Added 5 new venues from Elkridge Furnace Inn
[22:51:37] 
[22:51:37] === Discovering from: Xella Winery and Vineyard ===
[22:51:44]   Scrolling to find recommendations...
[22:51:51]   Extracting cards...
[22:51:51]   Found 5 'People also search for' results
[22:51:51]   Found 5 total recommendations
[22:52:02]   Added 5 new venues from Xella Winery and Vineyard
[22:52:06] 
[22:52:06] === Discovering from: Twin Oaks Tavern Winery ===
[22:52:11]   Scrolling to find recommendations...
[22:52:18]   Extracting cards...
[22:52:18]   Found 5 'People also search for' results
[22:52:19]   Found 5 total recommendations
[22:52:30]   Added 4 new venues from Twin Oaks Tavern Winery
[22:52:34] 
[22:52:34] === Discovering from: Windridge Vineyards ===
[22:52:38]   Scrolling to find recommendations...
[22:52:45]   Extracting cards...
[22:52:46]   Found 5 'People also search for' results
[22:52:46]   Found 5 total recommendations
[22:52:54]   Added 3 new venues from Windridge Vineyards
[22:53:00] 
[22:53:00] === Discovering from: University Club ===
[22:53:05]   Clicked first search result...
[22:53:09]   Scrolling to find recommendations...
[22:53:16]   Extracting cards...
[22:53:17]   Found 5 'People also search for' results
[22:53:17]   Found 5 total recommendations
[22:53:27]   Added 5 new venues from University Club
[22:53:32] 
[22:53:32] === Discovery Complete — Total new venues: 0 ===

[17:27:41] === Venue Discovery Started ===
[17:27:41] Fetching past gigs...
[17:27:44] Found 12 past gigs
[17:27:44] Fetching existing venues for dedup...
[17:27:47] Existing venues: 60
[17:27:47]   SKIP (already discovered): L'Auberge Chez Francois
[17:27:47]   SKIP (already discovered): The Inn at Perry Cabin
[17:27:47]   SKIP (already discovered): The Maryland Club
[17:27:47]   SKIP (already discovered): Black Ankle Vineyards
[17:27:47]   SKIP (already discovered): Royal Restaurant
[17:27:47]   SKIP (already discovered): Good Spirit Farm Winery
[17:27:47]   SKIP (already discovered): Chesapeake Manor Vineyard
[17:27:47]   SKIP (already discovered): Elkridge Furnace Inn
[17:27:47]   SKIP (already discovered): Xella Winery and Vineyard
[17:27:47]   SKIP (already discovered): Twin Oaks Tavern Winery
[17:27:47]   SKIP (already discovered): Windridge Vineyards
[17:27:47]   SKIP (already discovered): University Club
[17:27:47] 
[17:27:47] === Discovery Complete — Total new venues: 0 ===

[17:29:03] === Venue Discovery Started ===
[17:29:03] Fetching past gigs...
[17:29:05] Found 12 past gigs
[17:29:05] Fetching existing venues for dedup...
[17:29:07] Existing venues: 60
[17:29:07]   SKIP (already discovered): L'Auberge Chez Francois
[17:29:07]   SKIP (already discovered): The Inn at Perry Cabin
[17:29:07]   SKIP (already discovered): The Maryland Club
[17:29:07]   SKIP (already discovered): Black Ankle Vineyards
[17:29:07]   SKIP (already discovered): Royal Restaurant
[17:29:07]   SKIP (already discovered): Good Spirit Farm Winery
[17:29:07]   SKIP (already discovered): Chesapeake Manor Vineyard
[17:29:07]   SKIP (already discovered): Elkridge Furnace Inn
[17:29:07]   SKIP (already discovered): Xella Winery and Vineyard
[17:29:07]   SKIP (already discovered): Twin Oaks Tavern Winery
[17:29:07]   SKIP (already discovered): Windridge Vineyards
[17:29:07]   SKIP (already discovered): University Club
[17:29:07] 
[17:29:07] === Discovery Complete — Total new venues: 0 ===

[17:31:56] === Venue Discovery Started ===
[17:31:56] Fetching past gigs...
[17:31:59] Found 12 past gigs
[17:31:59] Fetching existing venues for dedup...
[17:32:01] Existing venues: 60
[17:32:01]   SKIP (already discovered): L'Auberge Chez Francois
[17:32:01]   SKIP (already discovered): The Inn at Perry Cabin
[17:32:01]   SKIP (already discovered): The Maryland Club
[17:32:01]   SKIP (already discovered): Black Ankle Vineyards
[17:32:01]   SKIP (already discovered): Royal Restaurant
[17:32:01]   SKIP (already discovered): Good Spirit Farm Winery
[17:32:01]   SKIP (already discovered): Chesapeake Manor Vineyard
[17:32:01]   SKIP (already discovered): Elkridge Furnace Inn
[17:32:01]   SKIP (already discovered): Xella Winery and Vineyard
[17:32:01]   SKIP (already discovered): Twin Oaks Tavern Winery
[17:32:01]   SKIP (already discovered): Windridge Vineyards
[17:32:01]   SKIP (already discovered): University Club
[17:32:01] 
[17:32:01] === Discovery Complete — Total new venues: 0 ===

[17:41:59] === Venue Discovery Started ===
[17:41:59] Fetching past gigs...
[17:42:01] Found 12 past gigs
[17:42:01] Fetching existing venues for dedup...
[17:42:04] Existing venues: 60
[17:42:04]   SKIP (already discovered): L'Auberge Chez Francois
[17:42:04]   SKIP (already discovered): The Inn at Perry Cabin
[17:42:04]   SKIP (already discovered): The Maryland Club
[17:42:04]   SKIP (already discovered): Black Ankle Vineyards
[17:42:04]   SKIP (already discovered): Royal Restaurant
[17:42:04]   SKIP (already discovered): Good Spirit Farm Winery
[17:42:04]   SKIP (already discovered): Chesapeake Manor Vineyard
[17:42:04]   SKIP (already discovered): Elkridge Furnace Inn
[17:42:04]   SKIP (already discovered): Xella Winery and Vineyard
[17:42:04]   SKIP (already discovered): Twin Oaks Tavern Winery
[17:42:04]   SKIP (already discovered): Windridge Vineyards
[17:42:04]   SKIP (already discovered): University Club
[17:42:04] 
[17:42:04] === Discovery Complete — Total new venues: 0 ===

[17:58:34] === Venue Discovery Started ===
[17:58:34] Fetching past gigs...
[17:58:38] Found 12 past gigs
[17:58:38] Fetching existing venues for dedup...
[17:58:42] Existing venues: 60
[17:58:42]   SKIP (already discovered): L'Auberge Chez Francois
[17:58:42]   SKIP (already discovered): The Inn at Perry Cabin
[17:58:42]   SKIP (already discovered): The Maryland Club
[17:58:42]   SKIP (already discovered): Black Ankle Vineyards
[17:58:42]   SKIP (already discovered): Royal Restaurant
[17:58:42]   SKIP (already discovered): Good Spirit Farm Winery
[17:58:42]   SKIP (already discovered): Chesapeake Manor Vineyard
[17:58:42]   SKIP (already discovered): Elkridge Furnace Inn
[17:58:42]   SKIP (already discovered): Xella Winery and Vineyard
[17:58:42]   SKIP (already discovered): Twin Oaks Tavern Winery
[17:58:42]   SKIP (already discovered): Windridge Vineyards
[17:58:42]   SKIP (already discovered): University Club
[17:58:42] 
[17:58:42] === Discovery Complete — Total new venues: 0 ===

[18:00:50] === Venue Discovery Started ===
[18:00:50] Fetching past gigs...
[18:00:52] Found 12 past gigs
[18:00:52] Fetching existing venues for dedup...
[18:00:54] Existing venues: 60
[18:00:55]   SKIP (already discovered): L'Auberge Chez Francois
[18:00:55]   SKIP (already discovered): The Inn at Perry Cabin
[18:00:55]   SKIP (already discovered): The Maryland Club
[18:00:55]   SKIP (already discovered): Black Ankle Vineyards
[18:00:55]   SKIP (already discovered): Royal Restaurant
[18:00:55]   SKIP (already discovered): Good Spirit Farm Winery
[18:00:55]   SKIP (already discovered): Chesapeake Manor Vineyard
[18:00:55]   SKIP (already discovered): Elkridge Furnace Inn
[18:00:55]   SKIP (already discovered): Xella Winery and Vineyard
[18:00:55]   SKIP (already discovered): Twin Oaks Tavern Winery
[18:00:55]   SKIP (already discovered): Windridge Vineyards
[18:00:55]   SKIP (already discovered): University Club
[18:00:55] 
[18:00:55] === Discovery Complete — Total new venues: 0 ===

[18:52:56] === Venue Discovery Started ===
[18:52:56] Fetching past gigs...
[18:52:59] Found 12 past gigs
[18:52:59] Fetching existing venues for dedup...
[18:53:02] Existing venues: 60
[18:53:02] 
[18:53:02] === Discovering from: L'Auberge Chez Francois ===

[18:56:13] === Venue Discovery Started ===
[18:56:13] Fetching past gigs...
[18:56:17] Found 12 past gigs
[18:56:17] Fetching existing venues for dedup...
[18:56:20] Existing venues: 60
[18:56:20] 
[18:56:20] === Discovering from: L'Auberge Chez Francois ===
[18:56:20] Cleaning up discovered_gigs.txt...
[18:56:26] 
[18:56:26] === Discovery Complete — Total new venues: 0 ===

[19:00:39] === Venue Discovery Started ===
[19:00:39] Fetching past gigs...
[19:00:42] Found 12 past gigs
[19:00:42] Fetching existing venues for dedup...
[19:00:44] Existing venues: 60
[19:00:44] 
[19:00:44] === Discovering from: L'Auberge Chez Francois ===
[19:00:50]   Scrolling to find recommendations...
[19:00:57]   Extracting cards...
[19:00:57]   Found 5 'People also search for' results
[19:00:57]   Found 5 total recommendations
[19:00:57]   Added 0 new venues from L'Auberge Chez Francois

[19:02:21] === Venue Discovery Started ===
[19:02:21] Fetching past gigs...

[19:09:49] === Venue Discovery Started ===
[19:09:49] Fetching past gigs...
[19:09:53] Found 12 past gigs
[19:09:53] Fetching existing venues for dedup...
[19:09:55] Existing venues: 60
[19:09:55]   SKIP (already discovered): L'Auberge Chez Francois
[19:09:55] 
[19:09:55] === Discovering from: The Inn at Perry Cabin ===
[19:10:00]   Scrolling to find recommendations...
[19:10:07]   Extracting cards...
[19:10:07]   No 'People also search for' found
[19:10:07]   Clicked 'View more' — loading expanded list...

[19:10:38] === Venue Discovery Started ===
[19:10:38] Fetching past gigs...
[19:10:41] Found 12 past gigs
[19:10:41] Fetching existing venues for dedup...

[19:15:24] === Venue Discovery Started ===
[19:15:24] Fetching past gigs...

[19:16:08] === Venue Discovery Started ===
[19:16:08] Fetching past gigs...
[19:16:11] Found 12 past gigs
[19:16:11] Fetching existing venues for dedup...
[19:16:13] Existing venues: 60
[19:16:13]   SKIP (already discovered): L'Auberge Chez Francois
[19:16:13]   SKIP (already discovered): The Inn at Perry Cabin
[19:16:13]   SKIP (already discovered): The Maryland Club
[19:16:13]   SKIP (already discovered): Black Ankle Vineyards
[19:16:13]   SKIP (already discovered): Royal Restaurant
[19:16:13]   SKIP (already discovered): Good Spirit Farm Winery
[19:16:13]   SKIP (already discovered): Chesapeake Manor Vineyard
[19:16:13]   SKIP (already discovered): Elkridge Furnace Inn
[19:16:13]   SKIP (already discovered): Xella Winery and Vineyard
[19:16:13]   SKIP (already discovered): Twin Oaks Tavern Winery
[19:16:13]   SKIP (already discovered): Windridge Vineyards
[19:16:13]   SKIP (already discovered): University Club
[19:16:13] Cleaning up discovered_gigs.txt...
[19:16:20] 
[19:16:20] === Discovery Complete — Total new venues: 0 ===

[19:22:51] === Venue Discovery Started ===
[19:22:51] Fetching past gigs...
[19:22:53] Found 12 past gigs
[19:22:53] Fetching existing venues for dedup...
[19:22:56] Existing venues: 61
[19:22:56] 
[19:22:56] === Discovering from: L'Auberge Chez Francois ===
[19:23:01]   Scrolling to find recommendations...

[19:28:29] === Venue Discovery Started ===
[19:28:29] Fetching past gigs...
[19:28:32] Found 12 past gigs
[19:28:32] Fetching existing venues for dedup...
[19:28:34] Existing venues: 61
[19:28:34]   SKIP (already discovered): L'Auberge Chez Francois
[19:28:34]   SKIP (already discovered): The Inn at Perry Cabin
[19:28:34]   SKIP (already discovered): The Maryland Club
[19:28:34]   SKIP (already discovered): Black Ankle Vineyards
[19:28:34]   SKIP (already discovered): Royal Restaurant
[19:28:34]   SKIP (already discovered): Good Spirit Farm Winery
[19:28:34]   SKIP (already discovered): Chesapeake Manor Vineyard
[19:28:34]   SKIP (already discovered): Elkridge Furnace Inn
[19:28:34]   SKIP (already discovered): Xella Winery and Vineyard
[19:28:34]   SKIP (already discovered): Twin Oaks Tavern Winery
[19:28:34]   SKIP (already discovered): Windridge Vineyards
[19:28:34]   SKIP (already discovered): University Club
[19:28:34] Cleaning up discovered_gigs.txt...
[19:28:42] 
[19:28:42] === Discovery Complete — Total new venues: 0 ===

[19:38:45] === Venue Discovery Started ===
[19:38:45] Fetching past gigs...
[19:38:47] Found 13 past gigs
[19:38:47] Fetching existing venues for dedup...
[19:38:48] Existing venues: 61
[19:38:49]   SKIP (already discovered): L'Auberge Chez Francois
[19:38:49]   SKIP (already discovered): The Inn at Perry Cabin
[19:38:49]   SKIP (already discovered): The Maryland Club
[19:38:49]   SKIP (already discovered): Black Ankle Vineyards
[19:38:49]   SKIP (already discovered): Royal Restaurant
[19:38:49]   SKIP (already discovered): Good Spirit Farm Winery
[19:38:49]   SKIP (already discovered): Chesapeake Manor Vineyard
[19:38:49]   SKIP (already discovered): Elkridge Furnace Inn
[19:38:49]   SKIP (already discovered): Xella Winery and Vineyard
[19:38:49]   SKIP (already discovered): Twin Oaks Tavern Winery
[19:38:49]   SKIP (already discovered): Windridge Vineyards
[19:38:49]   SKIP (already discovered): University Club
[19:38:49] 
[19:38:49] === Discovering from: The Farmhouse Tuscan ===
[19:38:55]   Scrolling to find recommendations...
[19:39:00]   Extracting cards...
[19:39:01]   Found 5 'People also search for' results
[19:39:01]   Found 5 total recommendations
[19:39:17]   Added 5 new venues from The Farmhouse Tuscan
[19:39:17]   [WEBSITE] Looking up: 
[19:39:20]     No website found
[19:39:21]   [WEBSITE] Looking up: 
[19:39:24]     No website found
[19:39:25]   [WEBSITE] Looking up: 
[19:39:29]     No website found
[19:39:30]   [WEBSITE] Looking up: 
[19:39:33]     No website found
[19:39:34]   [WEBSITE] Looking up: 
[19:39:37]     No website found
[19:39:41] Cleaning up discovered_gigs.txt...
[19:39:46] 
[19:39:46] === Discovery Complete — Total new venues: 0 ===

[19:56:49] === Venue Discovery Started ===
[19:56:49] Fetching past gigs...
[19:56:51] Found 13 past gigs
[19:56:51] Fetching existing venues for dedup...
[19:56:54] Existing venues: 66
[19:56:54]   SKIP (already discovered): L'Auberge Chez Francois
[19:56:54]   SKIP (already discovered): The Inn at Perry Cabin
[19:56:54]   SKIP (already discovered): The Maryland Club
[19:56:54]   SKIP (already discovered): Black Ankle Vineyards
[19:56:54]   SKIP (already discovered): Royal Restaurant
[19:56:54]   SKIP (already discovered): Good Spirit Farm Winery
[19:56:54]   SKIP (already discovered): Chesapeake Manor Vineyard
[19:56:54]   SKIP (already discovered): Elkridge Furnace Inn
[19:56:54]   SKIP (already discovered): Xella Winery and Vineyard
[19:56:54]   SKIP (already discovered): Twin Oaks Tavern Winery
[19:56:54]   SKIP (already discovered): Windridge Vineyards
[19:56:54]   SKIP (already discovered): University Club
[19:56:54]   SKIP (already discovered): The Farmhouse Tuscan
[19:56:54] Cleaning up discovered_gigs.txt...
[19:56:59] 
[19:56:59] === Discovery Complete — Total new venues: 0 ===

[20:22:02] === Venue Discovery Started ===
[20:22:02] Fetching past gigs...
[20:22:05] Found 14 past gigs
[20:22:05] Fetching existing venues for dedup...
[20:22:06] Existing venues: 66
[20:22:06]   SKIP (already discovered): L'Auberge Chez Francois
[20:22:06]   SKIP (already discovered): The Inn at Perry Cabin
[20:22:06]   SKIP (already discovered): The Maryland Club
[20:22:06]   SKIP (already discovered): Black Ankle Vineyards
[20:22:06]   SKIP (already discovered): Royal Restaurant
[20:22:06]   SKIP (already discovered): Good Spirit Farm Winery
[20:22:06]   SKIP (already discovered): Chesapeake Manor Vineyard
[20:22:06]   SKIP (already discovered): Elkridge Furnace Inn
[20:22:06]   SKIP (already discovered): Xella Winery and Vineyard
[20:22:06]   SKIP (already discovered): Twin Oaks Tavern Winery
[20:22:06]   SKIP (already discovered): Windridge Vineyards
[20:22:06]   SKIP (already discovered): University Club
[20:22:06]   SKIP (already discovered): The Farmhouse Tuscan
[20:22:06] 
[20:22:06] === Discovering from: Big Cork Vineyards ===
[20:22:11]   Scrolling to find recommendations...
[20:22:16]   Extracting cards...
[20:22:16]   Found 5 'People also search for' results
[20:22:17]   Found 5 total recommendations

[20:24:15] === Venue Discovery Started ===
[20:24:15] Fetching past gigs...
[20:24:24] Found 14 past gigs
[20:24:24] Fetching existing venues for dedup...
[20:24:27] Existing venues: 66
[20:24:27]   SKIP (already discovered): L'Auberge Chez Francois
[20:24:27]   SKIP (already discovered): The Inn at Perry Cabin
[20:24:27]   SKIP (already discovered): The Maryland Club
[20:24:27]   SKIP (already discovered): Black Ankle Vineyards
[20:24:27]   SKIP (already discovered): Royal Restaurant
[20:24:27]   SKIP (already discovered): Good Spirit Farm Winery
[20:24:27]   SKIP (already discovered): Chesapeake Manor Vineyard
[20:24:27]   SKIP (already discovered): Elkridge Furnace Inn
[20:24:27]   SKIP (already discovered): Xella Winery and Vineyard
[20:24:27]   SKIP (already discovered): Twin Oaks Tavern Winery
[20:24:27]   SKIP (already discovered): Windridge Vineyards
[20:24:27]   SKIP (already discovered): University Club
[20:24:27]   SKIP (already discovered): The Farmhouse Tuscan
[20:24:27] 
[20:24:27] === Discovering from: Big Cork Vineyards ===
[20:24:34]   Scrolling to find recommendations...
[20:24:40]   Extracting cards...
[20:24:40]   Found 5 'People also search for' results
[20:24:41]   Found 5 total recommendations
[20:24:49]   Added 3 new venues from Big Cork Vineyards
[20:24:49]   [WEBSITE] Looking up: Antietam Creek Vineyards
[20:24:52]     Website: https://www.antietamcreekvineyards.com
[20:25:27]   [WEBSITE] Looking up: Black Ankle Vineyards
[20:25:30]     Website: https://www.blackankle.com
[20:25:36]   [WEBSITE] Looking up: Orchid Cellar Meadery and Winery
[20:25:39]     Website: https://www.orchidcellar.com
[20:25:47] Cleaning up discovered_gigs.txt...
[20:25:52] 
[20:25:52] === Discovery Complete — Total new venues: 3 ===

[21:20:45] === Venue Discovery Started ===
[21:20:45] Fetching past gigs...
[21:20:47] Found 14 past gigs
[21:20:47] Fetching existing venues for dedup...

[21:21:47] === Venue Discovery Started ===
[21:21:47] Fetching past gigs...
[21:21:50] Found 14 past gigs
[21:21:50] Fetching existing venues for dedup...
[21:21:53] Existing venues: 69
[21:21:53]   SKIP (already discovered): L'Auberge Chez Francois
[21:21:53]   SKIP (already discovered): The Inn at Perry Cabin
[21:21:53]   SKIP (already discovered): The Maryland Club
[21:21:53]   SKIP (already discovered): Black Ankle Vineyards
[21:21:53]   SKIP (already discovered): Royal Restaurant
[21:21:53]   SKIP (already discovered): Good Spirit Farm Winery
[21:21:53]   SKIP (already discovered): Chesapeake Manor Vineyard
[21:21:53]   SKIP (already discovered): Elkridge Furnace Inn
[21:21:53]   SKIP (already discovered): Xella Winery and Vineyard
[21:21:53]   SKIP (already discovered): Twin Oaks Tavern Winery
[21:21:53]   SKIP (already discovered): Windridge Vineyards
[21:21:53]   SKIP (already discovered): University Club
[21:21:53]   SKIP (already discovered): The Farmhouse Tuscan
[21:21:53]   SKIP (already discovered): Big Cork Vineyards
[21:21:53] Cleaning up discovered_gigs.txt...
[21:21:59] 
[21:21:59] === Discovery Complete — Total new venues: 0 ===

[16:26:34] === Venue Discovery Started ===
[16:26:34] Fetching past gigs...
[16:26:38] Found 14 past gigs
[16:26:38] Fetching existing venues for dedup...
[16:26:40] Existing venues: 69
[16:26:40]   SKIP (already discovered): L'Auberge Chez Francois
[16:26:40]   SKIP (already discovered): The Inn at Perry Cabin
[16:26:40]   SKIP (already discovered): The Maryland Club
[16:26:40]   SKIP (already discovered): Black Ankle Vineyards
[16:26:40]   SKIP (already discovered): Royal Restaurant
[16:26:40]   SKIP (already discovered): Good Spirit Farm Winery
[16:26:40]   SKIP (already discovered): Chesapeake Manor Vineyard
[16:26:40]   SKIP (already discovered): Elkridge Furnace Inn
[16:26:40]   SKIP (already discovered): Xella Winery and Vineyard
[16:26:40]   SKIP (already discovered): Twin Oaks Tavern Winery
[16:26:40]   SKIP (already discovered): Windridge Vineyards
[16:26:40]   SKIP (already discovered): University Club
[16:26:40]   SKIP (already discovered): The Farmhouse Tuscan
[16:26:40]   SKIP (already discovered): Big Cork Vineyards
[16:26:40] Cleaning up discovered_gigs.txt...
[16:26:44] 
[16:26:44] === Discovery Complete — Total new venues: 0 ===

[17:26:41] === Venue Discovery Started ===
[17:26:41] Fetching past gigs...
[17:26:44] Found 18 past gigs
[17:26:44] Fetching existing venues for dedup...
[17:26:45] Existing venues: 69
[17:26:45]   SKIP (already discovered): L'Auberge Chez Francois
[17:26:45]   SKIP (already discovered): The Inn at Perry Cabin
[17:26:45]   SKIP (already discovered): The Maryland Club
[17:26:45]   SKIP (already discovered): Black Ankle Vineyards
[17:26:45]   SKIP (already discovered): Royal Restaurant
[17:26:45]   SKIP (already discovered): Good Spirit Farm Winery
[17:26:45]   SKIP (already discovered): Chesapeake Manor Vineyard
[17:26:45]   SKIP (already discovered): Elkridge Furnace Inn
[17:26:45]   SKIP (already discovered): Xella Winery and Vineyard
[17:26:45]   SKIP (already discovered): Twin Oaks Tavern Winery
[17:26:45]   SKIP (already discovered): Windridge Vineyards
[17:26:45]   SKIP (already discovered): University Club
[17:26:45]   SKIP (already discovered): The Farmhouse Tuscan
[17:26:45]   SKIP (already discovered): Big Cork Vineyards
[17:26:45] 
[17:26:45] === Discovering from: Savage Mill Mall ===
[17:26:45]   (searching: Savage Mill Mall Savage, MD)
[17:26:51]   Scrolling to find recommendations...
[17:26:57]   Extracting cards...
[17:26:57]   Found 5 'People also search for' results
[17:26:58]   Found 5 total recommendations
[17:27:13]   Added 5 new venues from Savage Mill Mall
[17:27:13]   [WEBSITE] Looking up: The Antique Center at Historic Savage Mill
[17:27:17]     Website: https://www.savagemill.com › Merchants
[17:27:20]   [WEBSITE] Looking up: Historic Savage Mill Company Store Building
[17:27:23]     Website: https://data.howardcountymd.gov › Historic_Sites
[17:27:27]   [WEBSITE] Looking up: Dive Bar and Grille (Savage Mill)
[17:27:30]     Website: https://www.divebarandgrille.com › savage-mills
[17:27:34]   [WEBSITE] Looking up: Roggenart European Bakery, Bistro & Cafe
[17:27:37]     Website: https://roggenart.com
[17:27:42]   [WEBSITE] Looking up: Bearing Gifts
[17:27:45]     Website: https://www.dictionary.com › browse › beware-of-greeks...
[17:27:51] 
[17:27:51] === Discovering from: Trueman Vineyards ===
[17:27:57]   Scrolling to find recommendations...
[17:28:02]   Extracting cards...
[17:28:02]   Found 3 'People also search for' results
[17:28:02]   Found 3 total recommendations
[17:28:08]   Added 2 new venues from Trueman Vineyards
[17:28:08]   [WEBSITE] Looking up: Two Lions Vineyards
[17:28:11]     Website: https://twolionsvineyards.com
[17:28:14]   [WEBSITE] Looking up: Tree of Kings
[17:28:18]     Website: https://robert-eggers.fandom.com › wiki › Tree_of_Kings
[17:28:24] 
[17:28:24] === Discovering from: Williams Gap Vineyard ===
[17:28:31]   Scrolling to find recommendations...
[17:28:37]   Extracting cards...
[17:28:37]   Found 5 'People also search for' results
[17:28:37]   Found 5 total recommendations
[17:28:43]   Added 2 new venues from Williams Gap Vineyard
[17:28:43]   [WEBSITE] Looking up: Good Spirit Farm
[17:28:47]     Website: https://www.goodspiritfarmva.com
[17:28:51]   [WEBSITE] Looking up: Hillsborough Vineyards & Brewery
[17:28:55]     Website: https://www.hillsboroughwine.com
[17:29:03]   MAX_GIGS=3 reached — stopping.
[17:29:03] Cleaning up discovered_gigs.txt...
[17:29:09] Calculating distances for new venues...
[17:29:11]   Distances calculated: 0
[17:29:11] 
[17:29:11] === Discovery Complete — Total new venues: 9 ===

[19:36:12] === Venue Discovery Started ===
[19:36:12] Fetching past gigs...
[19:36:14] Found 18 past gigs
[19:36:14] Fetching existing venues for dedup...
[19:36:16] Existing venues: 77
[19:36:16]   SKIP (already discovered): L'Auberge Chez Francois
[19:36:16]   SKIP (already discovered): The Inn at Perry Cabin
[19:36:16]   SKIP (already discovered): The Maryland Club
[19:36:16]   SKIP (already discovered): Black Ankle Vineyards
[19:36:16]   SKIP (already discovered): Royal Restaurant
[19:36:16]   SKIP (already discovered): Good Spirit Farm Winery
[19:36:16]   SKIP (already discovered): Chesapeake Manor Vineyard
[19:36:16]   SKIP (already discovered): Elkridge Furnace Inn
[19:36:16]   SKIP (already discovered): Xella Winery and Vineyard
[19:36:16]   SKIP (already discovered): Twin Oaks Tavern Winery
[19:36:16]   SKIP (already discovered): Windridge Vineyards
[19:36:16]   SKIP (already discovered): University Club
[19:36:16]   SKIP (already discovered): The Farmhouse Tuscan
[19:36:16]   SKIP (already discovered): Big Cork Vineyards
[19:36:16]   SKIP (already discovered): Savage Mill Mall
[19:36:16]   SKIP (already discovered): Trueman Vineyards
[19:36:16]   SKIP (already discovered): Williams Gap Vineyard
[19:36:16] 
[19:36:16] === Discovering from: Hello Betty Bethesda ===

[19:50:14] === Venue Discovery Started ===
[19:50:14] Fetching past gigs...
[19:50:16] Found 22 past gigs
[19:50:16] Fetching existing venues for dedup...
[19:50:21] Existing venues: 78
[19:50:21]   SKIP (already discovered): L'Auberge Chez Francois
[19:50:21]   SKIP (already discovered): The Inn at Perry Cabin
[19:50:21]   SKIP (already discovered): The Maryland Club
[19:50:21]   SKIP (already discovered): Black Ankle Vineyards
[19:50:21]   SKIP (already discovered): Royal Restaurant
[19:50:21]   SKIP (already discovered): Good Spirit Farm Winery
[19:50:21]   SKIP (already discovered): Chesapeake Manor Vineyard
[19:50:21]   SKIP (already discovered): Elkridge Furnace Inn
[19:50:21]   SKIP (already discovered): Xella Winery and Vineyard
[19:50:21]   SKIP (already discovered): Twin Oaks Tavern Winery
[19:50:21]   SKIP (already discovered): Windridge Vineyards
[19:50:21]   SKIP (already discovered): University Club
[19:50:21]   SKIP (already discovered): The Farmhouse Tuscan
[19:50:21]   SKIP (already discovered): Big Cork Vineyards
[19:50:21]   SKIP (already discovered): Savage Mill Mall
[19:50:21]   SKIP (already discovered): Trueman Vineyards
[19:50:21]   SKIP (already discovered): Williams Gap Vineyard
[19:50:21] 
[19:50:21] === Discovering from: Hello Betty Bethesda ===
[19:50:27]   Scrolling to find recommendations...
[19:50:32]   Extracting cards...
[19:50:33]   Found 5 'People also search for' results
[19:50:33]   Found 5 total recommendations
[19:50:49]   Added 5 new venues from Hello Betty Bethesda
[19:50:49]   [WEBSITE] Looking up: Melina
[19:50:52]     Website: https://www.melinagreek.com
[19:50:56]   [WEBSITE] Looking up: City Perch Kitchen + Bar
[19:50:59]     Website: https://www.cityperch.com
[19:51:03]   [WEBSITE] Looking up: Seasons 52
[19:51:06]     Website: https://www.seasons52.com › locations › columbia
[19:51:09]   [WEBSITE] Looking up: Owen's Tavern & Garden
[19:51:13]     No website found
[19:51:14]   [WEBSITE] Looking up: Julii
[19:51:17]     Website: https://www.julii.com
[19:51:26] 
[19:51:26] === Discovering from: The Madison Hotel ===
[19:51:32]   Clicked first search result...
[19:51:35]   Scrolling to find recommendations...
[19:51:42]   Extracting cards...
[19:51:43]   No 'People also search for' found
[19:51:43]   Clicked 'View more' — loading expanded list...
[19:51:47]   Expanded list: found 6 venues
[19:51:50]   Found 19 total recommendations
[19:52:36]   Added 15 new venues from The Madison Hotel
[19:52:36]   [WEBSITE] Looking up: Hotel Zena Washington DC
[19:52:40]     Website: https://www.viceroyhotelsandresorts.com › zena
[19:52:44]   [WEBSITE] Looking up: Washington Plaza Hotel
[19:52:47]     Website: https://www.washingtonplazahotel.com
[19:52:51]   [WEBSITE] Looking up: Capital Hilton
[19:52:54]     Website: https://www.hilton.com › ... › Washington Hotels
[19:52:58]   [WEBSITE] Looking up: The Westin Washington, D.C. City Center
[19:53:01]     Website: https://www.marriott.com › USA › District Of Columbia
[19:53:05]   [WEBSITE] Looking up: The Darcy
[19:53:09]     Website: https://www.thedarcyhotel.com
[19:53:13]   [WEBSITE] Looking up: Hamilton Hotel
[19:53:16]     Website: https://www.hamiltonhoteldc.com
[19:53:20]   [WEBSITE] Looking up: Viceroy Washington DC
[19:53:23]     Website: https://www.viceroyhotelsandresorts.com › washington-dc
[19:53:26]   [WEBSITE] Looking up: Canopy by Hilton Washington DC Embassy Row
[19:53:30]     Website: https://www.hilton.com › ... › Washington Hotels
[19:53:33]   [WEBSITE] Looking up: Luxury, Historic 4BD Rowhouse in the Heart of DC!
[19:53:37]     Website: https://www.airbnb.com › ... › Southern United States
[19:53:39]   [WEBSITE] Looking up: Sojourn in DuPont Circle
[19:53:42]     Website: https://www.airbnb.com › ... › Southern United States
[19:53:45]   [WEBSITE] Looking up: Sojourn at DuPont Place 9
[19:53:49]     Website: https://www.sojourndc.com › property
[19:53:52]   [WEBSITE] Looking up: Be neighbors w/Bezos & Obama! Kalorama APT w/PRKNG
[19:53:55]     Website: https://www.airbnb.com › ... › Southern United States
[19:53:59]   [WEBSITE] Looking up: The Georgetown House Inn
[19:54:02]     Website: https://www.thegeorgetownhousedc.com
[19:54:06]   [WEBSITE] Looking up: Steps from Metro 1BR | Upscale Amenities | Noma
[19:54:09]     Website: https://www.vrbo.com › ... › Washington
[19:54:12]   [WEBSITE] Looking up: The Greenbrier
[19:54:15]     Website: https://www.greenbrier.com
[19:54:21] 
[19:54:21] === Discovering from: Belle Haven Country Club ===
[19:54:27]   Scrolling to find recommendations...
[19:54:32]   Extracting cards...
[19:54:32]   Found 5 'People also search for' results
[19:54:32]   Found 5 total recommendations
[19:54:45]   Added 4 new venues from Belle Haven Country Club
[19:54:45]   [WEBSITE] Looking up: Mount Vernon Country Club
[19:54:48]     Website: https://www.mountvernoncc.org
[19:54:51]   [WEBSITE] Looking up: Army Navy Country Club
[19:54:54]     Website: https://www.ancc.org › Club › Scripts › Home
[19:54:57]   [WEBSITE] Looking up: Washington Golf & Country Club
[19:55:01]     Website: https://www.washingtongolfcc.org
[19:55:04]   [WEBSITE] Looking up: Pohick Bay Golf Course
[19:55:07]     Website: https://www.novaparks.com › golf › pohick-bay-golf-c...
[19:55:13]   SKIP (already discovered): Belle Haven Country Club
[19:55:13] 
[19:55:13] === Discovering from: Casanel Vineyards & Winery ===
[19:55:19]   Scrolling to find recommendations...
[19:55:26]   Extracting cards...
[19:55:26]   Found 5 'People also search for' results
[19:55:26]   Found 5 total recommendations
[19:55:36]   Added 4 new venues from Casanel Vineyards & Winery
[19:55:36]   [WEBSITE] Looking up: Stone Tower Winery
[19:55:39]     Website: https://www.stonetowerwinery.com
[19:55:43]   [WEBSITE] Looking up: Hidden Brook Winery
[19:55:46]     Website: http://www.hiddenbrookwinery.com
[19:55:49]   [WEBSITE] Looking up: Fabbioli Cellars
[19:55:52]     Website: https://www.fabbioliwines.com
[19:55:55]   [WEBSITE] Looking up: Cana Vineyards and Winery of Middleburg
[19:55:59]     Website: https://canavineyards.com
[19:56:04] Cleaning up discovered_gigs.txt...
[19:56:10] Calculating distances for new venues...
[19:56:12]   Distances calculated: 0
[19:56:12] 
[19:56:12] === Discovery Complete — Total new venues: 28 ===

[14:00:56] === Venue Discovery Started ===
[14:00:56] Fetching past gigs...
[14:00:58] No past gigs found. Add some gigs first!

[14:22:03] === Venue Discovery Started ===
[14:22:03] Fetching past gigs...
[14:22:05] Found 69 past gigs
[14:22:05] Fetching existing venues for dedup...

[14:35:50] === Venue Discovery Started ===
[14:35:50] Fetching past gigs...
[14:35:55] Found 69 past gigs
[14:35:55] Fetching existing venues for dedup...
[14:36:00] Existing venues: 129
[14:36:00]   SKIP (already discovered): L'Auberge Chez Francois
[14:36:00]   SKIP (already discovered): The Inn at Perry Cabin
[14:36:00]   SKIP (already discovered): The Maryland Club
[14:36:00]   SKIP (already discovered): Black Ankle Vineyards
[14:36:00]   SKIP (already discovered): Royal Restaurant
[14:36:00]   SKIP (already discovered): Good Spirit Farm Winery
[14:36:00]   SKIP (already discovered): Chesapeake Manor Vineyard
[14:36:00]   SKIP (already discovered): Elkridge Furnace Inn
[14:36:00]   SKIP (already discovered): Xella Winery and Vineyard
[14:36:00]   SKIP (already discovered): Twin Oaks Tavern Winery
[14:36:00]   SKIP (already discovered): Windridge Vineyards
[14:36:00]   SKIP (already discovered): University Club
[14:36:00]   SKIP (already discovered): The Farmhouse Tuscan
[14:36:00]   SKIP (already discovered): Big Cork Vineyards
[14:36:00]   SKIP (already discovered): Savage Mill Mall
[14:36:00]   SKIP (already discovered): Trueman Vineyards
[14:36:00]   SKIP (already discovered): Williams Gap Vineyard
[14:36:00]   SKIP (already discovered): Hello Betty Bethesda
[14:36:00]   SKIP (already discovered): The Madison Hotel
[14:36:00]   SKIP (already discovered): Belle Haven Country Club
[14:36:00]   SKIP (already discovered): Casanel Vineyards & Winery
[14:36:00] 
[14:36:00] === Discovering from: Chrysalis Vineyards at The Ag District ===
[14:36:07]   Scrolling to find recommendations...

[00:08:15] === Venue Discovery Started ===
[00:08:15] Fetching past gigs...
[00:08:18] Found 69 past gigs
[00:08:18] Fetching existing venues for dedup...
[00:08:21] Existing venues: 150
[00:08:21]   SKIP (already discovered): L'Auberge Chez Francois
[00:08:21]   SKIP (already discovered): The Inn at Perry Cabin
[00:08:21]   SKIP (already discovered): The Maryland Club
[00:08:21]   SKIP (already discovered): Black Ankle Vineyards
[00:08:21]   SKIP (already discovered): Royal Restaurant
[00:08:21]   SKIP (already discovered): Good Spirit Farm Winery
[00:08:21]   SKIP (already discovered): Chesapeake Manor Vineyard
[00:08:21]   SKIP (already discovered): Elkridge Furnace Inn
[00:08:21]   SKIP (already discovered): Xella Winery and Vineyard
[00:08:21]   SKIP (already discovered): Twin Oaks Tavern Winery
[00:08:21]   SKIP (already discovered): Windridge Vineyards
[00:08:21]   SKIP (already discovered): University Club
[00:08:21]   SKIP (already discovered): The Farmhouse Tuscan
[00:08:21]   SKIP (already discovered): Big Cork Vineyards
[00:08:21]   SKIP (already discovered): Savage Mill Mall
[00:08:21]   SKIP (already discovered): Trueman Vineyards
[00:08:21]   SKIP (already discovered): Williams Gap Vineyard
[00:08:21]   SKIP (already discovered): Hello Betty Bethesda
[00:08:21]   SKIP (already discovered): The Madison Hotel
[00:08:21]   SKIP (already discovered): Belle Haven Country Club
[00:08:21]   SKIP (already discovered): Casanel Vineyards & Winery
[00:08:21] 
[00:08:21] === Discovering from: Chrysalis Vineyards at The Ag District ===
[00:08:27]   Scrolling to find recommendations...
[00:08:32]   Extracting cards...
[00:08:32]   Found 5 'People also search for' results
[00:08:33]   Found 5 total recommendations
[00:08:51]   Added 4 new venues from Chrysalis Vineyards at The Ag District
[00:08:51]   [WEBSITE] Looking up: Greenhill Vineyards
[00:08:54]     Website: https://experiencegreenhill.com
[00:08:59]   [WEBSITE] Looking up: 50 West Vineyards
[00:09:03]     Website: https://www.50westvineyards.com
[00:09:07]   [WEBSITE] Looking up: Boxwood Estate Winery
[00:09:10]     Website: https://boxwoodwinery.com
[00:09:13]   [WEBSITE] Looking up: Quattro Goombas Winery
[00:09:17]     Website: https://www.quattrogoombas.com
[00:09:24] 
[00:09:24] === Discovering from: Corteau Winery ===
[00:09:31]   Scrolling to find recommendations...
[00:09:37]   Extracting cards...
[00:09:37]   Found 4 'People also search for' results
[00:09:37]   Found 4 total recommendations
[00:09:40]   Added 1 new venues from Corteau Winery
[00:09:40]   [WEBSITE] Looking up: Xella Winery and Vineyard
[00:09:43]     Website: http://www.xellawine.com
[00:09:53] 
[00:09:53] === Discovering from: Penn Oaks Winery ===
[00:09:59]   Scrolling to find recommendations...
[00:10:05]   Extracting cards...
[00:10:06]   Found 4 'People also search for' results
[00:10:06]   Found 4 total recommendations
[00:10:11]   Added 2 new venues from Penn Oaks Winery
[00:10:11]   [WEBSITE] Looking up: Serpent Ridge Vineyard
[00:10:15]     Website: https://serpentridge.com
[00:10:18]   [WEBSITE] Looking up: Boordy Vineyards Inc
[00:10:21]     Website: https://www.boordy.com
[00:10:28] 
[00:10:28] === Discovering from: Pizza Pomodoro ===
[00:10:34]   Clicked first search result...
[00:10:38]   Scrolling to find recommendations...
[00:10:44]   Extracting cards...
[00:10:44]   Found 5 'People also search for' results
[00:10:44]   Found 5 total recommendations
[00:10:55]   Added 3 new venues from Pizza Pomodoro
[00:10:55]   [WEBSITE] Looking up: Ristorante Bonaroti
[00:10:58]     Website: https://bonarotirestaurant.com
[00:11:02]   [WEBSITE] Looking up: Roberto's Ristorante Italiano
[00:11:05]     No website found
[00:11:06]   [WEBSITE] Looking up: North Italia
[00:11:10]     Website: https://www.northitalia.com
[00:11:18] 
[00:11:18] === Discovering from: Hidden Brook Winery ===
[00:11:24]   Scrolling to find recommendations...
[00:11:30]   Extracting cards...
[00:11:30]   Found 4 'People also search for' results
[00:11:31]   Found 4 total recommendations
[00:11:40]   Added 2 new venues from Hidden Brook Winery
[00:11:40]   [WEBSITE] Looking up: Eagletree Farm Winery & Restaurant
[00:11:43]     Website: https://eagletreevineyards.com
[00:11:49]   [WEBSITE] Looking up: Casanel Vineyards & Winery
[00:11:52]     Website: https://www.casanelvineyards.com
[00:11:59] 
[00:11:59] === Discovering from: Simple Theory Wine Co ===
[00:12:04]   Scrolling to find recommendations...
[00:12:10]   Extracting cards...
[00:12:10]   Found 4 'People also search for' results
[00:12:11]   Found 4 total recommendations
[00:12:29]   Added 4 new venues from Simple Theory Wine Co
[00:12:29]   [WEBSITE] Looking up: The Tasting Room
[00:12:32]     Website: https://trrestaurant.com
[00:14:16]   [WEBSITE] Looking up: the Wine Kitchen on the Creek
[00:14:19]     Website: https://www.thewinekitchen.com › location › frederick
[00:14:22]   [WEBSITE] Looking up: Spin the Bottle Wine Company
[00:14:26]     Website: https://spinthebottlewinecompany.com
[00:14:29]   [WEBSITE] Looking up: New Market Plains Vineyards
[00:14:32]     Website: https://www.newmarketplains.com
[00:14:39] 
[00:14:39] === Discovering from: Brightview Perry Hall ===
[00:14:43]   Scrolling to find recommendations...
[00:14:49]   Extracting cards...
[00:14:49]   Found 5 'People also search for' results
[00:14:49]   Found 5 total recommendations
[00:15:02]   Added 4 new venues from Brightview Perry Hall
[00:15:02]   [WEBSITE] Looking up: Victory Assisted Living
[00:15:06]     Website: https://www.victoryhcs.com
[00:15:08]   [WEBSITE] Looking up: Brightwood
[00:15:12]     Website: https://www.brightwoodliving.org
[00:15:16]   [WEBSITE] Looking up: Charter Senior Living
[00:15:19]     Website: https://www.charterofannapolis.com
[00:15:23]   [WEBSITE] Looking up: Ma Maison Senior Assisted Living III
[00:15:26]     Website: https://www.aplaceformom.com › ... › Nottingham, MD
[00:15:33]   MAX_GIGS=7 reached — stopping.
[00:15:33] Cleaning up discovered_gigs.txt...
[00:15:39] Calculating distances for new venues...
[00:15:41]   Distances calculated: 0
[00:15:41] 
[00:15:41] === Discovery Complete — Total new venues: 20 ===

[17:32:26] === Venue Discovery Started ===
[17:32:26] Fetching past gigs...
[17:32:29] Found 69 past gigs
[17:32:29] Fetching existing venues for dedup...
[17:32:33] Existing venues: 172
[17:32:33]   SKIP (already discovered): L'Auberge Chez Francois
[17:32:33]   SKIP (already discovered): The Inn at Perry Cabin
[17:32:33]   SKIP (already discovered): The Maryland Club
[17:32:33]   SKIP (already discovered): Black Ankle Vineyards
[17:32:33]   SKIP (already discovered): Royal Restaurant
[17:32:33]   SKIP (already discovered): Good Spirit Farm Winery
[17:32:33]   SKIP (already discovered): Chesapeake Manor Vineyard
[17:32:33]   SKIP (already discovered): Elkridge Furnace Inn
[17:32:33]   SKIP (already discovered): Xella Winery and Vineyard
[17:32:33]   SKIP (already discovered): Twin Oaks Tavern Winery
[17:32:33]   SKIP (already discovered): Windridge Vineyards
[17:32:33]   SKIP (already discovered): University Club
[17:32:33]   SKIP (already discovered): The Farmhouse Tuscan
[17:32:33]   SKIP (already discovered): Big Cork Vineyards
[17:32:33]   SKIP (already discovered): Savage Mill Mall
[17:32:33]   SKIP (already discovered): Trueman Vineyards
[17:32:33]   SKIP (already discovered): Williams Gap Vineyard
[17:32:33]   SKIP (already discovered): Hello Betty Bethesda
[17:32:33]   SKIP (already discovered): The Madison Hotel
[17:32:33]   SKIP (already discovered): Belle Haven Country Club
[17:32:33]   SKIP (already discovered): Casanel Vineyards & Winery
[17:32:33]   SKIP (already discovered): Chrysalis Vineyards at The Ag District
[17:32:33]   SKIP (already discovered): Corteau Winery
[17:32:33]   SKIP (already discovered): Penn Oaks Winery
[17:32:33]   SKIP (already discovered): Pizza Pomodoro
[17:32:33]   SKIP (already discovered): Hidden Brook Winery
[17:32:33]   SKIP (already discovered): Simple Theory Wine Co
[17:32:33]   SKIP (already discovered): Brightview Perry Hall
[17:32:33] 
[17:32:34] === Discovering from: Lake Anne Coffee House & Wine Bar ===
[17:32:40]   Scrolling to find recommendations...
[17:32:47]   Extracting cards...
[17:32:48]   Found 5 'People also search for' results
[17:32:48]   Found 5 total recommendations
[17:33:10]   Added 4 new venues from Lake Anne Coffee House & Wine Bar
[17:33:10]   [WEBSITE] Looking up: Lake Anne Brew House
[17:33:14]     Website: https://lakeannebrewhouse.com
[17:33:17]   [WEBSITE] Looking up: My Cafe Reston
[17:33:20]     Website: https://mycafereston.com
[17:33:26]   [WEBSITE] Looking up: Cafe Montmartre
[17:33:29]     Website: https://cafemontmartre.com
[17:33:35]   [WEBSITE] Looking up: Sunrise Cafe
[17:33:38]     Website: http://www.sunrisecafevb.com
[17:33:47] 
[17:33:47] === Discovering from: Gaylord National Harbor ===
[17:33:54]   Scrolling to find recommendations...
[17:34:01]   Extracting cards...
[17:34:01]   No 'People also search for' found
[17:34:02]   Clicked 'View more' — loading expanded list...
[17:34:06]   Expanded list: found 6 venues
[17:34:09]   Found 20 total recommendations
[17:35:10]   Added 13 new venues from Gaylord National Harbor
[17:35:10]   [WEBSITE] Looking up: Hampton Inn & Suites National Harbor/Alexandria Area
[17:35:13]     Website: https://www.hilton.com
[17:35:18]   [WEBSITE] Looking up: The Westin Washington National Harbor
[17:35:22]     Website: https://www.marriott.com
[17:35:27]   [WEBSITE] Looking up: Hyatt Place National Harbor
[17:35:31]     Website: https://www.hyatt.com
[17:35:35]   [WEBSITE] Looking up: AC Hotel National Harbor Washington, DC Area
[17:35:38]     Website: https://www.marriott.com
[17:35:43]   [WEBSITE] Looking up: Residence Inn by Marriott National Harbor Washington, DC Area
[17:35:47]     Website: https://www.marriott.com
[17:35:50]   [WEBSITE] Looking up: MGM National Harbor Hotel & Casino
[17:35:54]     Website: https://mgmnationalharbor.mgmresorts.com
[17:35:57]   [WEBSITE] Looking up: Club Wyndham National Harbor
[17:36:01]     Website: https://clubwyndham.wyndhamdestinations.com
[17:36:06]   [WEBSITE] Looking up: Morrison House Old Town Alexandria, Autograph Collection
[17:36:10]     Website: https://morrisonhouse.com
[17:36:14]   [WEBSITE] Looking up: The Alexandrian Old Town Alexandria, Autograph Collection
[17:36:18]     Website: https://www.thealexandrian.com
[17:36:21]   [WEBSITE] Looking up: FLOHOM 06 | National Harbor
[17:36:24]     Website: https://flohom.com
[17:36:30]   [WEBSITE] Looking up: Kasa Del Ray Alexandria - Standard Studio (Self Check-in with Virtual Front Desk)
[17:36:33]     Website: https://kasa.com
[17:36:37]   [WEBSITE] Looking up: Huge home near MGM/National Harbor Free Parking
[17:36:40]     Website: https://www.airbnb.com
[17:36:43]   [WEBSITE] Looking up: Hilton Alexandria Old Town
[17:36:46]     Website: https://www.hilton.com
[17:36:55] 
[17:36:55] === Discovering from: Woodberry Kitchen ===
[17:37:01]   Scrolling to find recommendations...
[17:37:08]   Extracting cards...
[17:37:08]   Found 4 'People also search for' results
[17:37:08]   Found 4 total recommendations
[17:37:24]   Added 4 new venues from Woodberry Kitchen
[17:37:24]   [WEBSITE] Looking up: Wicked Sisters
[17:37:27]     Website: https://www.wickedsistershampden.com
[17:37:30]   [WEBSITE] Looking up: The Food Market
[17:37:34]     Website: https://www.the-food-market.com
[17:37:37]   [WEBSITE] Looking up: Gunther & Co.
[17:37:41]     Website: https://eatatgunther.com
[17:37:44]   [WEBSITE] Looking up: Cosima
[17:37:47]     Website: https://www.cosimamill1.com
[17:37:56] 
[17:37:56] === Discovering from: Great Sage ===
[17:38:01]   Scrolling to find recommendations...
[17:38:06]   Extracting cards...
[17:38:06]   Found 5 'People also search for' results
[17:38:06]   Found 5 total recommendations
[17:38:22]   Added 5 new venues from Great Sage
[17:38:22]   [WEBSITE] Looking up: Bushel and a Peck Kitchen & Bar
[17:38:26]     Website: https://www.bushelandapeck.com
[17:38:29]   [WEBSITE] Looking up: Namaste Foodie
[17:38:33]     Website: https://namastefoodie.toast.site
[17:38:36]   [WEBSITE] Looking up: El Azteca
[17:38:39]     Website: https://elaztecamd.com
[17:38:44]   [WEBSITE] Looking up: Clove & Cardamom Restaurant
[17:38:48]     Website: https://clovencardamom.com
[17:38:51]   [WEBSITE] Looking up: River Hill Grill
[17:38:55]     Website: https://www.riverhillgrill.com
[17:39:03] 
[17:39:03] === Discovering from: Cosmos Club DC ===
[17:39:03]   (searching: Cosmos Club DC Elite DC)
[17:39:09]   Clicked first search result...
[17:39:12]   Scrolling to find recommendations...
[17:39:17]   Extracting cards...
[17:39:17]   Found 5 'People also search for' results
[17:39:18]   Found 5 total recommendations
[17:39:29]   Added 3 new venues from Cosmos Club DC
[17:39:29]   [WEBSITE] Looking up: The Mayflower Club
[17:39:33]     Website: https://www.themayflowerdc.com
[17:39:36]   [WEBSITE] Looking up: Ciel - Downtown
[17:39:39]     Website: https://www.cielsocialclub.com
[17:39:42]   [WEBSITE] Looking up: Cosmo Cafe
[17:39:46]     Website: https://cosmocafe-dc.com
[17:39:53] 
[17:39:53] === Discovering from: Doukénie Winery ===
[17:39:59]   Scrolling to find recommendations...
[17:40:05]   Extracting cards...
[17:40:05]   Found 4 'People also search for' results
[17:40:05]   Found 4 total recommendations
[17:40:08]   Added 1 new venues from Doukénie Winery
[17:40:08]   [WEBSITE] Looking up: Creek's Edge Winery
[17:40:11]     No website found
[17:40:15] 
[17:40:15] === Discovering from: State Plaza Hotel DC ===
[17:40:22]   Scrolling to find recommendations...
[17:40:28]   Extracting cards...
[17:40:28]   No 'People also search for' found
[17:40:29]   Clicked 'View more' — loading expanded list...
[17:40:35]   Expanded list: found 7 venues
[17:40:38]   Found 18 total recommendations
[17:41:19]   Added 13 new venues from State Plaza Hotel DC
[17:41:19]   [WEBSITE] Looking up: Melrose Georgetown Hotel
[17:41:22]     Website: https://www.melrosehoteldc.com
[17:41:25]   [WEBSITE] Looking up: ARC HOTEL Washington DC, Georgetown
[17:41:28]     Website: https://www.archoteldc.com
[17:41:31]   [WEBSITE] Looking up: Hotel Hive
[17:41:35]     Website: https://www.hotelhive.com
[17:41:41]   [WEBSITE] Looking up: Residence Inn by Marriott Washington, DC/Foggy Bottom
[17:41:44]     Website: https://www.marriott.com
[17:41:48]   [WEBSITE] Looking up: Hampton Inn Washington, D.C./White House
[17:41:51]     Website: https://www.hilton.com
[17:41:55]   [WEBSITE] Looking up: Club Quarters Hotel White House, Washington DC
[17:41:58]     Website: https://www.clubquartershotels.com
[17:42:02]   [WEBSITE] Looking up: LUXURY Remodeled DC Suite- Near restuarants, H Street downtown. Quiet area!!
[17:42:05]     Website: https://www.vrbo.com
[17:42:09]   [WEBSITE] Looking up: Sojourn | Modern Stays on 13th Street
[17:42:13]     Website: https://www.sojourndc.com
[17:42:19]   [WEBSITE] Looking up: Centrally Located Arlington Bungalow
[17:42:22]     Website: https://www.airbnb.com
[17:42:28]   [WEBSITE] Looking up: Cozy Modern Studio in the Heart of Capitol Hill
[17:42:31]     Website: https://www.vrbo.com
[17:42:36]   [WEBSITE] Looking up: LUXURY Remodeled DC Suite- Near restuarants, H Street & downtown. Quiet area!!
[17:42:39]     Website: https://www.vrbo.com
[17:42:43]   [WEBSITE] Looking up: Hyatt House Washington DC / Downtown / Convention Center
[17:42:46]     Website: https://www.hyatt.com
[17:42:50]   [WEBSITE] Looking up: AC Hotel Washington DC Downtown
[17:42:53]     Website: https://www.marriott.com
[17:43:01]   MAX_GIGS=7 reached — stopping.
[17:43:01] Cleaning up discovered_gigs.txt...
[17:43:09] Calculating distances for new venues...
[17:43:13]   Distances calculated: 0
[17:43:13] 
[17:43:13] === Discovery Complete — Total new venues: 43 ===

[19:39:48] === Taste Learn Mode Started ===
[19:39:48] Fetching past gigs...
[19:39:52] Found 9 dream gigs (8.5+ score)
[19:39:52] 
[19:39:52] === Learning from: L'Auberge Chez Francois () ===
[19:39:58]   Opened About tab
[19:40:05]   Extracted 37 attributes
[19:40:09]   MAX_GIGS=1 reached — stopping.
[19:40:09] 
[19:40:09] Aggregating keywords...
[19:40:09] === Taste Learn Complete ===

[19:40:39] === Taste Learn Mode Started ===
[19:40:39] Fetching past gigs...
[19:40:41] Found 9 dream gigs (8.5+ score)
[19:40:41] 
[19:40:41] === Learning from: L'Auberge Chez Francois () ===
[19:40:46]   Opened About tab
[19:40:51]   Extracted 37 attributes
[19:40:55]   MAX_GIGS=1 reached — stopping.
[19:40:55] 
[19:40:55] Aggregating keywords...
[19:40:55] === Taste Learn Complete ===

[19:41:12] === Taste Learn Mode Started ===
[19:41:12] Fetching past gigs...
[19:41:14] Found 9 dream gigs (8.5+ score)
[19:41:14] 
[19:41:14] === Learning from: L'Auberge Chez Francois () ===
[19:41:21]   Opened About tab
[19:41:28]   Extracted 37 attributes
[19:41:31]   MAX_GIGS=1 reached — stopping.
[19:41:31] 
[19:41:31] Aggregating keywords...
[19:41:31] === Taste Learn Complete ===

[19:44:54] === Taste Learn Mode Started ===
[19:44:54] Fetching past gigs...
[19:44:58] Found 9 dream gigs (8.5+ score)
[19:44:58] 
[19:44:58] === Learning from: L'Auberge Chez Francois (9.3) ===
[19:45:05]   Opened About tab
[19:45:13]   Extracted 37 attributes
[19:45:17]   MAX_GIGS=1 reached — stopping.
[19:45:17] 
[19:45:17] Aggregating keywords...
[19:45:17] === Taste Learn Complete ===

[19:46:22] === Taste Learn Mode Started ===
[19:46:22] Fetching past gigs...
[19:46:25] Found 9 dream gigs (8.5+ score)
[19:46:25] 
[19:46:25] === Learning from: L'Auberge Chez Francois (9.3) ===
[19:46:31]   Opened About tab
[19:46:39]   Extracted 31 attributes
[19:46:42] 
[19:46:42] === Learning from: The Inn at Perry Cabin (9.5) ===
[19:46:48]   Opened About tab
[19:46:55]   Extracted 3 attributes
[19:47:00] 
[19:47:00] === Learning from: The Maryland Club (8.8) ===
[19:47:06]   Clicked first search result...
[19:47:09]   Opened About tab
[19:47:16]   Extracted 1 attributes
[19:47:21] 
[19:47:21] === Learning from: Royal Restaurant (8.8) ===
[19:47:28]   Opened About tab
[19:47:33]   Extracted 31 attributes
[19:47:39] 
[19:47:39] === Learning from: Good Spirit Farm Winery (9) ===
[19:47:44]   Opened About tab
[19:47:51]   Extracted 3 attributes
[19:47:55] 
[19:47:55] === Learning from: Windridge Vineyards (8.5) ===
[19:48:02]   Opened About tab
[19:48:10]   Extracted 5 attributes
[19:48:13] 
[19:48:13] === Learning from: University Club (9.5) ===
[19:48:20]   Clicked first search result...
[19:48:23]   Opened About tab
[19:48:30]   Extracted 1 attributes
[19:48:33] 
[19:48:33] === Learning from: Big Cork Vineyards (9.3) ===
[19:48:38]   Opened About tab
[19:48:43]   Extracted 5 attributes
[19:48:47] 
[19:48:47] === Learning from: Belle Haven Country Club (9) ===
[19:48:53]   Opened About tab
[19:49:00]   Extracted 4 attributes
[19:49:05] 
[19:49:05] Aggregating keywords...
[19:49:06] === Taste Learn Complete ===

[20:03:44] === Taste Learn Mode Started ===
[20:03:44] Fetching past gigs for location data...
[20:03:47] No venues found in taste_venues.txt!

[20:04:25] === Taste Learn Mode Started ===
[20:04:25] Fetching past gigs for location data...
[20:04:27] Found 22 taste venues
[20:04:27] 
[20:04:27] === Learning from: L'Auberge Chez Francois (9.3) ===
[20:04:32]   Opened About tab
[20:04:41]   Extracted 31 attributes
[20:04:44] 
[20:04:44] === Learning from: The Inn at Perry Cabin (9.5) ===
[20:04:51]   Opened About tab
[20:04:57]   Extracted 3 attributes
[20:05:02] 
[20:05:02] === Learning from: The Maryland Club (8.8) ===
[20:05:09]   Clicked first search result...
[20:05:12]   Opened About tab
[20:05:18]   Extracted 1 attributes
[20:05:22] 
[20:05:22] === Learning from: Black Ankle Vineyards (7.8) ===
[20:05:27]   Opened About tab
[20:05:33]   Extracted 5 attributes
[20:05:37] 
[20:05:37] === Learning from: Royal Restaurant (8.8) ===
[20:05:44]   Opened About tab
[20:05:51]   Extracted 31 attributes
[20:05:54] 
[20:05:54] === Learning from: Good Spirit Farm Winery (9) ===
[20:06:00]   Opened About tab
[20:06:06]   Extracted 3 attributes
[20:06:11] 
[20:06:11] === Learning from: Elkridge Furnace Inn (8.3) ===
[20:06:17]   Opened About tab
[20:06:23]   Extracted 35 attributes
[20:06:26] 
[20:06:26] === Learning from: Twin Oaks Tavern Winery (7.8) ===
[20:06:31]   Opened About tab
[20:06:39]   Extracted 6 attributes
[20:06:44] 
[20:06:44] === Learning from: Windridge Vineyards (8.5) ===
[20:06:51]   Opened About tab
[20:06:59]   Extracted 5 attributes
[20:07:03] 
[20:07:03] === Learning from: University Club (9.5) ===
[20:07:08]   Clicked first search result...
[20:07:11]   Opened About tab
[20:07:17]   Extracted 1 attributes
[20:07:21] 
[20:07:21] === Learning from: Big Cork Vineyards (9.3) ===
[20:07:28]   Opened About tab
[20:07:36]   Extracted 5 attributes
[20:07:39] 
[20:07:39] === Learning from: Belle Haven Country Club (9) ===
[20:07:46]   Opened About tab
[20:07:54]   Extracted 4 attributes
[20:07:57] 
[20:07:57] === Learning from: Lake Anne Coffee House & Wine Bar (7) ===
[20:08:03]   Opened About tab
[20:08:09]   Extracted 34 attributes
[20:08:13] 
[20:08:13] === Learning from: Woodberry Kitchen (6.3) ===
[20:08:19]   Opened About tab
[20:08:28]   Extracted 35 attributes
[20:08:32] 
[20:08:32] === Learning from: Great Sage (7.3) ===
[20:08:38]   Opened About tab
[20:08:45]   Extracted 37 attributes
[20:08:49] 
[20:08:49] === Learning from: Cosmos Club DC (6.5) ===
[20:08:56]   Clicked first search result...
[20:08:59]   Opened About tab
[20:09:06]   Extracted 3 attributes
[20:09:10] 
[20:09:10] === Learning from: The Milton Inn (6.5) ===
[20:09:15]   Opened About tab
[20:09:22]   Extracted 37 attributes
[20:09:28] 
[20:09:28] === Learning from: Alma Cocina Latina (6.5) ===
[20:09:32]   Opened About tab
[20:09:41]   Extracted 30 attributes
[20:09:44] 
[20:09:44] === Learning from: Conrad Washington DC (7) ===
[20:09:51]   Opened About tab
[20:09:57]   Extracted 2 attributes
[20:10:02] 
[20:10:02] === Learning from: Army Navy Country Club (8) ===
[20:10:09]   Clicked first search result...
[20:10:12]   Opened About tab
[20:10:18]   Extracted 5 attributes
[20:10:23] 
[20:10:23] === Learning from: River Bend Country Club (7.5) ===
[20:10:29]   Clicked first search result...
[20:10:33]   Opened About tab
[20:10:39]   Extracted 1 attributes
[20:10:43] 
[20:10:43] === Learning from: Bistrot Lepic (7.8) ===
[20:10:48]   Opened About tab
[20:10:54]   Extracted 31 attributes
[20:10:59] 
[20:10:59] Aggregating keywords...
[20:10:59] === Taste Learn Complete ===

[20:11:43] === Taste Discovery Mode Started ===
[20:11:43] MAX_QUERIES=3
[20:11:43] Fetching existing venues for dedup...
[20:11:46] Existing venues: 215
[20:11:46] Generating search queries from taste profile...
[20:11:46] Generated 467 queries (3 will run this session)
[20:11:46] 
[20:11:46] === Taste Query [1/3]: luxury hotel Georgetown DC ===
[20:11:53]   Scrolling search results...
[20:11:59]   Extracting results...
[20:11:59]   Found 41 results
[20:11:59]   Added 0 new venues from query
[20:12:07] 
[20:12:07] === Taste Query [2/3]: luxury hotel Dupont Circle DC ===
[20:12:14]   Scrolling search results...
[20:12:20]   Extracting results...
[20:12:20]   Found 20 results
[20:12:21]   Added 0 new venues from query
[20:12:29] 
[20:12:29] === Taste Query [3/3]: luxury hotel Potomac MD ===
[20:12:33]   Scrolling search results...
[20:12:40]   Extracting results...
[20:12:41]   Found 11 results
[20:12:41]   Added 0 new venues from query
[20:12:48]   MAX_QUERIES=3 reached — stopping.
[20:12:48] 
[20:12:48] === Taste Discovery Complete ===
[20:12:48]   Queries run: 3
[20:12:48]   Venues added: 0
[20:12:48]   Queries remaining: 464

[20:13:11] === Taste Discovery Mode Started ===
[20:13:11] MAX_QUERIES=3
[20:13:11] Fetching existing venues for dedup...
[20:13:13] Existing venues: 215
[20:13:13] Generating search queries from taste profile...
[20:13:13] Generated 467 queries (3 will run this session)
[20:13:13] 
[20:13:13] === Taste Query [1/3]: luxury hotel Georgetown DC ===
[20:13:18]   Scrolling search results...
[20:13:24]   Extracting results...
[20:13:24]   Found 47 results
[20:14:23]   Added 18 new venues from query
[20:14:23]   [WEBSITE] Looking up: Four Seasons Hotel Washington, DC
[20:14:27]     Website: https://www.fourseasons.com
[20:14:31]   [WEBSITE] Looking up: Conrad Washington, DC
[20:14:34]     Website: https://conradwashingtondc.com
[20:14:39]   [WEBSITE] Looking up: The LINE DC
[20:14:42]     Website: https://www.thelinehotel.com
[20:14:45]   [WEBSITE] Looking up: Salamander Washington DC
[20:14:48]     Website: https://www.salamanderdc.com
[20:14:52]   [WEBSITE] Looking up: Waldorf Astoria Washington DC
[20:14:55]     Website: https://www.hilton.com
[20:14:59]   [WEBSITE] Looking up: Sofitel Washington DC Lafayette Square
[20:15:02]     Website: https://www.sofitel-washington-dc.com
[20:15:05]   [WEBSITE] Looking up: The Jefferson, Washington, DC
[20:15:09]     Website: https://www.jeffersondc.com
[20:15:12]   [WEBSITE] Looking up: Lyle Washington DC
[20:15:15]     Website: https://www.lyledc.com
[20:15:18]   [WEBSITE] Looking up: Yours Truly DC Hotel - Vignette Collection by IHG
[20:15:21]     Website: https://www.ihg.com
[20:15:24]   [WEBSITE] Looking up: Pendry Washington DC - The Wharf
[20:15:28]     Website: https://www.pendry.com
[20:15:34]   [WEBSITE] Looking up: Riggs Washington DC
[20:15:37]     Website: https://www.riggsdc.com
[20:15:42]   [WEBSITE] Looking up: The Westin DC Downtown
[20:15:46]     Website: https://www.marriott.com
[20:15:50]   [WEBSITE] Looking up: JW Marriott Washington, DC
[20:15:53]     Website: https://www.marriott.com
[20:15:59]   [WEBSITE] Looking up: The Morrow Washington DC, Curio Collection by Hilton
[20:16:02]     Website: https://www.themorrowhotel.com
[20:16:07]   [WEBSITE] Looking up: Kimpton Hotel Monaco Washington DC
[20:16:11]     Website: https://www.monaco-dc.com
[20:16:14]   [WEBSITE] Looking up: The Royal Sonesta Washington, DC Capitol Hill
[20:16:18]     Website: https://capitolhillroyal.sonesta.com
[20:16:21]   [WEBSITE] Looking up: Eaton DC
[20:16:25]     Website: https://www.eaton.com
[20:16:28]   [WEBSITE] Looking up: Marriott Marquis Washington, DC
[20:16:32]     Website: https://www.marriott.com
[20:16:41] 
[20:16:41] === Taste Query [2/3]: luxury hotel Dupont Circle DC ===
[20:16:48]   Scrolling search results...
[20:16:55]   Extracting results...
[20:16:55]   Found 21 results
[20:17:18]   Added 1 new venues from query
[20:17:18]   [WEBSITE] Looking up: Holiday Inn Express Washington DC Downtown by IHG
[20:17:21]     Website: https://www.ihg.com
[20:17:32] 
[20:17:32] === Taste Query [3/3]: luxury hotel Potomac MD ===
[20:17:37]   Scrolling search results...
[20:17:45]   Extracting results...
[20:17:45]   Found 11 results
[20:17:54]   Added 3 new venues from query
[20:17:54]   [WEBSITE] Looking up: Embassy Suites by Hilton Bethesda Washington DC
[20:17:57]     Website: https://www.hilton.com
[20:18:00]   [WEBSITE] Looking up: Canopy by Hilton Washington DC Bethesda North
[20:18:03]     Website: https://www.hilton.com
[20:18:09]   [WEBSITE] Looking up: Hilton Washington DC/Rockville Hotel & Executive Meeting Ctr
[20:18:12]     Website: https://www.hilton.com
[20:18:22]   MAX_QUERIES=3 reached — stopping.
[20:18:22] Calculating distances for new venues...
[20:18:28]   Distances calculated: 0
[20:18:28] 
[20:18:28] === Taste Discovery Complete ===
[20:18:28]   Queries run: 3
[20:18:28]   Venues added: 22
[20:18:28]   Queries remaining: 464

[20:26:29] === Taste Learn Mode Started ===
[20:26:29] Fetching past gigs for location data...
[20:26:32] Found 23 taste venues
[20:26:32] 
[20:26:32] === Learning from: L'Auberge Chez Francois (9.3) ===
[20:26:41]   No attributes extracted
[20:26:44]   MAX_GIGS=1 reached — stopping.
[20:26:44] 
[20:26:44] Aggregating keywords...
[20:26:44] === Taste Learn Complete ===

[20:26:49] === Taste Learn Mode Started ===
[20:26:49] Fetching past gigs for location data...
[20:26:51] Found 23 taste venues
[20:26:51] 
[20:26:51] === Learning from: L'Auberge Chez Francois (9.3) ===

[16:12:08] === Taste Learn Mode Started ===
[16:12:08] Fetching past gigs for location data...
[16:12:11] Found 28 taste venues
[16:12:11] 
[16:12:11] === Learning from: L'Auberge Chez Francois (9.3) ===
[16:12:16]   Opened About tab

[16:13:29] === Taste Learn Mode Started ===
[16:13:29] Fetching past gigs for location data...
[16:13:32] Found 28 taste venues
[16:13:32] 
[16:13:32] === Learning from: L'Auberge Chez Francois (9.3) ===
[16:13:41]   No attributes extracted
[16:13:44] 
[16:13:44] === Learning from: The Inn at Perry Cabin (9.5) ===
[16:13:55]   No attributes extracted
[16:13:59] 
[16:13:59] === Learning from: The Maryland Club (8.8) ===
[16:14:10]   No attributes extracted
[16:14:15] 
[16:14:15] === Learning from: Black Ankle Vineyards (7.8) ===
[16:14:23]   No attributes extracted
[16:14:28] 
[16:14:28] === Learning from: Royal Restaurant (8.8) ===
[16:14:38]   No attributes extracted
[16:14:43] 
[16:14:43] === Learning from: Good Spirit Farm Winery (9) ===
[16:14:51]   No attributes extracted
[16:14:56] 
[16:14:56] === Learning from: Elkridge Furnace Inn (8.3) ===
[16:15:04]   No attributes extracted
[16:15:09] 
[16:15:09] === Learning from: Twin Oaks Tavern Winery (7.8) ===
[16:15:18]   Extracted 0 attributes
[16:15:22] 
[16:15:22] === Learning from: Windridge Vineyards (8.5) ===
[16:15:29]   Opened About tab
[16:15:37]   Extracted 5 attributes
[16:15:40] 
[16:15:40] === Learning from: University Club (9.5) ===
[16:15:46]   Clicked first search result...
[16:15:51]   Opened About tab
[16:15:58]   Extracted 1 attributes
[16:16:01] 
[16:16:01] === Learning from: Big Cork Vineyards (9.3) ===
[16:16:07]   Opened About tab
[16:16:14]   Extracted 5 attributes
[16:16:19] 
[16:16:19] === Learning from: Belle Haven Country Club (9) ===
[16:16:25]   Opened About tab
[16:16:31]   Extracted 4 attributes
[16:16:34] 
[16:16:34] === Learning from: Lake Anne Coffee House & Wine Bar (7) ===
[16:16:41]   Opened About tab
[16:16:48]   Extracted 34 attributes
[16:16:54] 
[16:16:54] === Learning from: Woodberry Kitchen (6.3) ===
[16:16:58]   Opened About tab
[16:17:06]   Extracted 35 attributes
[16:17:11] 
[16:17:11] === Learning from: Great Sage (7.3) ===
[16:17:16]   Opened About tab
[16:17:22]   Extracted 37 attributes
[16:17:27] 
[16:17:27] === Learning from: Cosmos Club DC (6.5) ===
[16:17:34]   Clicked first search result...
[16:17:39]   Opened About tab
[16:17:46]   Extracted 3 attributes
[16:17:50] 
[16:17:50] === Learning from: The Milton Inn (6.5) ===
[16:17:56]   Opened About tab
[16:18:04]   Extracted 37 attributes
[16:18:07] 
[16:18:07] === Learning from: Alma Cocina Latina (6.5) ===
[16:18:14]   Opened About tab
[16:18:21]   Extracted 30 attributes
[16:18:26] 
[16:18:26] === Learning from: Conrad Washington DC (7) ===
[16:18:33]   Opened About tab
[16:18:40]   Extracted 2 attributes
[16:18:43] 
[16:18:43] === Learning from: Kent Manor Inn (6.5) ===
[16:18:50]   Opened About tab
[16:18:56]   Extracted 2 attributes
[16:19:00] 
[16:19:00] === Learning from: Army Navy Country Club (8) ===
[16:19:06]   Clicked first search result...
[16:19:11]   Opened About tab
[16:19:17]   Extracted 5 attributes
[16:19:21] 
[16:19:21] === Learning from: River Bend Country Club (7.5) ===
[16:19:26]   Clicked first search result...
[16:19:31]   Opened About tab
[16:19:37]   Extracted 1 attributes
[16:19:40] 
[16:19:40] === Learning from: Bistrot Lepic (7.8) ===
[16:19:45]   Opened About tab
[16:19:51]   Extracted 31 attributes
[16:19:54] 
[16:19:54] === Learning from: The Tidewater Inn (0) ===
[16:20:00]   Opened About tab
[16:20:06]   Extracted 3 attributes
[16:20:11] 
[16:20:11] === Learning from: Le Cavalier at Hotel du Pont (0) ===
[16:20:18]   Opened About tab
[16:20:23]   Extracted 30 attributes
[16:20:27] 
[16:20:27] === Learning from: King & Rye (0) ===
[16:20:33]   Opened About tab
[16:20:41]   Extracted 36 attributes
[16:20:44] 
[16:20:44] === Learning from: Washington Golf & Country Club (0) ===
[16:20:49]   Opened About tab
[16:20:54]   Extracted 4 attributes
[16:20:59] 
[16:20:59] === Learning from: Mount Vernon Club (0) ===
[16:21:05]   Opened About tab
[16:21:13]   Extracted 1 attributes
[16:21:17] 
[16:21:17] Aggregating keywords...
[16:21:17] === Taste Learn Complete ===

[17:53:50] === Venue Discovery Started ===
[17:53:50] Fetching past gigs...
[17:53:52] Found 69 past gigs
[17:53:52] Fetching existing venues for dedup...
[17:53:55] Existing venues: 237
[17:53:55]   SKIP (already discovered): L'Auberge Chez Francois
[17:53:55]   SKIP (already discovered): The Inn at Perry Cabin
[17:53:55]   SKIP (already discovered): The Maryland Club
[17:53:55]   SKIP (already discovered): Black Ankle Vineyards
[17:53:55]   SKIP (already discovered): Royal Restaurant
[17:53:55]   SKIP (already discovered): Good Spirit Farm Winery
[17:53:55]   SKIP (already discovered): Chesapeake Manor Vineyard
[17:53:55]   SKIP (already discovered): Elkridge Furnace Inn
[17:53:55]   SKIP (already discovered): Xella Winery and Vineyard
[17:53:55]   SKIP (already discovered): Twin Oaks Tavern Winery
[17:53:55]   SKIP (already discovered): Windridge Vineyards
[17:53:55]   SKIP (already discovered): University Club
[17:53:55]   SKIP (already discovered): The Farmhouse Tuscan
[17:53:55]   SKIP (already discovered): Big Cork Vineyards
[17:53:55]   SKIP (already discovered): Savage Mill Mall
[17:53:55]   SKIP (already discovered): Trueman Vineyards
[17:53:55]   SKIP (already discovered): Williams Gap Vineyard
[17:53:55]   SKIP (already discovered): Hello Betty Bethesda
[17:53:55]   SKIP (already discovered): The Madison Hotel
[17:53:55]   SKIP (already discovered): Belle Haven Country Club
[17:53:55]   SKIP (already discovered): Casanel Vineyards & Winery
[17:53:55]   SKIP (already discovered): Chrysalis Vineyards at The Ag District
[17:53:55]   SKIP (already discovered): Corteau Winery
[17:53:55]   SKIP (already discovered): Penn Oaks Winery
[17:53:55]   SKIP (already discovered): Pizza Pomodoro
[17:53:55]   SKIP (already discovered): Hidden Brook Winery
[17:53:55]   SKIP (already discovered): Simple Theory Wine Co
[17:53:55]   SKIP (already discovered): Brightview Perry Hall
[17:53:55]   SKIP (already discovered): Lake Anne Coffee House & Wine Bar
[17:53:55]   SKIP (already discovered): Gaylord National Harbor
[17:53:55]   SKIP (already discovered): Woodberry Kitchen
[17:53:55]   SKIP (already discovered): Great Sage
[17:53:55]   SKIP (already discovered): Cosmos Club DC
[17:53:55]   SKIP (already discovered): Doukénie Winery
[17:53:55]   SKIP (already discovered): State Plaza Hotel DC
[17:53:55] 
[17:53:55] === Discovering from: Hyatt Cambridge ===
[17:54:02]   Clicked first search result...
[17:54:07]   Scrolling to find recommendations...
[17:54:12]   Extracting cards...
[17:54:12]   No 'People also search for' found
[17:54:12]   Clicked 'View more' — loading expanded list...
[17:54:19]   Expanded list: found 7 venues
[17:54:22]   Found 18 total recommendations
[17:55:03]   Added 14 new venues from Hyatt Cambridge
[17:55:03]   [WEBSITE] Looking up: Holiday Inn Express Cambridge by IHG
[17:55:06]     Website: https://www.ihg.com
[17:55:09]   [WEBSITE] Looking up: Cambridge House Bed and Breakfast
[17:55:13]     Website: https://cambridgehousebandb.com
[17:55:15]   [WEBSITE] Looking up: The Anchorage Bed & Breakfast, Weddings and Events
[17:55:19]     Website: https://anchorage1800.com
[17:55:22]   [WEBSITE] Looking up: Cozy Townhouse on Cambridge Marina
[17:55:25]     Website: https://www.airbnb.com
[17:55:28]   [WEBSITE] Looking up: Station House West
[17:55:31]     Website: https://www.airbnb.com
[17:55:38]   [WEBSITE] Looking up: Station House East
[17:55:41]     Website: https://www.airbnb.com
[17:55:44]   [WEBSITE] Looking up: The Drinking Gourd
[17:55:48]     Website: https://www.airbnb.com
[17:55:51]   [WEBSITE] Looking up: Waterfront Getaway with Dock
[17:55:54]     Website: https://www.airbnb.com
[17:55:58]   [WEBSITE] Looking up: Family friendly with a Pool and Game Room. Convenient Location with a view.
[17:56:02]     Website: https://www.airbnb.com
[17:56:05]   [WEBSITE] Looking up: Holiday Inn Express & Suites
[17:56:08]     Website: https://www.ihg.com
[17:56:12]   [WEBSITE] Looking up: The Rose Hotel Chicago O’Hare, Tapestry Collection by Hilton
[17:56:15]     Website: https://www.the-rose-hotel.com
[17:56:20]   [WEBSITE] Looking up: Hampton Inn & Suites Lamar
[17:56:24]     Website: https://www.hilton.com
[17:56:28]   [WEBSITE] Looking up: Best Western Plus Clearfield
[17:56:31]     Website: https://www.bestwestern.com
[17:56:34]   [WEBSITE] Looking up: Best Western Plus The Inn & Suites at the Falls
[17:56:37]     Website: https://www.bestwestern.com
[17:56:45] 
[17:56:45] === Discovering from: Greenhill Vineyards ===
[17:56:52]   Scrolling to find recommendations...
[17:56:59]   Extracting cards...
[17:57:00]   Found 5 'People also search for' results
[17:57:00]   Found 5 total recommendations
[17:57:05]   Added 1 new venues from Greenhill Vineyards
[17:57:05]   [WEBSITE] Looking up: Chrysalis Vineyards at The Ag District
[17:57:09]     Website: https://www.theagdistrict.com
[17:57:18] 
[17:57:18] === Discovering from: Loudoun Golf & Country Club ===
[17:57:24]   Scrolling to find recommendations...
[17:57:30]   Extracting cards...
[17:57:30]   Found 5 'People also search for' results
[17:57:30]   Found 5 total recommendations
[17:57:48]   Added 5 new venues from Loudoun Golf & Country Club
[17:57:48]   [WEBSITE] Looking up: The Golf Club at Lansdowne
[17:57:51]     Website: https://www.golfatlansdowne.com
[17:57:54]   [WEBSITE] Looking up: Stoneleigh Golf and Country Club
[17:57:58]     Website: https://www.stoneleighgolf.com
[17:58:02]   [WEBSITE] Looking up: 1757 Golf Club
[17:58:05]     Website: https://www.1757golfclub.com
[17:58:08]   [WEBSITE] Looking up: Loudoun Valley Community Center
[17:58:12]     Website: https://www.loudoun.gov
[17:58:15]   [WEBSITE] Looking up: River Creek Club
[17:58:18]     Website: https://www.invitedclubs.com
[17:58:27] 
[17:58:27] === Discovering from: Creek's Edge Winery ===
[17:58:34]   Scrolling to find recommendations...
[17:58:39]   Extracting cards...
[17:58:39]   Found 4 'People also search for' results
[17:58:40]   Found 4 total recommendations
[17:58:52]   Added 4 new venues from Creek's Edge Winery
[17:58:52]   [WEBSITE] Looking up: Hiddencroft Vineyards, LLC
[17:58:56]     Website: https://www.hiddencroftvineyards.com
[17:58:59]   [WEBSITE] Looking up: Breaux Vineyards
[17:59:02]     Website: https://www.breauxvineyards.com
[17:59:06]   [WEBSITE] Looking up: 868 Estate Vineyards
[17:59:09]     Website: https://868estatevineyards.com
[17:59:13]   [WEBSITE] Looking up: Winding Creek Farm
[17:59:17]     Website: https://windingcreekfarmva.com
[17:59:25] 
[17:59:25] === Discovering from: The Milton Inn ===
[17:59:30]   Scrolling to find recommendations...
[17:59:37]   Extracting cards...
[17:59:37]   Found 5 'People also search for' results
[17:59:37]   Found 5 total recommendations
[17:59:54]   Added 5 new venues from The Milton Inn
[17:59:55]   [WEBSITE] Looking up: The Manor Tavern
[17:59:58]     Website: https://www.themanortavern.com
[18:00:01]   [WEBSITE] Looking up: The Oregon Grille
[18:00:05]     Website: https://theoregongrille.com
[18:00:10]   [WEBSITE] Looking up: The Valley Inn
[18:00:13]     Website: http://www.thevalleyinn.us
[18:00:17]   [WEBSITE] Looking up: Barrett's Grill
[18:00:20]     Website: https://www.barrettsgrill.com
[18:00:26]   [WEBSITE] Looking up: The Filling Station
[18:00:30]     Website: https://www.thefillingstationcoffee.com
[18:00:37] 
[18:00:37] === Discovering from: Country Club of Fairfax ===
[18:00:44]   Scrolling to find recommendations...
[18:00:50]   Extracting cards...
[18:00:50]   Found 5 'People also search for' results
[18:00:50]   Found 5 total recommendations
[18:01:10]   Added 5 new venues from Country Club of Fairfax
[18:01:10]   [WEBSITE] Looking up: International Country Club
[18:01:14]     Website: https://internationalcc.com
[18:01:19]   [WEBSITE] Looking up: Westwood Country Club
[18:01:22]     Website: https://www.westwoodcc.com
[18:01:26]   [WEBSITE] Looking up: Springfield Golf & Country Club
[18:01:29]     Website: https://www.sgccva.org
[18:01:32]   [WEBSITE] Looking up: Penderbrook Golf Club
[18:01:36]     Website: https://www.penderbrookgolfclub.com
[18:01:41]   [WEBSITE] Looking up: Chantilly National Golf & Country Club
[18:01:45]     Website: https://www.invitedclubs.com
[18:01:53] 
[18:01:53] === Discovering from: Century Club Hagerstown ===
[18:01:59]   Clicked first search result...
[18:02:03]   Scrolling to find recommendations...
[18:02:10]   Extracting cards...
[18:02:10]   Found 5 'People also search for' results
[18:02:11]   Found 5 total recommendations
[18:02:27]   Added 5 new venues from Century Club Hagerstown
[18:02:27]   [WEBSITE] Looking up: The center
[18:02:31]     Website: https://www.centerclub.org
[18:02:34]   [WEBSITE] Looking up: Syracuse Adelphi Club
[18:02:37]     Website: https://www.causeiq.com
[18:02:41]   [WEBSITE] Looking up: Quiet Lounge
[18:02:45]     Website: https://www.aspect.org.au
[18:02:50]   [WEBSITE] Looking up: GILDED CLUB
[18:02:53]     Website: https://gildedclub.com
[18:02:57]   [WEBSITE] Looking up: Club 44
[18:03:01]     Website: https://www.theclub44.com
[18:03:08] 
[18:03:08] === Discovering from: Rock Spring Farm ===
[18:03:15]   Scrolling to find recommendations...
[18:03:21]   Extracting cards...
[18:03:21]   Found 5 'People also search for' results
[18:03:22]   Found 5 total recommendations
[18:03:38]   Added 4 new venues from Rock Spring Farm
[18:03:38]   [WEBSITE] Looking up: Events at Wild Goose Farm
[18:03:41]     Website: https://1.6K+
[18:03:45]   [WEBSITE] Looking up: Crystal View Farm, LLC
[18:03:48]     Website: https://www.crystalviewfarm.com
[18:03:52]   [WEBSITE] Looking up: The Barns at Maple Valley Farm LLC
[18:03:55]     Website: https://www.thebarnsatmaplevalleyfarmllc.com
[18:04:01]   [WEBSITE] Looking up: River Chase
[18:04:04]     Website: https://www.riverchasevenue.com
[18:04:10]   MAX_GIGS=8 reached — stopping.
[18:04:10] Cleaning up discovered_gigs.txt...
[18:04:16] Calculating distances for new venues...
[18:04:22]   Distances calculated: 0
[18:04:22] 
[18:04:22] === Discovery Complete — Total new venues: 43 ===

[22:37:53] === Venue Discovery Started ===
[22:37:53] Fetching past gigs...
[22:37:56] Found 69 past gigs
[22:37:56] Fetching existing venues for dedup...
[22:37:58] Existing venues: 264
[22:37:58]   SKIP (already discovered): L'Auberge Chez Francois
[22:37:58]   SKIP (already discovered): The Inn at Perry Cabin
[22:37:58]   SKIP (already discovered): The Maryland Club
[22:37:58]   SKIP (already discovered): Black Ankle Vineyards
[22:37:58]   SKIP (already discovered): Royal Restaurant
[22:37:58]   SKIP (already discovered): Good Spirit Farm Winery
[22:37:58]   SKIP (already discovered): Chesapeake Manor Vineyard
[22:37:58]   SKIP (already discovered): Elkridge Furnace Inn
[22:37:58]   SKIP (already discovered): Xella Winery and Vineyard
[22:37:58]   SKIP (already discovered): Twin Oaks Tavern Winery
[22:37:58]   SKIP (already discovered): Windridge Vineyards
[22:37:58]   SKIP (already discovered): University Club
[22:37:58]   SKIP (already discovered): The Farmhouse Tuscan
[22:37:58]   SKIP (already discovered): Big Cork Vineyards
[22:37:58]   SKIP (already discovered): Savage Mill Mall
[22:37:58]   SKIP (already discovered): Trueman Vineyards
[22:37:58]   SKIP (already discovered): Williams Gap Vineyard
[22:37:58]   SKIP (already discovered): Hello Betty Bethesda
[22:37:58]   SKIP (already discovered): The Madison Hotel
[22:37:58]   SKIP (already discovered): Belle Haven Country Club
[22:37:58]   SKIP (already discovered): Casanel Vineyards & Winery
[22:37:58]   SKIP (already discovered): Chrysalis Vineyards at The Ag District
[22:37:58]   SKIP (already discovered): Corteau Winery
[22:37:58]   SKIP (already discovered): Penn Oaks Winery
[22:37:58]   SKIP (already discovered): Pizza Pomodoro
[22:37:58]   SKIP (already discovered): Hidden Brook Winery
[22:37:58]   SKIP (already discovered): Simple Theory Wine Co
[22:37:58]   SKIP (already discovered): Brightview Perry Hall
[22:37:58]   SKIP (already discovered): Lake Anne Coffee House & Wine Bar
[22:37:58]   SKIP (already discovered): Gaylord National Harbor
[22:37:58]   SKIP (already discovered): Woodberry Kitchen
[22:37:58]   SKIP (already discovered): Great Sage
[22:37:58]   SKIP (already discovered): Cosmos Club DC
[22:37:58]   SKIP (already discovered): Doukénie Winery
[22:37:58]   SKIP (already discovered): State Plaza Hotel DC
[22:37:58]   SKIP (already discovered): Hyatt Cambridge
[22:37:58]   SKIP (already discovered): Greenhill Vineyards
[22:37:58]   SKIP (already discovered): Loudoun Golf & Country Club
[22:37:58]   SKIP (already discovered): Creek's Edge Winery
[22:37:58]   SKIP (already discovered): The Milton Inn
[22:37:58]   SKIP (already discovered): Country Club of Fairfax
[22:37:58]   SKIP (already discovered): Century Club Hagerstown
[22:37:58]   SKIP (already discovered): Rock Spring Farm
[22:37:58] 
[22:37:58] === Discovering from: Janemark Winery & Vineyard ===
[22:38:03]   Scrolling to find recommendations...
[22:38:10]   Extracting cards...
[22:38:10]   Found 3 'People also search for' results
[22:38:10]   Found 3 total recommendations
[22:38:19]   Added 2 new venues from Janemark Winery & Vineyard
[22:38:19]   [WEBSITE] Looking up: Robin Hill Farm and Vineyards
[22:38:23]     Website: https://www.robinhillfarmandvineyards.com
[22:38:29]   [WEBSITE] Looking up: Fridays Creek Winery
[22:38:32]     Website: https://marylandsbest.maryland.gov
[22:38:40] 
[22:38:40] === Discovering from: Alma Cocina Latina ===
[22:38:46]   Scrolling to find recommendations...
[22:38:52]   Extracting cards...
[22:38:53]   Found 5 'People also search for' results
[22:38:53]   Found 5 total recommendations
[22:39:15]   Added 5 new venues from Alma Cocina Latina
[22:39:15]   [WEBSITE] Looking up: Mi Comalito Restaurant
[22:39:19]     Website: https://1.1K+
[22:39:25]   [WEBSITE] Looking up: AREPI Venezuelan Eats
[22:39:28]     Website: https://eatarepi.com
[22:39:32]   [WEBSITE] Looking up: Little Havana
[22:39:35]     Website: https://littlehavanas.com
[22:39:39]   [WEBSITE] Looking up: Puerto 511 Cocina Peruana
[22:39:42]     Website: https://www.puerto511.com
[22:39:46]   [WEBSITE] Looking up: The Empanada Lady
[22:39:49]     Website: https://www.theempanadalady.shop
[22:39:56] 
[22:39:56] === Discovering from: Omni Shoreham Hotel ===
[22:40:02]   Scrolling to find recommendations...
[22:40:09]   Extracting cards...
[22:40:09]   No 'People also search for' found
[22:40:09]   Clicked 'View more' — loading expanded list...
[22:40:14]   Expanded list: found 6 venues
[22:40:18]   Found 16 total recommendations
[22:40:34]   Added 4 new venues from Omni Shoreham Hotel
[22:40:34]   [WEBSITE] Looking up: Washington Hilton
[22:40:37]     Website: https://www.hilton.com
[22:40:43]   [WEBSITE] Looking up: The Churchill Hotel Near Embassy Row
[22:40:46]     Website: https://www.thechurchillhotel.com
[22:40:52]   [WEBSITE] Looking up: HighRoad Hotel
[22:40:56]     Website: https://highroadhotel.com
[22:41:01]   [WEBSITE] Looking up: Omni Shoreham Hotel
[22:41:05]     Website: https://www.omnihotels.com
[22:41:13] 
[22:41:13] === Discovering from: Knoxie's Table ===
[22:41:20]   Scrolling to find recommendations...
[22:41:26]   Extracting cards...
[22:41:26]   Found 4 'People also search for' results
[22:41:26]   Found 4 total recommendations
[22:41:45]   Added 4 new venues from Knoxie's Table
[22:41:45]   [WEBSITE] Looking up: Libbey's Coastal Kitchen and Cocktails
[22:41:49]     Website: https://libbeyscoastalkitchen.com
[22:41:54]   [WEBSITE] Looking up: Dock House
[22:41:58]     Website: https://dockhouserestaurant.com
[22:42:03]   [WEBSITE] Looking up: 18TWENTY Restaurant & Bar
[22:42:07]     Website: https://www.kentislandresort.com
[22:42:12]   [WEBSITE] Looking up: Rams Head Shore House
[22:42:15]     Website: https://www.ramsheadshorehouse.com
[22:42:23]   MAX_GIGS=4 reached — stopping.
[22:42:23] Cleaning up discovered_gigs.txt...
[22:42:28] Calculating distances for new venues...
[22:42:34]   Distances calculated: 1
[22:42:34] 
[22:42:34] === Discovery Complete — Total new venues: 15 ===

[19:52:07] === Venue Discovery Started ===
[19:52:07] Fetching past gigs...
[19:52:10] Found 69 past gigs
[19:52:10] Fetching existing venues for dedup...
[19:52:12] Existing venues: 400
[19:52:12]   SKIP (already discovered): L'Auberge Chez Francois
[19:52:12]   SKIP (already discovered): The Inn at Perry Cabin
[19:52:12]   SKIP (already discovered): The Maryland Club
[19:52:12]   SKIP (already discovered): Black Ankle Vineyards
[19:52:12]   SKIP (already discovered): Royal Restaurant
[19:52:12]   SKIP (already discovered): Good Spirit Farm Winery
[19:52:12]   SKIP (already discovered): Chesapeake Manor Vineyard
[19:52:12]   SKIP (already discovered): Elkridge Furnace Inn
[19:52:12]   SKIP (already discovered): Xella Winery and Vineyard
[19:52:12]   SKIP (already discovered): Twin Oaks Tavern Winery
[19:52:12]   SKIP (already discovered): Windridge Vineyards
[19:52:12]   SKIP (already discovered): University Club
[19:52:12]   SKIP (already discovered): The Farmhouse Tuscan
[19:52:12]   SKIP (already discovered): Big Cork Vineyards
[19:52:12]   SKIP (already discovered): Savage Mill Mall
[19:52:12]   SKIP (already discovered): Trueman Vineyards
[19:52:13]   SKIP (already discovered): Williams Gap Vineyard
[19:52:13]   SKIP (already discovered): Hello Betty Bethesda
[19:52:13]   SKIP (already discovered): The Madison Hotel
[19:52:13]   SKIP (already discovered): Belle Haven Country Club
[19:52:13]   SKIP (already discovered): Casanel Vineyards & Winery
[19:52:13]   SKIP (already discovered): Chrysalis Vineyards at The Ag District
[19:52:13]   SKIP (already discovered): Corteau Winery
[19:52:13]   SKIP (already discovered): Penn Oaks Winery
[19:52:13]   SKIP (already discovered): Pizza Pomodoro
[19:52:13]   SKIP (already discovered): Hidden Brook Winery
[19:52:13]   SKIP (already discovered): Simple Theory Wine Co
[19:52:13]   SKIP (already discovered): Brightview Perry Hall
[19:52:13]   SKIP (already discovered): Lake Anne Coffee House & Wine Bar
[19:52:13]   SKIP (already discovered): Gaylord National Harbor
[19:52:13]   SKIP (already discovered): Woodberry Kitchen
[19:52:13]   SKIP (already discovered): Great Sage
[19:52:13]   SKIP (already discovered): Cosmos Club DC
[19:52:13]   SKIP (already discovered): Doukénie Winery
[19:52:13]   SKIP (already discovered): State Plaza Hotel DC
[19:52:13]   SKIP (already discovered): Hyatt Cambridge
[19:52:13]   SKIP (already discovered): Greenhill Vineyards
[19:52:13]   SKIP (already discovered): Loudoun Golf & Country Club
[19:52:13]   SKIP (already discovered): Creek's Edge Winery
[19:52:13]   SKIP (already discovered): The Milton Inn
[19:52:13]   SKIP (already discovered): Country Club of Fairfax
[19:52:13]   SKIP (already discovered): Century Club Hagerstown
[19:52:13]   SKIP (already discovered): Rock Spring Farm
[19:52:13]   SKIP (already discovered): Janemark Winery & Vineyard
[19:52:13]   SKIP (already discovered): Alma Cocina Latina
[19:52:13]   SKIP (already discovered): Omni Shoreham Hotel
[19:52:13]   SKIP (already discovered): Knoxie's Table
[19:52:13] 
[19:52:13] === Discovering from: 1757 Golf Club ===
[19:52:20]   Scrolling to find recommendations...
[19:52:25]   Extracting cards...
[19:52:25]   Found 5 'People also search for' results
[19:52:25]   Found 5 total recommendations
[19:52:25]   Added  new venues from 1757 Golf Club
[19:52:28] 
[19:52:28] === Discovering from: Holly Hills Country Club ===
[19:52:33]   Scrolling to find recommendations...
[19:52:38]   Extracting cards...
[19:52:38]   Found 5 'People also search for' results
[19:52:39]   Found 5 total recommendations
[19:52:39]   Added  new venues from Holly Hills Country Club
[19:52:43] 
[19:52:43] === Discovering from: Conrad Washington DC ===
[19:52:50]   Scrolling to find recommendations...
[19:52:55]   Extracting cards...
[19:52:55]   No 'People also search for' found
[19:52:55]   Clicked 'View more' — loading expanded list...
[19:53:01]   Expanded list: found 6 venues
[19:53:05]   Found 21 total recommendations
[19:53:05]   Added  new venues from Conrad Washington DC
[19:53:08] 
[19:53:08] === Discovering from: Pirouette Restaurant & Wine Shop ===
[19:53:15]   Scrolling to find recommendations...
[19:53:20]   Extracting cards...
[19:53:20]   Found 4 'People also search for' results
[19:53:20]   Found 4 total recommendations
[19:53:20]   Added  new venues from Pirouette Restaurant & Wine Shop
[19:53:25] 
[19:53:25] === Discovering from: Le Méridien Arlington ===
[19:53:32]   Scrolling to find recommendations...
[19:53:37]   Extracting cards...
[19:53:37]   No 'People also search for' found
[19:53:37]   Clicked 'View more' — loading expanded list...
[19:53:43]   Expanded list: found 6 venues
[19:53:46]   Found 16 total recommendations
[19:53:46]   Added  new venues from Le Méridien Arlington
[19:53:49] 
[19:53:49] === Discovering from: Dulles Town Center ===
[19:53:54]   Scrolling to find recommendations...
[19:54:00]   Extracting cards...
[19:54:00]   Found 5 'People also search for' results
[19:54:00]   Found 5 total recommendations
[19:54:01]   Added  new venues from Dulles Town Center
[19:54:04]   MAX_GIGS=6 reached — stopping.
[19:54:04] Cleaning up discovered_gigs.txt...
[19:54:09] 
[19:54:09] === Discovery Complete — Total new venues: 0 ===

[19:54:42] === Venue Discovery Started ===
[19:54:42] Fetching past gigs...
[19:54:45] Found 69 past gigs
[19:54:45] Fetching existing venues for dedup...
[19:54:48] Existing venues: 400
[19:54:48]   SKIP (already discovered): L'Auberge Chez Francois
[19:54:48]   SKIP (already discovered): The Inn at Perry Cabin
[19:54:48]   SKIP (already discovered): The Maryland Club
[19:54:48]   SKIP (already discovered): Black Ankle Vineyards
[19:54:48]   SKIP (already discovered): Royal Restaurant
[19:54:48]   SKIP (already discovered): Good Spirit Farm Winery
[19:54:48]   SKIP (already discovered): Chesapeake Manor Vineyard
[19:54:48]   SKIP (already discovered): Elkridge Furnace Inn
[19:54:48]   SKIP (already discovered): Xella Winery and Vineyard
[19:54:48]   SKIP (already discovered): Twin Oaks Tavern Winery
[19:54:48]   SKIP (already discovered): Windridge Vineyards
[19:54:48]   SKIP (already discovered): University Club
[19:54:48]   SKIP (already discovered): The Farmhouse Tuscan
[19:54:48]   SKIP (already discovered): Big Cork Vineyards
[19:54:48]   SKIP (already discovered): Savage Mill Mall
[19:54:48]   SKIP (already discovered): Trueman Vineyards
[19:54:48]   SKIP (already discovered): Williams Gap Vineyard
[19:54:48]   SKIP (already discovered): Hello Betty Bethesda
[19:54:48]   SKIP (already discovered): The Madison Hotel
[19:54:48]   SKIP (already discovered): Belle Haven Country Club
[19:54:48]   SKIP (already discovered): Casanel Vineyards & Winery
[19:54:48]   SKIP (already discovered): Chrysalis Vineyards at The Ag District
[19:54:48]   SKIP (already discovered): Corteau Winery
[19:54:48]   SKIP (already discovered): Penn Oaks Winery
[19:54:48]   SKIP (already discovered): Pizza Pomodoro
[19:54:48]   SKIP (already discovered): Hidden Brook Winery
[19:54:48]   SKIP (already discovered): Simple Theory Wine Co
[19:54:48]   SKIP (already discovered): Brightview Perry Hall
[19:54:48]   SKIP (already discovered): Lake Anne Coffee House & Wine Bar
[19:54:48]   SKIP (already discovered): Gaylord National Harbor
[19:54:48]   SKIP (already discovered): Woodberry Kitchen
[19:54:48]   SKIP (already discovered): Great Sage
[19:54:48]   SKIP (already discovered): Cosmos Club DC
[19:54:48]   SKIP (already discovered): Doukénie Winery
[19:54:48]   SKIP (already discovered): State Plaza Hotel DC
[19:54:48]   SKIP (already discovered): Hyatt Cambridge
[19:54:48]   SKIP (already discovered): Greenhill Vineyards
[19:54:48]   SKIP (already discovered): Loudoun Golf & Country Club
[19:54:48]   SKIP (already discovered): Creek's Edge Winery
[19:54:48]   SKIP (already discovered): The Milton Inn
[19:54:48]   SKIP (already discovered): Country Club of Fairfax
[19:54:48]   SKIP (already discovered): Century Club Hagerstown
[19:54:48]   SKIP (already discovered): Rock Spring Farm
[19:54:48]   SKIP (already discovered): Janemark Winery & Vineyard
[19:54:48]   SKIP (already discovered): Alma Cocina Latina
[19:54:48]   SKIP (already discovered): Omni Shoreham Hotel
[19:54:48]   SKIP (already discovered): Knoxie's Table
[19:54:48] 
[19:54:48] === Discovering from: 1757 Golf Club ===
[19:54:55]   Scrolling to find recommendations...
[19:55:02]   Extracting cards...
[19:55:02]   Found 5 'People also search for' results
[19:55:03]   Found 5 total recommendations
[19:55:20]   Added 4 new venues from 1757 Golf Club
[19:55:20]   [WEBSITE] Looking up: Titleist Fitting Studio at 1757 Golf Club
[19:55:24]     Website: https://www.1757golfclub.com
[19:55:28]   [WEBSITE] Looking up: Herndon Centennial Golf Course
[19:55:31]     Website: https://www.herndongolf.com
[19:55:35]   [WEBSITE] Looking up: Sterling Park Golf Club
[19:55:38]     Website: https://playsterlinggolf.com
[19:55:42]   [WEBSITE] Looking up: South Riding Golf Club
[19:55:45]     Website: https://www.southridinggc.com
[19:55:53] 
[19:55:53] === Discovering from: Holly Hills Country Club ===
[19:56:00]   Scrolling to find recommendations...
[19:56:07]   Extracting cards...
[19:56:07]   Found 5 'People also search for' results
[19:56:07]   Found 5 total recommendations
[19:56:17]   Added 3 new venues from Holly Hills Country Club
[19:56:17]   [WEBSITE] Looking up: PB Dye Golf Club
[19:56:21]     Website: https://pbdyegolf.com
[19:56:24]   [WEBSITE] Looking up: Valley Springs Golf & Event Venue
[19:56:27]     Website: https://valleyspringsgolf.com
[19:56:31]   [WEBSITE] Looking up: Woodholme Country Club
[19:56:34]     Website: https://www.woodholme.org
[19:56:40] 
[19:56:40] === Discovering from: Conrad Washington DC ===
[19:56:47]   Scrolling to find recommendations...
[19:56:54]   Extracting cards...
[19:56:54]   No 'People also search for' found
[19:56:55]   Clicked 'View more' — loading expanded list...
[19:57:01]   Expanded list: found 6 venues
[19:57:04]   Found 21 total recommendations
[19:57:36]   Added 10 new venues from Conrad Washington DC
[19:57:36]   [WEBSITE] Looking up: Moxy Washington, DC Downtown
[19:57:39]     Website: https://www.marriott.com
[19:57:44]   [WEBSITE] Looking up: The Henley Park Hotel
[19:57:47]     Website: https://www.henleypark.com
[19:57:50]   [WEBSITE] Looking up: Embassy Suites by Hilton Washington DC Convention Center
[19:57:54]     Website: https://www.hilton.com
[19:57:58]   [WEBSITE] Looking up: Courtyard by Marriott Washington Downtown/Convention Center
[19:58:01]     Website: https://www.marriott.com
[19:58:05]   [WEBSITE] Looking up: Grand Hyatt Washington
[19:58:08]     Website: https://www.hyatt.com
[19:58:12]   [WEBSITE] Looking up: Washington Marriott at Metro Center
[19:58:15]     Website: https://www.marriott.com
[19:58:19]   [WEBSITE] Looking up: Placemakr Dupont Circle
[19:58:22]     Website: https://www.placemakr.com
[19:58:25]   [WEBSITE] Looking up: Onsite Retail | Steps from Metro | District of Columbia
[19:58:29]     REJECTED (Airbnb/VRBO): https://www.vrbo.com — deleting venue XX-HOTE-415
[19:58:33]   [WEBSITE] Looking up: Sojourn on R in District of Columbia
[19:58:36]     Website: https://www.sojourndc.com
[19:58:40]   [WEBSITE] Looking up: YOTEL Washington DC
[19:58:43]     Website: https://www.yotel.com
[19:58:50] 
[19:58:50] === Discovering from: Pirouette Restaurant & Wine Shop ===
[19:58:56]   Scrolling to find recommendations...
[19:59:01]   Extracting cards...
[19:59:01]   Found 4 'People also search for' results
[19:59:01]   Found 4 total recommendations
[19:59:10]   Added 3 new venues from Pirouette Restaurant & Wine Shop
[19:59:10]   [WEBSITE] Looking up: Brass Rabbit
[19:59:13]     Website: https://www.thebrassrabbitpub.com
[19:59:18]   [WEBSITE] Looking up: Screwtop Wine Bar
[19:59:21]     Website: https://screwtopwinebar.com
[19:59:24]   [WEBSITE] Looking up: Green Pig Bistro
[19:59:27]     Website: https://greenpigbistro.com
[19:59:34] 
[19:59:34] === Discovering from: Le Méridien Arlington ===
[19:59:39]   Scrolling to find recommendations...
[19:59:45]   Extracting cards...
[19:59:45]   No 'People also search for' found
[19:59:45]   Clicked 'View more' — loading expanded list...
[19:59:51]   Expanded list: found 6 venues
[19:59:54]   Found 16 total recommendations
[20:00:13]   Added 5 new venues from Le Méridien Arlington
[20:00:13]   [WEBSITE] Looking up: Hyatt Centric Arlington
[20:00:17]     Website: https://www.hyatt.com
[20:00:20]   [WEBSITE] Looking up: Hilton Garden Inn Arlington/Courthouse Plaza
[20:00:23]     Website: https://www.hilton.com
[20:00:27]   [WEBSITE] Looking up: Homewood Suites by Hilton Arlington Rosslyn Key Bridge
[20:00:31]     Website: https://www.hilton.com
[20:00:34]   [WEBSITE] Looking up: Walk2Metro's,DCGem,Private,Wifi, FreeParking
[20:00:37]     REJECTED (Airbnb/VRBO): https://www.airbnb.com — deleting venue XX-HOTE-423
[20:00:41]   [WEBSITE] Looking up: Le Méridien Arlington
[20:00:44]     Website: https://www.marriott.com
[20:00:52] 
[20:00:52] === Discovering from: Dulles Town Center ===
[20:00:58]   Scrolling to find recommendations...
[20:01:04]   Extracting cards...
[20:01:04]   Found 5 'People also search for' results
[20:01:04]   Found 5 total recommendations
[20:01:24]   Added 5 new venues from Dulles Town Center
[20:01:24]   [WEBSITE] Looking up: Dulles Town Crossing
[20:01:28]     Website: https://www.kimcorealty.com
[20:01:32]   [WEBSITE] Looking up: Dulles 28 Centre
[20:01:35]     Website: https://dulles28centre.com
[20:01:39]   [WEBSITE] Looking up: Town Center at Sterling
[20:01:42]     Website: https://www.towncenteratsterling.com
[20:01:46]   [WEBSITE] Looking up: Village Center at Dulles
[20:01:49]     Website: https://www.regencycenters.com
[20:01:53]   [WEBSITE] Looking up: Mall
[20:01:56]     Website: https://www.shopmarleystationmall.com
[20:02:03]   MAX_GIGS=6 reached — stopping.
[20:02:03] Cleaning up discovered_gigs.txt...
[20:02:08] Calculating distances for new venues...
[20:02:12]   Distances calculated: 1
[20:02:12] 
[20:02:12] === Discovery Complete — Total new venues: 30 ===

[23:11:29] === Venue Discovery Started ===
[23:11:29] Fetching past gigs...
[23:11:32] Found 69 past gigs
[23:11:32] Fetching existing venues for dedup...
[23:11:35] Existing venues: 505
[23:11:35]   SKIP (already discovered): L'Auberge Chez Francois
[23:11:35]   SKIP (already discovered): The Inn at Perry Cabin
[23:11:35]   SKIP (already discovered): The Maryland Club
[23:11:35]   SKIP (already discovered): Black Ankle Vineyards
[23:11:35]   SKIP (already discovered): Royal Restaurant
[23:11:35]   SKIP (already discovered): Good Spirit Farm Winery
[23:11:35]   SKIP (already discovered): Chesapeake Manor Vineyard
[23:11:35]   SKIP (already discovered): Elkridge Furnace Inn
[23:11:35]   SKIP (already discovered): Xella Winery and Vineyard
[23:11:35]   SKIP (already discovered): Twin Oaks Tavern Winery
[23:11:35]   SKIP (already discovered): Windridge Vineyards
[23:11:35]   SKIP (already discovered): University Club
[23:11:35]   SKIP (already discovered): The Farmhouse Tuscan
[23:11:35]   SKIP (already discovered): Big Cork Vineyards
[23:11:35]   SKIP (already discovered): Savage Mill Mall
[23:11:35]   SKIP (already discovered): Trueman Vineyards
[23:11:35]   SKIP (already discovered): Williams Gap Vineyard
[23:11:35]   SKIP (already discovered): Hello Betty Bethesda
[23:11:35]   SKIP (already discovered): The Madison Hotel
[23:11:35]   SKIP (already discovered): Belle Haven Country Club
[23:11:35]   SKIP (already discovered): Casanel Vineyards & Winery
[23:11:35]   SKIP (already discovered): Chrysalis Vineyards at The Ag District
[23:11:35]   SKIP (already discovered): Corteau Winery
[23:11:35]   SKIP (already discovered): Penn Oaks Winery
[23:11:35]   SKIP (already discovered): Pizza Pomodoro
[23:11:35]   SKIP (already discovered): Hidden Brook Winery
[23:11:35]   SKIP (already discovered): Simple Theory Wine Co
[23:11:35]   SKIP (already discovered): Brightview Perry Hall
[23:11:35]   SKIP (already discovered): Lake Anne Coffee House & Wine Bar
[23:11:35]   SKIP (already discovered): Gaylord National Harbor
[23:11:35]   SKIP (already discovered): Woodberry Kitchen
[23:11:35]   SKIP (already discovered): Great Sage
[23:11:35]   SKIP (already discovered): Cosmos Club DC
[23:11:35]   SKIP (already discovered): Doukénie Winery
[23:11:35]   SKIP (already discovered): State Plaza Hotel DC
[23:11:35]   SKIP (already discovered): Hyatt Cambridge
[23:11:35]   SKIP (already discovered): Greenhill Vineyards
[23:11:35]   SKIP (already discovered): Loudoun Golf & Country Club
[23:11:35]   SKIP (already discovered): Creek's Edge Winery
[23:11:35]   SKIP (already discovered): The Milton Inn
[23:11:35]   SKIP (already discovered): Country Club of Fairfax
[23:11:35]   SKIP (already discovered): Century Club Hagerstown
[23:11:35]   SKIP (already discovered): Rock Spring Farm
[23:11:35]   SKIP (already discovered): Janemark Winery & Vineyard
[23:11:35]   SKIP (already discovered): Alma Cocina Latina
[23:11:35]   SKIP (already discovered): Omni Shoreham Hotel
[23:11:35]   SKIP (already discovered): Knoxie's Table
[23:11:35]   SKIP (already discovered): 1757 Golf Club
[23:11:35]   SKIP (already discovered): Holly Hills Country Club
[23:11:35]   SKIP (already discovered): Conrad Washington DC
[23:11:35]   SKIP (already discovered): Pirouette Restaurant & Wine Shop
[23:11:35]   SKIP (already discovered): Le Méridien Arlington
[23:11:35]   SKIP (already discovered): Dulles Town Center
[23:11:35] 
[23:11:35] === Discovering from: Hidden Hills Farm and Vineyard ===
[23:11:42]   Scrolling to find recommendations...
[23:11:49]   Extracting cards...
[23:11:49]   Found 5 'People also search for' results
[23:11:49]   Found 5 total recommendations
[23:11:56]   Added 2 new venues from Hidden Hills Farm and Vineyard
[23:11:56]   [WEBSITE] Looking up: Celebration Cellars Winery
[23:12:00]     Website: https://celebrationcellarswinery.com
[23:12:03]   [WEBSITE] Looking up: Links Bridge Vineyards
[23:12:06]     Website: https://www.linksbridgevineyards.com
[23:12:13] 
[23:12:13] === Discovering from: Maritime Museum St Michaels ===
[23:12:19]   Clicked first search result...
[23:12:23]   Scrolling to find recommendations...
[23:12:30]   Extracting cards...
[23:12:30]   Found 5 'People also search for' results
[23:12:31]   Found 5 total recommendations
[23:12:47]   Added 5 new venues from Maritime Museum St Michaels
[23:12:47]   [WEBSITE] Looking up: Chesapeake Bay Maritime Museum - NORTH GATE
[23:12:51]     Website: https://cbmm.org
[23:12:54]   [WEBSITE] Looking up: St Michaels Museum
[23:12:57]     Website: https://www.stmichaelsmuseum.org
[23:13:00]   [WEBSITE] Looking up: Oystering on the Chesapeake, CBMM
[23:13:04]     Website: https://cbmm.org
[23:13:07]   [WEBSITE] Looking up: At Play on the Bay Exhibition, CBMM
[23:13:11]     Website: https://cbmm.org
[23:13:14]   [WEBSITE] Looking up: CBMM Welcome Center Entrance
[23:13:18]     Website: https://cbmm.org
[23:13:25] 
[23:13:25] === Discovering from: Chartwell Golf & Country Club ===
[23:13:30]   Scrolling to find recommendations...
[23:13:37]   Extracting cards...
[23:13:37]   Found 5 'People also search for' results
[23:13:38]   Found 5 total recommendations
[23:13:54]   Added 5 new venues from Chartwell Golf & Country Club
[23:13:54]   [WEBSITE] Looking up: Walden Country Club
[23:13:57]     Website: https://www.waldencountryclub.com
[23:14:00]   [WEBSITE] Looking up: Crofton Country Club
[23:14:04]     Website: https://www.croftonclub.com
[23:14:07]   [WEBSITE] Looking up: Heritage Harbor Golf Club
[23:14:11]     Website: https://heritageharbourgolfclub.com
[23:14:14]   [WEBSITE] Looking up: Compass Pointe Golf Course
[23:14:18]     Website: https://www.compasspointegolf.com
[23:14:21]   [WEBSITE] Looking up: Bay Hills Golf Club
[23:14:24]     Website: https://bayhillsgc.com
[23:14:31] 
[23:14:31] === Discovering from: Ruse ===
[23:14:36]   Scrolling to find recommendations...
[23:14:42]   Extracting cards...
[23:14:42]   Found 4 'People also search for' results
[23:14:43]   Found 4 total recommendations
[23:14:53]   Added 3 new venues from Ruse
[23:14:53]   [WEBSITE] Looking up: Theo's Steaks, Sides & Spirits - St. Michaels
[23:14:57]     Website: https://theossteakhouse.com
[23:15:00]   [WEBSITE] Looking up: STARS Restaurant
[23:15:04]     Website: https://innatperrycabin.com
[23:15:07]   [WEBSITE] Looking up: Carpenter Street Saloon
[23:15:10]     Website: https://carpenterstreetsaloon.com
[23:15:17] 
[23:15:17] === Discovering from: InGrano Bistro Bakery ===
[23:15:23]   Scrolling to find recommendations...
[23:15:28]   Extracting cards...
[23:15:28]   Found 5 'People also search for' results
[23:15:29]   Found 5 total recommendations
[23:15:43]   Added 5 new venues from InGrano Bistro Bakery
[23:15:43]   [WEBSITE] Looking up: Corner Cafe
[23:15:47]     Website: https://annapoliscornercafe.com
[23:15:50]   [WEBSITE] Looking up: Bread and Butter Kitchen
[23:15:53]     Website: https://breadandbutterkitchen.com
[23:15:57]   [WEBSITE] Looking up: Bakers & Co.
[23:16:00]     Website: https://www.bakersandco.com
[23:16:04]   [WEBSITE] Looking up: The Corner Bakery Pasteleria & Market
[23:16:07]     Website: https://cornerbakerycafe.com
[23:16:11]   [WEBSITE] Looking up: Italian Market & Restaurant
[23:16:14]     Website: https://theitalianmarket.com
[23:16:20] 
[23:16:20] === Discovering from: Kent Manor Inn ===
[23:16:27]   Scrolling to find recommendations...
[23:16:34]   Extracting cards...
[23:16:34]   No 'People also search for' found
[23:16:35]   Clicked 'View more' — loading expanded list...
[23:16:39]   Expanded list: found 6 venues
[23:16:42]   Found 16 total recommendations
[23:17:13]   Added 9 new venues from Kent Manor Inn
[23:17:13]   [WEBSITE] Looking up: Holiday Inn Express Annapolis East-Kent Island by IHG
[23:17:17]     Website: https://www.ihg.com
[23:17:20]   [WEBSITE] Looking up: Best Western Kent Narrows Inn
[23:17:23]     Website: https://www.bestwestern.com
[23:17:26]   [WEBSITE] Looking up: Kent Island Luxary Home W/ Pool and walking distance from the beach
[23:17:29]     REJECTED (Airbnb/VRBO): https://www.vrbo.com — deleting venue XX-HOTE-528
[23:17:33]   [WEBSITE] Looking up: Waterfront | Hot Tub, Fire Pit & Views
[23:17:37]     REJECTED (Airbnb/VRBO): https://www.airbnb.com — deleting venue XX-HOTE-529
[23:17:42]   [WEBSITE] Looking up: 40' Bristol sailboat with spectacular views
[23:17:45]     Website: https://www.practical-sailor.com
[23:17:48]   [WEBSITE] Looking up: Room for an Island getaway
[23:17:52]     Website: https://www.blockislandresorts.com
[23:17:55]   [WEBSITE] Looking up: Annapolis Waterfront Hotel, Autograph Collection
[23:17:59]     Website: https://www.marriott.com
[23:18:02]   [WEBSITE] Looking up: Kent Island Resort
[23:18:05]     Website: https://www.kentislandresort.com
[23:18:09]   [WEBSITE] Looking up: The Inn at the Chesapeake Bay Beach Club & Spa
[23:18:12]     Website: https://www.baybeachclub.com
[23:18:19] 
[23:18:19] === Discovering from: Army Navy Country Club ===
[23:18:26]   Clicked first search result...
[23:18:29]   Scrolling to find recommendations...
[23:18:34]   Extracting cards...
[23:18:34]   Found 5 'People also search for' results
[23:18:35]   Found 5 total recommendations
[23:18:45]   Added 4 new venues from Army Navy Country Club
[23:18:45]   [WEBSITE] Looking up: Army Navy Country Club Outdoor Tennis Courts
[23:18:48]     Website: https://www.courts.ancc.org
[23:18:51]   [WEBSITE] Looking up: The Army & Navy Club
[23:18:55]     Website: https://www.armynavyclub.org
[23:18:58]   [WEBSITE] Looking up: Army Navy Country Club Maintenance
[23:19:01]     Website: https://www.ancc.org
[23:19:04]   [WEBSITE] Looking up: Army Navy Country Club Indoor Tennis Center
[23:19:07]     Website: https://www.ancc.org
[23:19:17]   MAX_GIGS=7 reached — stopping.
[23:19:17] Cleaning up discovered_gigs.txt...
[23:19:20] Calculating distances for new venues...
[23:19:24]   Distances calculated: 0
[23:19:24] 
[23:19:24] === Discovery Complete — Total new venues: 33 ===

[15:51:10] === Venue Discovery Started ===
[15:51:10] Fetching past gigs...
[15:51:12] Found 69 past gigs
[15:51:12] Fetching existing venues for dedup...
[15:51:15] Existing venues: 576
[15:51:15]   SKIP (already discovered): L'Auberge Chez Francois
[15:51:15]   SKIP (already discovered): The Inn at Perry Cabin
[15:51:15]   SKIP (already discovered): The Maryland Club
[15:51:15]   SKIP (already discovered): Black Ankle Vineyards
[15:51:15]   SKIP (already discovered): Royal Restaurant
[15:51:15]   SKIP (already discovered): Good Spirit Farm Winery
[15:51:15]   SKIP (already discovered): Chesapeake Manor Vineyard
[15:51:15]   SKIP (already discovered): Elkridge Furnace Inn
[15:51:15]   SKIP (already discovered): Xella Winery and Vineyard
[15:51:15]   SKIP (already discovered): Twin Oaks Tavern Winery
[15:51:15]   SKIP (already discovered): Windridge Vineyards
[15:51:15]   SKIP (already discovered): University Club
[15:51:15]   SKIP (already discovered): The Farmhouse Tuscan
[15:51:15]   SKIP (already discovered): Big Cork Vineyards
[15:51:15]   SKIP (already discovered): Savage Mill Mall
[15:51:15]   SKIP (already discovered): Trueman Vineyards
[15:51:15]   SKIP (already discovered): Williams Gap Vineyard
[15:51:15]   SKIP (already discovered): Hello Betty Bethesda
[15:51:15]   SKIP (already discovered): The Madison Hotel
[15:51:15]   SKIP (already discovered): Belle Haven Country Club
[15:51:15]   SKIP (already discovered): Casanel Vineyards & Winery
[15:51:15]   SKIP (already discovered): Chrysalis Vineyards at The Ag District
[15:51:15]   SKIP (already discovered): Corteau Winery
[15:51:15]   SKIP (already discovered): Penn Oaks Winery
[15:51:15]   SKIP (already discovered): Pizza Pomodoro
[15:51:15]   SKIP (already discovered): Hidden Brook Winery
[15:51:15]   SKIP (already discovered): Simple Theory Wine Co
[15:51:15]   SKIP (already discovered): Brightview Perry Hall
[15:51:15]   SKIP (already discovered): Lake Anne Coffee House & Wine Bar
[15:51:15]   SKIP (already discovered): Gaylord National Harbor
[15:51:15]   SKIP (already discovered): Woodberry Kitchen
[15:51:15]   SKIP (already discovered): Great Sage
[15:51:15]   SKIP (already discovered): Cosmos Club DC
[15:51:15]   SKIP (already discovered): Doukénie Winery
[15:51:15]   SKIP (already discovered): State Plaza Hotel DC
[15:51:15]   SKIP (already discovered): Hyatt Cambridge
[15:51:15]   SKIP (already discovered): Greenhill Vineyards
[15:51:15]   SKIP (already discovered): Loudoun Golf & Country Club
[15:51:15]   SKIP (already discovered): Creek's Edge Winery
[15:51:15]   SKIP (already discovered): The Milton Inn
[15:51:15]   SKIP (already discovered): Country Club of Fairfax
[15:51:15]   SKIP (already discovered): Century Club Hagerstown
[15:51:15]   SKIP (already discovered): Rock Spring Farm
[15:51:15]   SKIP (already discovered): Janemark Winery & Vineyard
[15:51:15]   SKIP (already discovered): Alma Cocina Latina
[15:51:15]   SKIP (already discovered): Omni Shoreham Hotel
[15:51:15]   SKIP (already discovered): Knoxie's Table
[15:51:15]   SKIP (already discovered): 1757 Golf Club
[15:51:15]   SKIP (already discovered): Holly Hills Country Club
[15:51:15]   SKIP (already discovered): Conrad Washington DC
[15:51:16]   SKIP (already discovered): Pirouette Restaurant & Wine Shop
[15:51:16]   SKIP (already discovered): Le Méridien Arlington
[15:51:16]   SKIP (already discovered): Dulles Town Center
[15:51:16]   SKIP (already discovered): Hidden Hills Farm and Vineyard
[15:51:16]   SKIP (already discovered): Maritime Museum St Michaels
[15:51:16]   SKIP (already discovered): Chartwell Golf & Country Club
[15:51:16]   SKIP (already discovered): Ruse
[15:51:16]   SKIP (already discovered): InGrano Bistro Bakery
[15:51:16]   SKIP (already discovered): Kent Manor Inn
[15:51:16]   SKIP (already discovered): Army Navy Country Club
[15:51:16] 
[15:51:16] === Discovering from: River Bend Country Club ===
[15:51:22]   Clicked first search result...
[15:51:27]   Scrolling to find recommendations...
[15:51:34]   Extracting cards...
[15:51:34]   Found 5 'People also search for' results
[15:51:34]   Found 5 total recommendations
[15:51:42]   Added 2 new venues from River Bend Country Club
[15:51:42]   [WEBSITE] Looking up: Hidden Creek Country Club
[15:51:45]     Website: https://www.hiddencreekcc.com
[15:51:49]   [WEBSITE] Looking up: Country Club of Fairfax
[15:51:52]     Website: https://ccfairfax.org
[15:51:58] 
[15:51:58] === Discovering from: City Tavern DC ===
[15:52:05]   Scrolling to find recommendations...
[15:52:12]   Extracting cards...
[15:52:13]   Found 4 'People also search for' results
[15:52:13]   Found 4 total recommendations
[15:52:24]   Added 4 new venues from City Tavern DC
[15:52:24]   [WEBSITE] Looking up: Georgetown Piano Bar
[15:52:27]     Website: https://www.georgetownpianobar.com
[15:52:31]   [WEBSITE] Looking up: Martin's Tavern
[15:52:34]     Website: https://www.martinstavern.com
[15:52:38]   [WEBSITE] Looking up: The Tombs
[15:52:41]     Website: https://www.tombs.com
[15:52:44]   [WEBSITE] Looking up: Mr. Smith's of Georgetown
[15:52:48]     Website: https://mrsmiths.com
[15:52:56] 
[15:52:56] === Discovering from: Baltimore Country Club ===
[15:53:02]   Clicked first search result...
[15:53:05]   Scrolling to find recommendations...
[15:53:11]   Extracting cards...
[15:53:11]   Found 5 'People also search for' results
[15:53:11]   Found 5 total recommendations
[15:53:24]   Added 4 new venues from Baltimore Country Club
[15:53:24]   [WEBSITE] Looking up: Hunt Valley Country Club
[15:53:28]     Website: https://arcisgolf.com
[15:53:31]   [WEBSITE] Looking up: The Elkridge Club
[15:53:34]     Website: https://www.elkridgeclub.org
[15:53:37]   [WEBSITE] Looking up: Green Spring Valley Hunt Club (Private)
[15:53:41]     Website: https://www.gsvhc.com
[15:53:45]   [WEBSITE] Looking up: Country Club of Maryland
[15:53:48]     Website: https://ccofmd.com
[15:53:55] 
[15:53:55] === Discovering from: Vino and Pasta ===
[15:54:01]   Scrolling to find recommendations...
[15:54:07]   Extracting cards...
[15:54:08]   Found 5 'People also search for' results
[15:54:08]   Found 5 total recommendations
[15:54:14]   Added 2 new venues from Vino and Pasta
[15:54:14]   [WEBSITE] Looking up: Primo Pasta Kitchen
[15:54:18]     Website: https://www.primopastakitchen.com
[15:54:22]   [WEBSITE] Looking up: Carrabba's Italian Grill
[15:54:25]     Website: https://www.carrabbas.com
[15:54:32] 
[15:54:32] === Discovering from: 50 West Vineyards ===
[15:54:39]   Scrolling to find recommendations...
[15:54:44]   Extracting cards...
[15:54:45]   Found 5 'People also search for' results
[15:54:45]   Found 5 total recommendations
[15:54:51]   Added 1 new venues from 50 West Vineyards
[15:54:51]   [WEBSITE] Looking up: Slater Run Vineyards
[15:54:54]     Website: https://www.slaterrun.com
[15:55:05] 
[15:55:05] === Discovering from: The Galley Restaurant & Bar ===
[15:55:10]   Scrolling to find recommendations...
[15:55:17]   Extracting cards...
[15:55:17]   Found 4 'People also search for' results
[15:55:17]   Found 4 total recommendations
[15:55:20]   Added 1 new venues from The Galley Restaurant & Bar
[15:55:20]   [WEBSITE] Looking up: Foxy's Harbor Grille
[15:55:24]     Website: https://www.foxysharborgrille.com
[15:55:31] 
[15:55:31] === Discovering from: Wylder Hotel Tilghman Island ===
[15:55:38]   Scrolling to find recommendations...
[15:55:43]   Extracting cards...
[15:55:43]   No 'People also search for' found
[15:55:44]   Clicked 'View more' — loading expanded list...
[15:55:49]   Expanded list: found 5 venues
[15:55:52]   Found 0 total recommendations
[15:55:52]   Added 0 new venues from Wylder Hotel Tilghman Island
[15:55:55]   MAX_GIGS=7 reached — stopping.
[15:55:55] Cleaning up discovered_gigs.txt...
[15:56:01] Calculating distances for new venues...
[15:56:06]   Distances calculated: 0
[15:56:06] 
[15:56:06] === Discovery Complete — Total new venues: 14 ===

[22:39:47] === Venue Discovery Started ===
[22:39:47] Fetching past gigs...
[22:39:49] Found 70 past gigs
[22:39:49] Fetching existing venues for dedup...
[22:39:52] Existing venues: 623
[22:39:52]   SKIP (already discovered): L'Auberge Chez Francois
[22:39:52]   SKIP (already discovered): The Inn at Perry Cabin
[22:39:52]   SKIP (already discovered): The Maryland Club
[22:39:52]   SKIP (already discovered): Black Ankle Vineyards
[22:39:52]   SKIP (already discovered): Royal Restaurant
[22:39:52]   SKIP (already discovered): Good Spirit Farm Winery
[22:39:52]   SKIP (already discovered): Chesapeake Manor Vineyard
[22:39:52]   SKIP (already discovered): Elkridge Furnace Inn
[22:39:52]   SKIP (already discovered): Xella Winery and Vineyard
[22:39:52]   SKIP (already discovered): Twin Oaks Tavern Winery
[22:39:52]   SKIP (already discovered): Windridge Vineyards
[22:39:52]   SKIP (already discovered): University Club
[22:39:52]   SKIP (already discovered): The Farmhouse Tuscan
[22:39:52]   SKIP (already discovered): Big Cork Vineyards
[22:39:52]   SKIP (already discovered): Savage Mill Mall
[22:39:53]   SKIP (already discovered): Trueman Vineyards
[22:39:53]   SKIP (already discovered): Williams Gap Vineyard
[22:39:53]   SKIP (already discovered): Hello Betty Bethesda
[22:39:53]   SKIP (already discovered): The Madison Hotel
[22:39:53]   SKIP (already discovered): Belle Haven Country Club
[22:39:53]   SKIP (already discovered): Casanel Vineyards & Winery
[22:39:53]   SKIP (already discovered): Chrysalis Vineyards at The Ag District
[22:39:53]   SKIP (already discovered): Corteau Winery
[22:39:53]   SKIP (already discovered): Penn Oaks Winery
[22:39:53]   SKIP (already discovered): Pizza Pomodoro
[22:39:53]   SKIP (already discovered): Hidden Brook Winery
[22:39:53]   SKIP (already discovered): Simple Theory Wine Co
[22:39:53]   SKIP (already discovered): Brightview Perry Hall
[22:39:53]   SKIP (already discovered): Lake Anne Coffee House & Wine Bar
[22:39:53]   SKIP (already discovered): Gaylord National Harbor
[22:39:53]   SKIP (already discovered): Woodberry Kitchen
[22:39:53]   SKIP (already discovered): Great Sage
[22:39:53]   SKIP (already discovered): Cosmos Club DC
[22:39:53]   SKIP (already discovered): Doukénie Winery
[22:39:53]   SKIP (already discovered): State Plaza Hotel DC
[22:39:53]   SKIP (already discovered): Hyatt Cambridge
[22:39:53]   SKIP (already discovered): Greenhill Vineyards
[22:39:53]   SKIP (already discovered): Loudoun Golf & Country Club
[22:39:53]   SKIP (already discovered): Creek's Edge Winery
[22:39:53]   SKIP (already discovered): The Milton Inn
[22:39:53]   SKIP (already discovered): Country Club of Fairfax
[22:39:53]   SKIP (already discovered): Century Club Hagerstown
[22:39:53]   SKIP (already discovered): Rock Spring Farm
[22:39:53]   SKIP (already discovered): Janemark Winery & Vineyard
[22:39:53]   SKIP (already discovered): Alma Cocina Latina
[22:39:53]   SKIP (already discovered): Omni Shoreham Hotel
[22:39:53]   SKIP (already discovered): Knoxie's Table
[22:39:53]   SKIP (already discovered): 1757 Golf Club
[22:39:53]   SKIP (already discovered): Holly Hills Country Club
[22:39:53]   SKIP (already discovered): Conrad Washington DC
[22:39:53]   SKIP (already discovered): Pirouette Restaurant & Wine Shop
[22:39:53]   SKIP (already discovered): Le Méridien Arlington
[22:39:53]   SKIP (already discovered): Dulles Town Center
[22:39:53]   SKIP (already discovered): Hidden Hills Farm and Vineyard
[22:39:53]   SKIP (already discovered): Maritime Museum St Michaels
[22:39:53]   SKIP (already discovered): Chartwell Golf & Country Club
[22:39:53]   SKIP (already discovered): Ruse
[22:39:53]   SKIP (already discovered): InGrano Bistro Bakery
[22:39:53]   SKIP (already discovered): Kent Manor Inn
[22:39:53]   SKIP (already discovered): Army Navy Country Club
[22:39:53]   SKIP (already discovered): River Bend Country Club
[22:39:53]   SKIP (already discovered): City Tavern DC
[22:39:53]   SKIP (already discovered): Baltimore Country Club
[22:39:53]   SKIP (already discovered): Vino and Pasta
[22:39:53]   SKIP (already discovered): 50 West Vineyards
[22:39:53]   SKIP (already discovered): The Galley Restaurant & Bar
[22:39:53]   SKIP (already discovered): Wylder Hotel Tilghman Island
[22:39:53] 
[22:39:53] === Discovering from: Bistrot Lepic ===
[22:39:59]   Scrolling to find recommendations...
[22:40:04]   Extracting cards...
[22:40:04]   Found 5 'People also search for' results
[22:40:04]   Found 5 total recommendations
[22:40:37]   Added 4 new venues from Bistrot Lepic
[22:40:37]   [WEBSITE] Looking up: Chez Billy Sud
[22:40:40]     Website: http://chezbillysud.com
[22:40:43]   [WEBSITE] Looking up: Lutèce.
[22:40:47]     Website: https://www.lutecedc.com
[22:40:50]   [WEBSITE] Looking up: Brasserie Liberté
[22:40:53]     Website: https://www.libertedc.com
[22:40:57]   [WEBSITE] Looking up: 1789 Restaurant
[22:41:00]     Website: https://www.1789restaurant.com
[22:41:09] 
[22:41:09] === Discovering from: Sunset Hills Winery ===
[22:41:16]   Scrolling to find recommendations...
[22:41:23]   Extracting cards...
[22:41:23]   Found 5 'People also search for' results
[22:41:23]   Found 5 total recommendations
[22:41:26]   Added 1 new venues from Sunset Hills Winery
[22:41:26]   [WEBSITE] Looking up: Notaviva Farm Brewery & Winery
[22:41:30]     Website: https://www.notaviva.com
[22:41:36] 
[22:41:36] === Discovering from: The Oaks Waterfront Hotel ===
[22:41:42]   Scrolling to find recommendations...
[22:41:49]   Extracting cards...
[22:41:49]   No 'People also search for' found
[22:41:50]   Clicked 'View more' — loading expanded list...
[22:41:54]   Expanded list: found 5 venues
[22:41:57]   Found 18 total recommendations
[22:42:04]   Added 2 new venues from The Oaks Waterfront Hotel
[22:42:04]   [WEBSITE] Looking up: George Brooks House Bed & Breakfast
[22:42:07]     Website: https://www.georgebrookshouse.com
[22:42:10]   [WEBSITE] Looking up: Tidewater Inn
[22:42:14]     Website: https://tidewaterinn.com
[22:42:21] Cleaning up discovered_gigs.txt...
[22:42:25] Calculating distances for new venues...
[22:42:30]   Distances calculated: 0
[22:42:30] 
[22:42:30] === Discovery Complete — Total new venues: 7 ===

[22:43:00] === Taste Discovery Mode Started ===
[22:43:00] MAX_QUERIES=15
[22:43:00] Fetching existing venues for dedup...
[22:43:08] Existing venues: 630
[22:43:08] Generating search queries from taste profile...
[22:43:08] Generated 467 queries (15 will run this session)
[22:43:08] 
[22:43:08] === Taste Query [1/15]: fine dining restaurant Georgetown DC ===
[22:43:14]   Scrolling search results...
[22:43:22]   Extracting results...
[22:43:22]   Found 37 results
[22:43:38]   Added 5 new venues from query
[22:43:38]   [WEBSITE] Looking up: Sequoia DC
[22:43:41]     Website: https://sequoiadc.com
[22:43:44]   [WEBSITE] Looking up: Kappo DC
[22:43:48]     Website: https://kappodc.com
[22:43:51]   [WEBSITE] Looking up: The Fountain Inn DC
[22:43:55]     Website: https://www.fountaininndc.com
[22:43:58]   [WEBSITE] Looking up: Founding Farmers DC
[22:44:01]     Website: https://www.wearefoundingfarmers.com
[22:44:05]   [WEBSITE] Looking up: Kitchen + Kocktails By Kevin Kelley - DC
[22:44:08]     Website: https://www.kitchenkocktailsusa.com
[22:44:17] 
[22:44:17] === Taste Query [2/15]: fine dining restaurant Dupont Circle DC ===
[22:44:22]   Scrolling search results...
[22:44:30]   Extracting results...
[22:44:30]   Found 17 results
[22:44:33]   Added 1 new venues from query
[22:44:33]   [WEBSITE] Looking up: PLANTA Washington DC
[22:44:36]     Website: https://www.plantarestaurants.com
[22:44:48] 
[22:44:48] === Taste Query [3/15]: fine dining restaurant Potomac MD ===
[22:44:54]   Scrolling search results...
[22:45:00]   Extracting results...
[22:45:00]   Found 11 results
[22:45:04]   Added 1 new venues from query
[22:45:04]   [WEBSITE] Looking up: La Grande Boucherie DC
[22:45:07]     Website: https://www.boucherieus.com
[22:45:15] 
[22:45:15] === Taste Query [4/15]: fine dining restaurant Bethesda MD ===
[22:45:20]   Scrolling search results...
[22:45:27]   Extracting results...
[22:45:28]   Found 16 results
[22:45:28]   Added 0 new venues from query
[22:45:34] 
[22:45:34] === Taste Query [5/15]: fine dining restaurant Chevy Chase MD ===
[22:45:38]   Scrolling search results...
[22:45:47]   Extracting results...
[22:45:47]   Found 12 results
[22:45:49]   Added 0 new venues from query
[22:45:54] 
[22:45:54] === Taste Query [6/15]: fine dining restaurant Great Falls VA ===
[22:45:59]   Scrolling search results...
[22:46:05]   Extracting results...
[22:46:05]   Found 3 results
[22:46:05]   Added 0 new venues from query
[22:46:11] 
[22:46:11] === Taste Query [7/15]: fine dining restaurant McLean VA ===
[22:46:17]   Scrolling search results...
[22:46:24]   Extracting results...
[22:46:24]   Found 43 results
[22:46:24]   Added 0 new venues from query
[22:46:33] 
[22:46:33] === Taste Query [8/15]: fine dining restaurant Alexandria VA ===
[22:46:38]   Scrolling search results...
[22:46:45]   Extracting results...
[22:46:46]   Found 17 results
[22:46:46]   Added 0 new venues from query
[22:46:53] 
[22:46:53] === Taste Query [9/15]: fine dining restaurant Reston VA ===
[22:46:57]   Scrolling search results...
[22:47:06]   Extracting results...
[22:47:06]   Found 18 results
[22:47:06]   Added 0 new venues from query
[22:47:14] 
[22:47:14] === Taste Query [10/15]: fine dining restaurant Middleburg VA ===
[22:47:20]   Scrolling search results...
[22:47:28]   Extracting results...
[22:47:28]   Found 18 results
[22:47:28]   Added 0 new venues from query
[22:47:35] 
[22:47:35] === Taste Query [11/15]: fine dining restaurant Leesburg VA ===
[22:47:41]   Scrolling search results...
[22:47:47]   Extracting results...
[22:47:47]   Found 13 results
[22:47:47]   Added 0 new venues from query
[22:47:53] 
[22:47:53] === Taste Query [12/15]: fine dining restaurant St. Michaels MD ===
[22:47:58]   Scrolling search results...
[22:48:04]   Extracting results...
[22:48:04]   Found 14 results
[22:48:04]   Added 0 new venues from query
[22:48:12] 
[22:48:12] === Taste Query [13/15]: fine dining restaurant Easton MD ===
[22:48:19]   Scrolling search results...
[22:48:27]   Extracting results...
[22:48:28]   Found 13 results
[22:48:28]   Added 0 new venues from query
[22:48:34] 
[22:48:34] === Taste Query [14/15]: fine dining restaurant Annapolis MD ===
[22:48:38]   Scrolling search results...
[22:48:45]   Extracting results...
[22:48:45]   Found 45 results
[22:48:45]   Added 0 new venues from query
[22:48:53] 
[22:48:53] === Taste Query [15/15]: fine dining restaurant Roland Park Baltimore MD ===
[22:49:00]   Scrolling search results...
[22:49:06]   Extracting results...
[22:49:06]   Found 18 results
[22:49:09]   Added 1 new venues from query
[22:49:09]   [WEBSITE] Looking up: Rec Pier Chop House
[22:49:12]     Website: https://www.recpierchophouse.com
[22:49:24]   MAX_QUERIES=15 reached — stopping.
[22:49:24] Calculating distances for new venues...
[22:49:30]   Distances calculated: 0
[22:49:30] 
[22:49:30] === Taste Discovery Complete ===
[22:49:30]   Queries run: 15
[22:49:30]   Venues added: 8
[22:49:30]   Queries remaining: 452

[22:45:58] === Taste Discovery Mode Started ===
[22:45:58] MAX_QUERIES=9
[22:45:58] Fetching existing venues for dedup...
[22:46:01] Existing venues: 637
[22:46:01] Generating search queries from taste profile...
[22:46:01] Generated 482 queries (9 will run this session)
[22:46:01] 
[22:46:01] === Taste Query [1/9]: historic fine dining restaurant Georgetown DC ===
[22:46:06]   Scrolling search results...
[22:46:13]   Extracting results...
[22:46:13]   Found 45 results
[22:46:52]   Added 14 new venues from query
[22:46:52]   [WEBSITE] Looking up: River Club DC
[22:46:55]     Website: https://www.riverclubdc.com
[22:46:58]   [WEBSITE] Looking up: Imperfecto
[22:47:02]     Website: https://www.sevenreasonsgroup.com
[22:47:05]   [WEBSITE] Looking up: Old Ebbitt Grill
[22:47:08]     Website: https://www.ebbitt.com
[22:47:11]   [WEBSITE] Looking up: Blue Duck Tavern
[22:47:14]     Website: https://www.blueducktavern.com
[22:47:17]   [WEBSITE] Looking up: Iron Gate Restaurant
[22:47:21]     Website: https://www.irongaterestaurantdc.com
[22:47:24]   [WEBSITE] Looking up: Bazaar Meat by José Andrés
[22:47:27]     Website: https://www.thebazaar.com
[22:47:49]   [WEBSITE] Looking up: BOURBON STEAK
[22:47:53]     Website: https://www.bourbonsteakdc.com
[22:47:55]   [WEBSITE] Looking up: Café Riggs
[22:47:59]     Website: https://www.riggsdc.com
[22:48:01]   [WEBSITE] Looking up: Kingbird
[22:48:05]     Website: https://www.thewatergatehotel.com
[22:48:08]   [WEBSITE] Looking up: Old Europe
[22:48:12]     Website: http://www.old-europe.com
[22:48:15]   [WEBSITE] Looking up: Ris
[22:48:18]     Website: https://www.risdc.com
[22:48:22]   [WEBSITE] Looking up: Flavio Restaurant DC
[22:48:25]     Website: https://flaviodc.com
[22:48:28]   [WEBSITE] Looking up: The Dabney
[22:48:31]     Website: https://thedabney.com
[22:48:34]   [WEBSITE] Looking up: L'Annexe
[22:48:37]     Website: https://www.lannexe-bar.com
[22:48:47] 
[22:48:47] === Taste Query [2/9]: historic fine dining restaurant Dupont Circle DC ===
[22:48:54]   Scrolling search results...
[22:49:02]   Extracting results...
[22:49:02]   Found 48 results
[22:50:13]   Added 22 new venues from query
[22:50:13]   [WEBSITE] Looking up: The Pembroke
[22:50:17]     Website: https://thepembrokedc.com
[22:50:20]   [WEBSITE] Looking up: Jônt
[22:50:23]     Website: https://www.jontdc.com
[22:50:26]   [WEBSITE] Looking up: Floriana
[22:50:29]     Website: https://www.florianadc.com
[22:50:32]   [WEBSITE] Looking up: Le DeSales
[22:50:36]     Website: https://www.ledesales.com
[22:50:39]   [WEBSITE] Looking up: La Chaumiere
[22:50:42]     Website: https://www.lachaumieredc.com
[22:50:45]   [WEBSITE] Looking up: The Greenhouse
[22:50:49]     Website: https://www.jeffersondc.com
[22:50:52]   [WEBSITE] Looking up: Rooster & Owl
[22:50:55]     Website: https://www.roosterowl.com
[22:50:58]   [WEBSITE] Looking up: Certo!
[22:51:01]     Website: https://certodc.com
[22:51:04]   [WEBSITE] Looking up: The Occidental
[22:51:08]     Website: https://theoccidentaldc.com
[22:51:10]   [WEBSITE] Looking up: Vagabond Bar and Kitchen
[22:51:14]     Website: https://www.vagabonddc.com
[22:51:17]   [WEBSITE] Looking up: Annabelle
[22:51:20]     Website: https://annabelledc.com
[22:51:23]   [WEBSITE] Looking up: Boqueria Dupont
[22:51:26]     Website: https://boqueriarestaurant.com
[22:51:29]   [WEBSITE] Looking up: Agora Dc Mediterranean Restaurant
[22:51:33]     Website: https://www.agorarestaurants.net
[22:51:37]   [WEBSITE] Looking up: Rewind Diner
[22:51:40]     Website: https://rewinddc.com
[22:51:43]   [WEBSITE] Looking up: Cosmos Club
[22:51:46]     Website: https://www.cosmosclub.org
[22:51:49]   [WEBSITE] Looking up: L'Ardente
[22:51:52]     Website: https://www.lardente.com
[22:51:55]   [WEBSITE] Looking up: The Commodore DC
[22:51:58]     Website: https://www.thecommodorepub.com
[22:52:01]   [WEBSITE] Looking up: The Monocle Restaurant
[22:52:04]     Website: https://themonocle.com
[22:52:08]   [WEBSITE] Looking up: KAYU
[22:52:11]     Website: https://kayudc.com
[22:52:14]   [WEBSITE] Looking up: Ceibo
[22:52:17]     Website: https://ceibodc.com
[22:52:20]   [WEBSITE] Looking up: The Hamilton
[22:52:24]     Website: https://www.thehamiltondc.com
[22:52:26]   [WEBSITE] Looking up: Pineapple and Pearls
[22:52:30]     Website: https://www.pineappleandpearls.com
[22:52:39] 
[22:52:39] === Taste Query [3/9]: historic fine dining restaurant Potomac MD ===
[22:52:46]   Scrolling search results...
[22:52:53]   Extracting results...
[22:52:53]   Found 19 results
[22:52:53]   Added 0 new venues from query
[22:53:01] 
[22:53:01] === Taste Query [4/9]: historic fine dining restaurant Bethesda MD ===
[22:53:06]   Scrolling search results...
[22:53:14]   Extracting results...
[22:53:14]   Found 50 results
[22:53:15]   Added 0 new venues from query
[22:53:21] 
[22:53:21] === Taste Query [5/9]: historic fine dining restaurant Chevy Chase MD ===
[22:53:27]   Scrolling search results...
[22:53:34]   Extracting results...
[22:53:35]   Found 51 results
[22:53:40]   Added 2 new venues from query
[22:53:40]   [WEBSITE] Looking up: La Ferme Restaurant
[22:53:44]     Website: https://lafermerestaurant.com
[22:53:47]   [WEBSITE] Looking up: Parthenon | Top/ Most Authentic Greek Cuisine in DC
[22:53:51]     Website: https://www.parthenondc.com
[22:54:03] 
[22:54:03] === Taste Query [6/9]: historic fine dining restaurant Great Falls VA ===
[22:54:08]   Scrolling search results...
[22:54:15]   Extracting results...
[22:54:16]   Found 26 results
[22:54:24]   Added 3 new venues from query
[22:54:24]   [WEBSITE] Looking up: Great Falls Lodge
[22:54:28]     Website: http://www.saulcenters.com
[22:54:31]   [WEBSITE] Looking up: Trummer's Restaurant
[22:54:34]     Website: https://www.trummersrestaurant.com
[22:54:37]   [WEBSITE] Looking up: Village Grill
[22:54:40]     Website: http://www.villagegrill.net
[22:54:51] 
[22:54:51] === Taste Query [7/9]: historic fine dining restaurant McLean VA ===
[22:54:56]   Scrolling search results...
[22:55:04]   Extracting results...
[22:55:04]   Found 48 results
[22:55:04]   Added 0 new venues from query
[22:55:09] 
[22:55:09] === Taste Query [8/9]: historic fine dining restaurant Alexandria VA ===
[22:55:14]   Scrolling search results...
[22:55:22]   Extracting results...
[22:55:23]   Found 51 results
[22:55:23]   Added 0 new venues from query
[22:55:29] 
[22:55:29] === Taste Query [9/9]: historic fine dining restaurant Reston VA ===
[22:55:33]   Scrolling search results...
[22:55:41]   Extracting results...
[22:55:41]   Found 50 results
[22:55:41]   Added 0 new venues from query
[22:55:48]   MAX_QUERIES=9 reached — stopping.
[22:55:48] Calculating distances for new venues...
[22:55:53]   Distances calculated: 0
[22:55:53] 
[22:55:53] === Taste Discovery Complete ===
[22:55:53]   Queries run: 9
[22:55:53]   Venues added: 41
[22:55:53]   Queries remaining: 473

[23:16:46] === Taste Discovery Mode Started ===
[23:16:46] MAX_QUERIES=50
[23:16:46] Fetching existing venues for dedup...

[23:16:51] === Taste Discovery Mode Started ===
[23:16:51] MAX_QUERIES=50
[23:16:51] Fetching existing venues for dedup...

[23:17:34] === Taste Discovery Mode Started ===
[23:17:34] MAX_QUERIES=50
[23:17:34] Fetching existing venues for dedup...
[23:17:36] Existing venues: 678
[23:17:36] Generating search queries from taste profile...
[23:17:36] CITY_FILTER='Annapolis|Severna Park': filtered to 24 matching queries
[23:17:36] Generated 24 queries (50 will run this session)
[23:17:36] 
[23:17:36] === Taste Query [1/50]: historic fine dining restaurant Annapolis MD ===

[22:32:06] === Taste Discovery Mode Started ===
[22:32:06] MAX_QUERIES=999
[22:32:06] Fetching existing venues for dedup...
[22:32:08] Existing venues: 743
[22:32:08] Generating search queries from taste profile...
[22:32:09] CITY_FILTER='Annapolis|Severna Park': filtered to 24 matching queries
[22:32:09] Generated 24 queries (999 will run this session)
[22:32:09] 
[22:32:09] === Taste Query [1/999]: historic fine dining restaurant Annapolis MD ===
[22:32:14]   Scrolling search results...
[22:32:22]   Extracting results...
[22:32:22]   No results found
[22:32:27] 
[22:32:27] === Taste Query [2/999]: French restaurant Annapolis MD ===
[22:32:33]   Scrolling search results...

[13:57:04] === Venue Discovery Started ===
[13:57:04] Fetching past gigs...
[13:57:08] Found 70 past gigs
[13:57:08] Fetching existing venues for dedup...
[13:57:13] Existing venues: 802
[13:57:13]   SKIP (already discovered): L'Auberge Chez Francois
[13:57:13]   SKIP (already discovered): The Inn at Perry Cabin
[13:57:13]   SKIP (already discovered): The Maryland Club
[13:57:13]   SKIP (already discovered): Black Ankle Vineyards
[13:57:13]   SKIP (already discovered): Royal Restaurant
[13:57:13]   SKIP (already discovered): Good Spirit Farm Winery
[13:57:13]   SKIP (already discovered): Chesapeake Manor Vineyard
[13:57:13]   SKIP (already discovered): Elkridge Furnace Inn
[13:57:13]   SKIP (already discovered): Xella Winery and Vineyard
[13:57:13]   SKIP (already discovered): Twin Oaks Tavern Winery
[13:57:13]   SKIP (already discovered): Windridge Vineyards
[13:57:13]   SKIP (already discovered): University Club
[13:57:13]   SKIP (already discovered): The Farmhouse Tuscan
[13:57:13]   SKIP (already discovered): Big Cork Vineyards
[13:57:13]   SKIP (already discovered): Savage Mill Mall
[13:57:13]   SKIP (already discovered): Trueman Vineyards
[13:57:13]   SKIP (already discovered): Williams Gap Vineyard
[13:57:13]   SKIP (already discovered): Hello Betty Bethesda
[13:57:13]   SKIP (already discovered): The Madison Hotel
[13:57:13]   SKIP (already discovered): Belle Haven Country Club
[13:57:13]   SKIP (already discovered): Casanel Vineyards & Winery
[13:57:13]   SKIP (already discovered): Chrysalis Vineyards at The Ag District
[13:57:13]   SKIP (already discovered): Corteau Winery
[13:57:13]   SKIP (already discovered): Penn Oaks Winery
[13:57:13]   SKIP (already discovered): Pizza Pomodoro
[13:57:13]   SKIP (already discovered): Hidden Brook Winery
[13:57:13]   SKIP (already discovered): Simple Theory Wine Co
[13:57:13]   SKIP (already discovered): Brightview Perry Hall
[13:57:13]   SKIP (already discovered): Lake Anne Coffee House & Wine Bar
[13:57:13]   SKIP (already discovered): Gaylord National Harbor
[13:57:13]   SKIP (already discovered): Woodberry Kitchen
[13:57:13]   SKIP (already discovered): Great Sage
[13:57:13]   SKIP (already discovered): Cosmos Club DC
[13:57:13]   SKIP (already discovered): Doukénie Winery
[13:57:13]   SKIP (already discovered): State Plaza Hotel DC
[13:57:13]   SKIP (already discovered): Hyatt Cambridge
[13:57:13]   SKIP (already discovered): Greenhill Vineyards
[13:57:13]   SKIP (already discovered): Loudoun Golf & Country Club
[13:57:13]   SKIP (already discovered): Creek's Edge Winery
[13:57:13]   SKIP (already discovered): The Milton Inn
[13:57:13]   SKIP (already discovered): Country Club of Fairfax
[13:57:13]   SKIP (already discovered): Century Club Hagerstown
[13:57:13]   SKIP (already discovered): Rock Spring Farm
[13:57:13]   SKIP (already discovered): Janemark Winery & Vineyard
[13:57:13]   SKIP (already discovered): Alma Cocina Latina
[13:57:13]   SKIP (already discovered): Omni Shoreham Hotel
[13:57:13]   SKIP (already discovered): Knoxie's Table
[13:57:13]   SKIP (already discovered): 1757 Golf Club
[13:57:13]   SKIP (already discovered): Holly Hills Country Club
[13:57:13]   SKIP (already discovered): Conrad Washington DC
[13:57:13]   SKIP (already discovered): Pirouette Restaurant & Wine Shop
[13:57:13]   SKIP (already discovered): Le Méridien Arlington
[13:57:13]   SKIP (already discovered): Dulles Town Center
[13:57:13]   SKIP (already discovered): Hidden Hills Farm and Vineyard
[13:57:13]   SKIP (already discovered): Maritime Museum St Michaels
[13:57:13]   SKIP (already discovered): Chartwell Golf & Country Club
[13:57:13]   SKIP (already discovered): Ruse
[13:57:13]   SKIP (already discovered): InGrano Bistro Bakery
[13:57:13]   SKIP (already discovered): Kent Manor Inn
[13:57:13]   SKIP (already discovered): Army Navy Country Club
[13:57:13]   SKIP (already discovered): River Bend Country Club
[13:57:13]   SKIP (already discovered): City Tavern DC
[13:57:13]   SKIP (already discovered): Baltimore Country Club
[13:57:13]   SKIP (already discovered): Vino and Pasta
[13:57:13]   SKIP (already discovered): 50 West Vineyards
[13:57:13]   SKIP (already discovered): The Galley Restaurant & Bar
[13:57:13]   SKIP (already discovered): Wylder Hotel Tilghman Island
[13:57:13]   SKIP (already discovered): Bistrot Lepic
[13:57:13]   SKIP (already discovered): Sunset Hills Winery
[13:57:13]   SKIP (already discovered): The Oaks Waterfront Hotel
[13:57:13] Cleaning up discovered_gigs.txt...
[13:57:19] 
[13:57:19] === Discovery Complete — Total new venues: 0 ===

[13:57:45] === Taste Discovery Mode Started ===
[13:57:45] MAX_QUERIES=9
[13:57:45] Fetching existing venues for dedup...
[13:57:48] Existing venues: 802
[13:57:48] Generating search queries from taste profile...
[13:57:48] Generated 501 queries (9 will run this session)
[13:57:48] 
[13:57:48] === Taste Query [1/9]: historic fine dining restaurant Middleburg VA ===
[13:57:53]   Scrolling search results...
[13:57:59]   Extracting results...
[13:57:59]   Found 44 results
[13:57:59]   Added 0 new venues from query
[13:58:06] 
[13:58:06] === Taste Query [2/9]: historic fine dining restaurant Leesburg VA ===
[13:58:12]   Scrolling search results...
[13:58:18]   Extracting results...
[13:58:18]   Found 51 results
[13:58:18]   Added 0 new venues from query
[13:58:27] 
[13:58:27] === Taste Query [3/9]: historic fine dining restaurant St. Michaels MD ===
[13:58:33]   Scrolling search results...
[13:58:39]   Extracting results...
[13:58:40]   Found 6 results
[13:58:40]   Added 0 new venues from query
[13:58:45] 
[13:58:45] === Taste Query [4/9]: historic fine dining restaurant Easton MD ===
[13:58:49]   Scrolling search results...
[13:58:57]   Extracting results...
[13:58:57]   Found 44 results
[13:59:01]   Added 1 new venues from query
[13:59:01]   [WEBSITE] Looking up: Breakfast in Easton
[13:59:04]     Website: http://eastondinermd.com
[13:59:14] 
[13:59:14] === Taste Query [5/9]: historic fine dining restaurant Roland Park Baltimore MD ===
[13:59:19]   Scrolling search results...
[13:59:27]   Extracting results...
[13:59:27]   Found 42 results
[13:59:27]   Added 0 new venues from query
[13:59:34] 
[13:59:35] === Taste Query [6/9]: French restaurant Georgetown DC ===
[13:59:40]   Scrolling search results...
[13:59:48]   Extracting results...
[13:59:49]   Found 8 results
[13:59:49]   Added 0 new venues from query
[13:59:56] 
[13:59:56] === Taste Query [7/9]: French restaurant Dupont Circle DC ===
[14:00:01]   Scrolling search results...
[14:00:10]   Extracting results...
[14:00:10]   Found 2 results
[14:00:10]   Added 0 new venues from query
[14:00:16] 
[14:00:16] === Taste Query [8/9]: French restaurant Potomac MD ===
[14:00:21]   Scrolling search results...
[14:00:28]   Extracting results...
[14:00:28]   Found 34 results
[14:00:28]   Added 0 new venues from query
[14:00:36] 
[14:00:36] === Taste Query [9/9]: French restaurant Bethesda MD ===
[14:00:42]   Scrolling search results...
[14:00:49]   Extracting results...
[14:00:49]   Found 2 results
[14:00:49]   Added 0 new venues from query
[14:00:55]   MAX_QUERIES=9 reached — stopping.
[14:00:55] Calculating distances for new venues...
[14:01:03]   Distances calculated: 0
[14:01:03] 
[14:01:03] === Taste Discovery Complete ===
[14:01:03]   Queries run: 9
[14:01:03]   Venues added: 1
[14:01:03]   Queries remaining: 492

[22:22:27] === Taste Discovery Mode Started ===
[22:22:27] MAX_QUERIES=2
[22:22:27] Fetching existing venues for dedup...
[22:22:31] Existing venues: 803
[22:22:31] Generating search queries from taste profile...
[22:22:31] CITY_FILTER='Middleburg': filtered to 14 matching queries
[22:22:31] Generated 14 queries (2 will run this session)
[22:22:31] 
[22:22:31] === Taste Query [1/2]: French restaurant Middleburg VA ===
[22:22:37]   Scrolling search results...

[10:02:05] === Venue Discovery Started ===
[10:02:05] Fetching past gigs...
[10:02:09] Found 70 past gigs
[10:02:09] Fetching existing venues for dedup...
[10:02:11] Existing venues: 799
[10:02:11]   SKIP (already discovered): L'Auberge Chez Francois
[10:02:11]   SKIP (already discovered): The Inn at Perry Cabin
[10:02:11]   SKIP (already discovered): The Maryland Club
[10:02:11]   SKIP (already discovered): Black Ankle Vineyards
[10:02:11]   SKIP (already discovered): Royal Restaurant
[10:02:11]   SKIP (already discovered): Good Spirit Farm Winery
[10:02:11]   SKIP (already discovered): Chesapeake Manor Vineyard
[10:02:11]   SKIP (already discovered): Elkridge Furnace Inn
[10:02:11]   SKIP (already discovered): Xella Winery and Vineyard
[10:02:11]   SKIP (already discovered): Twin Oaks Tavern Winery
[10:02:11]   SKIP (already discovered): Windridge Vineyards
[10:02:11]   SKIP (already discovered): University Club
[10:02:11]   SKIP (already discovered): The Farmhouse Tuscan
[10:02:11]   SKIP (already discovered): Big Cork Vineyards
[10:02:11]   SKIP (already discovered): Savage Mill Mall
[10:02:11]   SKIP (already discovered): Trueman Vineyards
[10:02:11]   SKIP (already discovered): Williams Gap Vineyard
[10:02:11]   SKIP (already discovered): Hello Betty Bethesda
[10:02:11]   SKIP (already discovered): The Madison Hotel
[10:02:11]   SKIP (already discovered): Belle Haven Country Club
[10:02:11]   SKIP (already discovered): Casanel Vineyards & Winery
[10:02:11]   SKIP (already discovered): Chrysalis Vineyards at The Ag District
[10:02:11]   SKIP (already discovered): Corteau Winery
[10:02:11]   SKIP (already discovered): Penn Oaks Winery
[10:02:11]   SKIP (already discovered): Pizza Pomodoro
[10:02:11]   SKIP (already discovered): Hidden Brook Winery
[10:02:11]   SKIP (already discovered): Simple Theory Wine Co
[10:02:11]   SKIP (already discovered): Brightview Perry Hall
[10:02:11]   SKIP (already discovered): Lake Anne Coffee House & Wine Bar
[10:02:11]   SKIP (already discovered): Gaylord National Harbor
[10:02:11]   SKIP (already discovered): Woodberry Kitchen
[10:02:11]   SKIP (already discovered): Great Sage
[10:02:11]   SKIP (already discovered): Cosmos Club DC
[10:02:11]   SKIP (already discovered): Doukénie Winery
[10:02:11]   SKIP (already discovered): State Plaza Hotel DC
[10:02:11]   SKIP (already discovered): Hyatt Cambridge
[10:02:11]   SKIP (already discovered): Greenhill Vineyards
[10:02:11]   SKIP (already discovered): Loudoun Golf & Country Club
[10:02:11]   SKIP (already discovered): Creek's Edge Winery
[10:02:11]   SKIP (already discovered): The Milton Inn
[10:02:11]   SKIP (already discovered): Country Club of Fairfax
[10:02:11]   SKIP (already discovered): Century Club Hagerstown
[10:02:11]   SKIP (already discovered): Rock Spring Farm
[10:02:12]   SKIP (already discovered): Janemark Winery & Vineyard
[10:02:12]   SKIP (already discovered): Alma Cocina Latina
[10:02:12]   SKIP (already discovered): Omni Shoreham Hotel
[10:02:12]   SKIP (already discovered): Knoxie's Table
[10:02:12]   SKIP (already discovered): 1757 Golf Club
[10:02:12]   SKIP (already discovered): Holly Hills Country Club
[10:02:12]   SKIP (already discovered): Conrad Washington DC
[10:02:12]   SKIP (already discovered): Pirouette Restaurant & Wine Shop
[10:02:12]   SKIP (already discovered): Le Méridien Arlington
[10:02:12]   SKIP (already discovered): Dulles Town Center
[10:02:12]   SKIP (already discovered): Hidden Hills Farm and Vineyard
[10:02:12]   SKIP (already discovered): Maritime Museum St Michaels
[10:02:12]   SKIP (already discovered): Chartwell Golf & Country Club
[10:02:12]   SKIP (already discovered): Ruse
[10:02:12]   SKIP (already discovered): InGrano Bistro Bakery
[10:02:12]   SKIP (already discovered): Kent Manor Inn
[10:02:12]   SKIP (already discovered): Army Navy Country Club
[10:02:12]   SKIP (already discovered): River Bend Country Club
[10:02:12]   SKIP (already discovered): City Tavern DC
[10:02:12]   SKIP (already discovered): Baltimore Country Club
[10:02:12]   SKIP (already discovered): Vino and Pasta
[10:02:12]   SKIP (already discovered): 50 West Vineyards
[10:02:12]   SKIP (already discovered): The Galley Restaurant & Bar
[10:02:12]   SKIP (already discovered): Wylder Hotel Tilghman Island
[10:02:12]   SKIP (already discovered): Bistrot Lepic
[10:02:12]   SKIP (already discovered): Sunset Hills Winery
[10:02:12]   SKIP (already discovered): The Oaks Waterfront Hotel
[10:02:12] Cleaning up discovered_gigs.txt...
[10:02:17] 
[10:02:17] === Discovery Complete — Total new venues: 0 ===

[22:40:34] === Taste Discovery Mode Started ===
[22:40:34] MAX_QUERIES=999
[22:40:34] Fetching existing venues for dedup...
[22:40:37] Existing venues: 827
[22:40:37] Generating search queries from taste profile...
[22:40:37] CITY_FILTER='Potomac MD': filtered to 33 matching queries
[22:40:37] Generated 33 queries (999 will run this session)
[22:40:37] 
[22:40:37] === Taste Query [1/999]: European bistro Potomac MD ===
[22:40:44]   Scrolling search results...

[22:40:54] === Taste Discovery Mode Started ===
[22:40:54] MAX_QUERIES=999
[22:40:54] Fetching existing venues for dedup...
[22:40:58] Existing venues: 827
[22:40:58] Generating search queries from taste profile...
[22:40:58] CITY_FILTER='Potomac MD': filtered to 33 matching queries
[22:40:58] Generated 33 queries (999 will run this session)
[22:40:58] 
[22:40:58] === Taste Query [1/999]: European bistro Potomac MD ===

[23:18:16] === Venue Discovery Started ===
[23:18:16] Fetching past gigs...
[23:18:21] Found 70 past gigs
[23:18:21] Fetching existing venues for dedup...
[23:18:23] Existing venues: 827
[23:18:23]   SKIP (already discovered): L'Auberge Chez Francois
[23:18:23]   SKIP (already discovered): The Inn at Perry Cabin
[23:18:23]   SKIP (already discovered): The Maryland Club
[23:18:23]   SKIP (already discovered): Black Ankle Vineyards
[23:18:23]   SKIP (already discovered): Royal Restaurant
[23:18:23]   SKIP (already discovered): Good Spirit Farm Winery
[23:18:23]   SKIP (already discovered): Chesapeake Manor Vineyard
[23:18:23]   SKIP (already discovered): Elkridge Furnace Inn
[23:18:23]   SKIP (already discovered): Xella Winery and Vineyard
[23:18:23]   SKIP (already discovered): Twin Oaks Tavern Winery
[23:18:23]   SKIP (already discovered): Windridge Vineyards
[23:18:23]   SKIP (already discovered): University Club
[23:18:23]   SKIP (already discovered): The Farmhouse Tuscan
[23:18:23]   SKIP (already discovered): Big Cork Vineyards
[23:18:23]   SKIP (already discovered): Savage Mill Mall
[23:18:23]   SKIP (already discovered): Trueman Vineyards
[23:18:23]   SKIP (already discovered): Williams Gap Vineyard
[23:18:23]   SKIP (already discovered): Hello Betty Bethesda
[23:18:23]   SKIP (already discovered): The Madison Hotel
[23:18:23]   SKIP (already discovered): Belle Haven Country Club
[23:18:24]   SKIP (already discovered): Casanel Vineyards & Winery
[23:18:24]   SKIP (already discovered): Chrysalis Vineyards at The Ag District
[23:18:24]   SKIP (already discovered): Corteau Winery
[23:18:24]   SKIP (already discovered): Penn Oaks Winery
[23:18:24]   SKIP (already discovered): Pizza Pomodoro
[23:18:24]   SKIP (already discovered): Hidden Brook Winery
[23:18:24]   SKIP (already discovered): Simple Theory Wine Co
[23:18:24]   SKIP (already discovered): Brightview Perry Hall
[23:18:24]   SKIP (already discovered): Lake Anne Coffee House & Wine Bar
[23:18:24]   SKIP (already discovered): Gaylord National Harbor
[23:18:24]   SKIP (already discovered): Woodberry Kitchen
[23:18:24]   SKIP (already discovered): Great Sage
[23:18:24]   SKIP (already discovered): Cosmos Club DC
[23:18:24]   SKIP (already discovered): Doukénie Winery
[23:18:24]   SKIP (already discovered): State Plaza Hotel DC
[23:18:24]   SKIP (already discovered): Hyatt Cambridge
[23:18:24]   SKIP (already discovered): Greenhill Vineyards
[23:18:24]   SKIP (already discovered): Loudoun Golf & Country Club
[23:18:24]   SKIP (already discovered): Creek's Edge Winery
[23:18:24]   SKIP (already discovered): The Milton Inn
[23:18:24]   SKIP (already discovered): Country Club of Fairfax
[23:18:24]   SKIP (already discovered): Century Club Hagerstown
[23:18:24]   SKIP (already discovered): Rock Spring Farm
[23:18:24]   SKIP (already discovered): Janemark Winery & Vineyard
[23:18:24]   SKIP (already discovered): Alma Cocina Latina
[23:18:24]   SKIP (already discovered): Omni Shoreham Hotel
[23:18:24]   SKIP (already discovered): Knoxie's Table
[23:18:24]   SKIP (already discovered): 1757 Golf Club
[23:18:24]   SKIP (already discovered): Holly Hills Country Club
[23:18:24]   SKIP (already discovered): Conrad Washington DC
[23:18:24]   SKIP (already discovered): Pirouette Restaurant & Wine Shop
[23:18:24]   SKIP (already discovered): Le Méridien Arlington
[23:18:24]   SKIP (already discovered): Dulles Town Center
[23:18:24]   SKIP (already discovered): Hidden Hills Farm and Vineyard
[23:18:24]   SKIP (already discovered): Maritime Museum St Michaels
[23:18:24]   SKIP (already discovered): Chartwell Golf & Country Club
[23:18:24]   SKIP (already discovered): Ruse
[23:18:24]   SKIP (already discovered): InGrano Bistro Bakery
[23:18:24]   SKIP (already discovered): Kent Manor Inn
[23:18:24]   SKIP (already discovered): Army Navy Country Club
[23:18:24]   SKIP (already discovered): River Bend Country Club
[23:18:24]   SKIP (already discovered): City Tavern DC
[23:18:24]   SKIP (already discovered): Baltimore Country Club
[23:18:24]   SKIP (already discovered): Vino and Pasta
[23:18:24]   SKIP (already discovered): 50 West Vineyards
[23:18:24]   SKIP (already discovered): The Galley Restaurant & Bar
[23:18:24]   SKIP (already discovered): Wylder Hotel Tilghman Island
[23:18:24]   SKIP (already discovered): Bistrot Lepic
[23:18:24]   SKIP (already discovered): Sunset Hills Winery
[23:18:24]   SKIP (already discovered): The Oaks Waterfront Hotel
[23:18:24] Cleaning up discovered_gigs.txt...
[23:18:30] 
[23:18:30] === Discovery Complete — Total new venues: 0 ===

[23:18:35] === Taste Discovery Mode Started ===
[23:18:35] MAX_QUERIES=10
[23:18:35] Fetching existing venues for dedup...
[23:18:37] Existing venues: 827
[23:18:37] Generating search queries from taste profile...
[23:18:37] Generated 492 queries (10 will run this session)
[23:18:37] 
[23:18:37] === Taste Query [1/10]: French restaurant Chevy Chase MD ===
[23:18:44]   Scrolling search results...
[23:18:51]   Extracting results...
[23:18:51]   No results found
[23:18:54] 
[23:18:54] === Taste Query [2/10]: French restaurant Great Falls VA ===
[23:19:00]   Scrolling search results...
[23:19:06]   Extracting results...
[23:19:06]   Found 2 results
[23:19:13]   Added 2 new venues from query
[23:19:13]   [WEBSITE] Looking up: L'Auberge Chez Francois
[23:19:16]     Website: https://www.laubergechezfrancois.com|https://www.fxva.com|https://washingtonian.com|https://9.8K+|https://scholar.lib.vt.edu
[23:19:20]   [WEBSITE] Looking up: Jacques' Brasserie
[23:19:23]     Website: https://www.laubergechezfrancois.com|https://www.fxva.com|https://eventup.com
[23:19:34] 
[23:19:34] === Taste Query [3/10]: French restaurant McLean VA ===
[23:19:39]   Scrolling search results...
[23:19:45]   Extracting results...
[23:19:45]   Found 5 results
[23:19:57]   Added 2 new venues from query
[23:19:57]   [WEBSITE] Looking up: LCD - La Côte D'Or Café
[23:20:01]     Website: https://www.lcd6876va.com|https://www.ramw.org|https://lcdlacotedorcafe.restaurants-us.com
[23:20:04]   [WEBSITE] Looking up: Bistro Vivant
[23:20:07]     Website: https://quenchavl.com|http://reviews.dcdining.com|https://dc.eater.com|https://dcspotlight.com|https://www.arlingtonmagazine.com
[23:20:19] 
[23:20:19] === Taste Query [4/10]: French restaurant Alexandria VA ===
[23:20:23]   Scrolling search results...
[23:20:30]   Extracting results...
[23:20:31]   Found 14 results
[23:21:04]   Added 11 new venues from query
[23:21:04]   [WEBSITE] Looking up: McCormick & Schmick's Seafood & Steaks
[23:21:07]     Website: https://www.mccormickandschmicks.com|https://nationallanding.org|https://2.5K+|https://www.stayarlington.com
[23:21:10]   [WEBSITE] Looking up: Josephine
[23:21:14]     Website: https://www.josephineoldtown.com|https://8.7K+|https://www.ramw.org|https://pattersonrealestate.com
[23:21:18]   [WEBSITE] Looking up: Le Refuge
[23:21:21]     Website: https://www.lerefugealexandria.com|https://1.6K+|https://thezebra.org|http://places.singleplatform.com
[23:21:24]   [WEBSITE] Looking up: Del Ray Café
[23:21:27]     Website: https://www.delraycafe.com|https://2.3K+|https://joe.coffee
[23:21:30]   [WEBSITE] Looking up: Gustave Boulangerie & Brasserie
[23:21:33]     Website: https://gustaveboulangerie.com|https://5.7K+|https://joe.coffee|https://alexandrialivingmagazine.com|https://order.online
[23:21:36]   [WEBSITE] Looking up: Fontaine Caffe & Creperie
[23:21:39]     Website: https://www.fontainecaffe.com|https://2.2K+|https://www.virginia.org|https://joe.coffee
[23:21:42]   [WEBSITE] Looking up: Fresh Baguette
[23:21:46]     Website: https://www.freshbaguette.net|https://fresh-baguette.square.site|https://14.2K+|https://myfreshbaguette.com
[23:21:49]   [WEBSITE] Looking up: Café du Soleil
[23:21:52]     Website: https://cafedusoleilva.com|https://2.4K+|https://joe.coffee|https://cafe-du-soleil.menufyy.com
[23:21:56]   [WEBSITE] Looking up: maman
[23:21:59]     Website: https://mamannyc.com|https://258.8K+|https://www.seamless.com
[23:22:04]   [WEBSITE] Looking up: Gustave Le Jardin
[23:22:07]     Website: https://gustaveboulangerie.com|https://5.7K+|https://thezebra.org|https://www.alxnow.com|https://patch.com
[23:22:12]   [WEBSITE] Looking up: la Madeleine
[23:22:15]     Website: https://lamadeleine.com
[23:22:23] 
[23:22:23] === Taste Query [5/10]: French restaurant Reston VA ===
[23:22:30]   Scrolling search results...
[23:22:36]   Extracting results...
[23:22:36]   Found 10 results
[23:23:01]   Added 6 new venues from query
[23:23:01]   [WEBSITE] Looking up: La Bonne Vie
[23:23:05]     Website: https://www.labonnevieva.com|https://mindtrip.ai
[23:23:09]   [WEBSITE] Looking up: Le Vingt Trois Cafe & Bakery
[23:23:12]     Website: https://le23cafe.com|https://joe.coffee|https://greaterrestonliving.com
[23:23:16]   [WEBSITE] Looking up: Corsica Wine Bar
[23:23:19]     Website: https://www.corsicawinebar.com|https://luxuryyachtcharters.com|https://7.8K+|https://www.fxva.com
[23:23:24]   [WEBSITE] Looking up: Brasserie Royale
[23:23:27]     Website: https://3.5K+|https://www.ramw.org|https://brasserieroyaleva.com|https://www.parisinsidersguide.com|https://northernvirginiamag.com
[23:23:31]   [WEBSITE] Looking up: Tous Les Jours - Reston Station
[23:23:34]     Website: https://tljus.com|https://restonstation.com|https://joe.coffee
[23:23:38]   [WEBSITE] Looking up: Mon Ami Gabi
[23:23:41]     Website: https://www.monamigabi.com|https://www.ramw.org|https://www.ffxnow.com|https://northernvirginiamag.com
[23:23:50] 
[23:23:50] === Taste Query [6/10]: French restaurant Middleburg VA ===
[23:23:55]   Scrolling search results...
[23:24:01]   Extracting results...
[23:24:01]   Found 20 results
[23:24:59]   Added 16 new venues from query
[23:24:59]   [WEBSITE] Looking up: The Bistro at Goodstone Inn
[23:25:02]     Website: https://www.goodstone.com|https://18.2K+|https://www.partyslate.com|https://www.aaa.com
[23:25:05]   [WEBSITE] Looking up: The Conservatory at Goodstone Inn
[23:25:09]     Website: https://www.goodstone.com|https://www.partyslate.com|https://www.venuereport.com|https://wanderlog.com
[23:25:13]   [WEBSITE] Looking up: L'Auberge Provencale Inn & Restaurant
[23:25:16]     Website: https://www.laubergeprovencale.com|https://4.5K+
[23:25:19]   [WEBSITE] Looking up: Bistro L'Hermitage
[23:25:23]     Website: https://bistrolhermitage.com|https://www.waze.com|https://princewilliamliving.com
[23:25:26]   [WEBSITE] Looking up: Tremolo Bar
[23:25:29]     Website: https://www.tremolobar.com|https://2.2K+|https://www.visitloudoun.org|https://resy.com|https://www.mastersommeliers.org
[23:25:33]   [WEBSITE] Looking up: Red Horse Tavern LLC
[23:25:36]     Website: https://www.redhorsetavern.net|https://www.visitloudoun.org|https://www.virginia.org
[23:25:39]   [WEBSITE] Looking up: Hunter's Head Tavern
[23:25:42]     Website: https://www.huntersheadtavern.com|https://3.6K+|https://resy.com|https://www.virginia.org|https://theburn.com
[23:25:45]   [WEBSITE] Looking up: Le Yaca French Restaurant
[23:25:49]     Website: https://leyacawilliamsburg.org|https://leyacafrench.restaurant|https://www.visitwilliamsburg.com
[23:25:52]   [WEBSITE] Looking up: La Petite Auberge
[23:25:55]     Website: https://www.lapetiteaubergefred.com|https://2.2K+|https://www.virginia.org|https://news.fredericksburgva.com
[23:25:58]   [WEBSITE] Looking up: La Table Provençale
[23:26:02]     Website: https://www.laubergeprovencale.com|https://4.5K+|https://www.virginia.org
[23:26:05]   [WEBSITE] Looking up: Les Jardins De Bagatelle LLC
[23:26:09]     Website: https://norasmiddleburg.com|https://wanderlog.com|https://local.yahoo.com|https://www.city-data.com
[23:26:13]   [WEBSITE] Looking up: Bistro @ The Porch
[23:26:16]     Website: https://www.bistroporch.com|https://7.2K+|https://2.6K+|https://bistro-the-porch.res-menu.net|https://bistro-the-porch.findmenuworld.com
[23:26:19]   [WEBSITE] Looking up: Goodstone Inn & Restaurant
[23:26:23]     Website: https://www.goodstone.com|https://18.2K+|https://www.visitloudoun.org
[23:26:26]   [WEBSITE] Looking up: Salamander Middleburg
[23:26:30]     Website: https://salamanderresort.com|https://132.4K+|https://64.6K+
[23:26:33]   [WEBSITE] Looking up: Harrimans Grill
[23:26:36]     Website: https://salamanderresort.com|https://3.5K+|https://www.virginia.org
[23:26:40]   [WEBSITE] Looking up: Magnolias at the Mill
[23:26:43]     Website: https://www.magnoliasmill.com|https://www.visitloudoun.org|https://5.5K+
[23:26:52] 
[23:26:52] === Taste Query [7/10]: French restaurant Leesburg VA ===
[23:26:59]   Scrolling search results...
[23:27:06]   Extracting results...
[23:27:06]   Found 9 results
[23:27:30]   Added 7 new venues from query
[23:27:30]   [WEBSITE] Looking up: Falcon & Fig
[23:27:34]     Website: https://falconandfig.com|https://theburn.com|https://www.insidenova.com|https://www.vinobistroonline.com|https://www.pcrehomes.com
[23:27:37]   [WEBSITE] Looking up: Paris Baguette
[23:27:41]     Website: https://parisbaguette.com
[23:27:44]   [WEBSITE] Looking up: The Wine Kitchen
[23:27:48]     Website: https://www.thewinekitchen.com
[23:27:51]   [WEBSITE] Looking up: Lightfoot Restaurant
[23:27:55]     Website: https://lightfootrestaurant.com|https://2.1K+|https://www.visitloudoun.org|http://places.singleplatform.com
[23:27:58]   [WEBSITE] Looking up: Shoe’s Cup and Cork
[23:28:01]     Website: https://www.shoescupandcork.com|https://6.5K+|https://4.6K+|https://www.visitloudoun.org|https://www.thrillist.com
[23:28:07]   [WEBSITE] Looking up: French Hound Brasserie
[23:28:10]     Website: https://theburn.com|https://www.alignable.com|https://brasserieblanc.com|https://www.gayot.com|https://piedmontvirginian.com
[23:28:14]   [WEBSITE] Looking up: La Lou Bistro
[23:28:17]     Website: http://every-restaurant-in-leesburg.blogspot.com|https://www.enprimeurclub.com|https://www.fredericknewspost.com|https://sg.trip.com
[23:28:26] 
[23:28:26] === Taste Query [8/10]: French restaurant St. Michaels MD ===
[23:28:32]   Scrolling search results...
[23:28:39]   Extracting results...
[23:28:40]   No results found
[23:28:43] 
[23:28:43] === Taste Query [9/10]: French restaurant Easton MD ===
[23:28:47]   Scrolling search results...
[23:28:54]   Extracting results...
[23:28:54]   No results found
[23:28:58] 
[23:28:58] === Taste Query [10/10]: French restaurant Annapolis MD ===
[23:29:04]   Scrolling search results...
[23:29:13]   Extracting results...
[23:29:13]   No results found
[23:29:17]   MAX_QUERIES=10 reached — stopping.
[23:29:17] Calculating distances for new venues...
[23:29:24]   Distances calculated: 0
[23:29:24] 
[23:29:24] === Taste Discovery Complete ===
[23:29:24]   Queries run: 10
[23:29:24]   Venues added: 44
[23:29:24]   Queries remaining: 482

[01:01:17] === Venue Discovery Started ===
[01:01:17] Fetching past gigs...
[01:01:20] Found 70 past gigs
[01:01:20] Fetching existing venues for dedup...
[01:01:24] Existing venues: 1015
[01:01:24]   SKIP (already discovered): L'Auberge Chez Francois
[01:01:24]   SKIP (already discovered): The Inn at Perry Cabin
[01:01:24]   SKIP (already discovered): The Maryland Club
[01:01:24]   SKIP (already discovered): Black Ankle Vineyards
[01:01:24]   SKIP (already discovered): Royal Restaurant
[01:01:24]   SKIP (already discovered): Good Spirit Farm Winery
[01:01:24]   SKIP (already discovered): Chesapeake Manor Vineyard
[01:01:24]   SKIP (already discovered): Elkridge Furnace Inn
[01:01:24]   SKIP (already discovered): Xella Winery and Vineyard
[01:01:24]   SKIP (already discovered): Twin Oaks Tavern Winery
[01:01:24]   SKIP (already discovered): Windridge Vineyards
[01:01:24]   SKIP (already discovered): University Club
[01:01:24]   SKIP (already discovered): The Farmhouse Tuscan
[01:01:24]   SKIP (already discovered): Big Cork Vineyards
[01:01:24]   SKIP (already discovered): Savage Mill Mall
[01:01:24]   SKIP (already discovered): Trueman Vineyards
[01:01:24]   SKIP (already discovered): Williams Gap Vineyard
[01:01:24]   SKIP (already discovered): Hello Betty Bethesda
[01:01:24]   SKIP (already discovered): The Madison Hotel
[01:01:24]   SKIP (already discovered): Belle Haven Country Club
[01:01:24]   SKIP (already discovered): Casanel Vineyards & Winery
[01:01:24]   SKIP (already discovered): Chrysalis Vineyards at The Ag District
[01:01:24]   SKIP (already discovered): Corteau Winery
[01:01:24]   SKIP (already discovered): Penn Oaks Winery
[01:01:24]   SKIP (already discovered): Pizza Pomodoro
[01:01:24]   SKIP (already discovered): Hidden Brook Winery
[01:01:24]   SKIP (already discovered): Simple Theory Wine Co
[01:01:24]   SKIP (already discovered): Brightview Perry Hall
[01:01:24]   SKIP (already discovered): Lake Anne Coffee House & Wine Bar
[01:01:24]   SKIP (already discovered): Gaylord National Harbor
[01:01:24]   SKIP (already discovered): Woodberry Kitchen
[01:01:24]   SKIP (already discovered): Great Sage
[01:01:24]   SKIP (already discovered): Cosmos Club DC
[01:01:24]   SKIP (already discovered): Doukénie Winery
[01:01:24]   SKIP (already discovered): State Plaza Hotel DC
[01:01:24]   SKIP (already discovered): Hyatt Cambridge
[01:01:24]   SKIP (already discovered): Greenhill Vineyards
[01:01:24]   SKIP (already discovered): Loudoun Golf & Country Club
[01:01:24]   SKIP (already discovered): Creek's Edge Winery
[01:01:24]   SKIP (already discovered): The Milton Inn
[01:01:24]   SKIP (already discovered): Country Club of Fairfax
[01:01:24]   SKIP (already discovered): Century Club Hagerstown
[01:01:24]   SKIP (already discovered): Rock Spring Farm
[01:01:24]   SKIP (already discovered): Janemark Winery & Vineyard
[01:01:24]   SKIP (already discovered): Alma Cocina Latina
[01:01:24]   SKIP (already discovered): Omni Shoreham Hotel
[01:01:24]   SKIP (already discovered): Knoxie's Table
[01:01:24]   SKIP (already discovered): 1757 Golf Club
[01:01:24]   SKIP (already discovered): Holly Hills Country Club
[01:01:24]   SKIP (already discovered): Conrad Washington DC
[01:01:24]   SKIP (already discovered): Pirouette Restaurant & Wine Shop
[01:01:24]   SKIP (already discovered): Le Méridien Arlington
[01:01:24]   SKIP (already discovered): Dulles Town Center
[01:01:24]   SKIP (already discovered): Hidden Hills Farm and Vineyard
[01:01:24]   SKIP (already discovered): Maritime Museum St Michaels
[01:01:24]   SKIP (already discovered): Chartwell Golf & Country Club
[01:01:24]   SKIP (already discovered): Ruse
[01:01:24]   SKIP (already discovered): InGrano Bistro Bakery
[01:01:24]   SKIP (already discovered): Kent Manor Inn
[01:01:24]   SKIP (already discovered): Army Navy Country Club
[01:01:24]   SKIP (already discovered): River Bend Country Club
[01:01:24]   SKIP (already discovered): City Tavern DC
[01:01:24]   SKIP (already discovered): Baltimore Country Club
[01:01:24]   SKIP (already discovered): Vino and Pasta
[01:01:24]   SKIP (already discovered): 50 West Vineyards
[01:01:24]   SKIP (already discovered): The Galley Restaurant & Bar
[01:01:24]   SKIP (already discovered): Wylder Hotel Tilghman Island
[01:01:24]   SKIP (already discovered): Bistrot Lepic
[01:01:24]   SKIP (already discovered): Sunset Hills Winery
[01:01:24]   SKIP (already discovered): The Oaks Waterfront Hotel
[01:01:24] Cleaning up discovered_gigs.txt...
[01:01:30] 
[01:01:30] === Discovery Complete — Total new venues: 0 ===

[01:01:35] === Taste Discovery Mode Started ===
[01:01:35] MAX_QUERIES=10
[01:01:35] Fetching existing venues + past gigs for dedup...
[01:01:39] Existing venues + past gigs: 0
[01:01:39] Generating search queries from taste profile...
[01:01:39] Generated 482 queries (10 will run this session)
[01:01:39] 
[01:01:39] === Taste Query [1/10]: French restaurant Roland Park Baltimore MD ===
[01:01:44]   Scrolling search results...
[01:01:50]   Extracting results...
[01:01:50]   No results found
[01:01:55] 
[01:01:55] === Taste Query [2/10]: European bistro Georgetown DC ===
[01:02:01]   Scrolling search results...
[01:02:08]   Extracting results...
[01:02:08]   Found 20 results
[01:03:02]   Added 16 new venues from query
[01:03:02]   [WEBSITE] Looking up: Bistrot Lepic & Wine Bar
[01:03:05]     Website: https://bistrotlepic.com
[01:03:08]   [WEBSITE] Looking up: Kafe Leopold
[01:03:12]     Website: https://www.kafeleopold.com
[01:03:14]   [WEBSITE] Looking up: Apéro
[01:03:18]     Website: https://www.aperodc.com
[01:03:21]   [WEBSITE] Looking up: Chez Billy Sud
[01:03:24]     Website: http://chezbillysud.com
[01:03:27]   [WEBSITE] Looking up: Brasserie Liberté
[01:03:31]     Website: https://www.libertedc.com
[01:03:33]   [WEBSITE] Looking up: Lutèce.
[01:03:36]     Website: https://www.lutecedc.com
[01:03:39]   [WEBSITE] Looking up: La Bohème
[01:03:42]     Website: https://www.labohemedc.com
[01:03:46]   [WEBSITE] Looking up: maman
[01:03:49]     Website: https://mamannyc.com
[01:03:52]   [WEBSITE] Looking up: The Sovereign
[01:03:55]     Website: https://www.thesovereigndc.com
[01:03:58]   [WEBSITE] Looking up: Degrees Bistro
[01:04:01]     Website: https://www.degreesbistro.com
[01:04:05]   [WEBSITE] Looking up: YELLOW Georgetown
[01:04:08]     Website: https://www.yellowthecafe.com
[01:04:11]   [WEBSITE] Looking up: Et Voila !
[01:04:15]     Website: https://www.etvoiladc.com
[01:04:19]   [WEBSITE] Looking up: Patisserie Poupon
[01:04:22]     Website: https://patisseriepoupon.com
[01:04:25]   [WEBSITE] Looking up: Cafe Milano
[01:04:29]     Website: https://www.cafemilano.com
[01:04:32]   [WEBSITE] Looking up: DIVINO Ristorante Enoteca
[01:04:35]     Website: https://divinodc.com
[01:04:39]   [WEBSITE] Looking up: Le Diplomate
[01:04:42]     Website: https://lediplomatedc.com
[01:04:51] 
[01:04:51] === Taste Query [3/10]: European bistro Dupont Circle DC ===
[01:04:56]   Scrolling search results...
[01:05:03]   Extracting results...
[01:05:03]   Found 56 results
[01:07:52]   Added 40 new venues from query
[01:07:52]   [WEBSITE] Looking up: Bistrot Du Coin
[01:07:55]     Website: https://www.bistrotducoin.com
[01:07:58]   [WEBSITE] Looking up: Le Sel French Bistro
[01:08:01]     Website: https://leseldc.com
[01:08:04]   [WEBSITE] Looking up: Bonne Vie Cafe and Bistro
[01:08:07]     Website: https://www.bonneviedc.com
[01:08:11]   [WEBSITE] Looking up: {petite} maman
[01:08:15]     Website: https://mamannyc.com
[01:08:18]   [WEBSITE] Looking up: Obelisk
[01:08:22]     Website: http://obeliskdc.com
[01:08:25]   [WEBSITE] Looking up: Yerevan Cafe
[01:08:29]     Website: https://yerevandc.com
[01:08:32]   [WEBSITE] Looking up: Sauf Haus Bier Hall & Garten
[01:08:35]     Website: https://www.saufhausdc.com
[01:08:39]   [WEBSITE] Looking up: Amélie DC Bistro & Wine Bar
[01:08:42]     Website: https://www.ameliedc.com
[01:08:46]   [WEBSITE] Looking up: St. Arnold's Mussel Bar
[01:08:49]     Website: https://starnoldsdc.com
[01:08:53]   [WEBSITE] Looking up: Mikko Nordic Fine Food
[01:08:56]     Website: https://www.chefmikko.com
[01:08:59]   [WEBSITE] Looking up: Residents Cafe & Bar
[01:09:03]     Website: https://www.residentsdc.com
[01:09:07]   [WEBSITE] Looking up: Café Berlin on Capitol Hill
[01:09:10]     Website: https://www.cafeberlin-dc.com
[01:09:13]   [WEBSITE] Looking up: Sette Osteria
[01:09:17]     Website: https://www.setteosteria.com
[01:09:20]   [WEBSITE] Looking up: La Tomate
[01:09:24]     Website: https://www.latomatebistro.com
[01:09:28]   [WEBSITE] Looking up: Bistro Cacao
[01:09:32]     Website: https://www.bistrocacao.com
[01:09:35]   [WEBSITE] Looking up: AMBAR Restaurant, Capitol Hill
[01:09:38]     Website: https://ambarrestaurant.com
[01:09:42]   [WEBSITE] Looking up: Supra
[01:09:45]     Website: https://supradc.com
[01:09:49]   [WEBSITE] Looking up: Tabard Inn Restaurant
[01:09:53]     Website: https://www.tabardinn.com
[01:09:56]   [WEBSITE] Looking up: Ruta Ukrainian Restaurant
[01:09:59]     Website: https://www.rutadc.us
[01:10:02]   [WEBSITE] Looking up: La Piquette
[01:10:06]     Website: http://lapiquettedc.com
[01:10:09]   [WEBSITE] Looking up: Prost DC
[01:10:13]     Website: https://www.prostdc.com
[01:10:15]   [WEBSITE] Looking up: Bread Furst Vradenburg Cafe
[01:10:19]     Website: https://www.phillipscollection.org
[01:10:23]   [WEBSITE] Looking up: Le Pain Quotidien
[01:10:27]     Website: https://www.lepainquotidien.com
[01:10:31]   [WEBSITE] Looking up: Licht Cafe
[01:10:35]     Website: https://www.lichtdc.com
[01:10:38]   [WEBSITE] Looking up: Taberna del Alabardero
[01:10:41]     Website: https://alabardero.com
[01:10:45]   [WEBSITE] Looking up: Café du Parc
[01:10:48]     Website: https://cafeduparc.com
[01:10:51]   [WEBSITE] Looking up: Rakuya
[01:10:55]     Website: https://www.rakuyarestaurant.com
[01:10:58]   [WEBSITE] Looking up: Opaline Bar and Brasserie
[01:11:02]     Website: https://www.opalinedc.com
[01:11:05]   [WEBSITE] Looking up: Barcelona Wine Bar
[01:11:08]     Website: https://barcelonawinebar.com
[01:11:12]   [WEBSITE] Looking up: Dupont Coffee Collective
[01:11:15]     Website: https://dupontcoffee.com
[01:11:18]   [WEBSITE] Looking up: Dacha Beer Garden (Shaw)
[01:11:22]     Website: https://www.dachabeergarden.com
[01:11:25]   [WEBSITE] Looking up: minibar
[01:11:28]     Website: https://www.minibarbyjoseandres.com
[01:11:31]   [WEBSITE] Looking up: Unconventional Diner
[01:11:35]     Website: https://www.unconventionaldiner.com
[01:11:38]   [WEBSITE] Looking up: Tatte Bakery & Cafe | Dupont Circle
[01:11:41]     Website: https://tattebakery.com
[01:11:44]   [WEBSITE] Looking up: AMBAR Restaurant, Clarendon
[01:11:48]     Website: https://ambarrestaurant.com
[01:11:51]   [WEBSITE] Looking up: Belga Cafe
[01:11:54]     Website: https://belgacafe.com
[01:11:58]   [WEBSITE] Looking up: Pizzeria Paradiso Dupont Circle
[01:12:02]     Website: https://www.eatyourpizza.com
[01:12:05]   [WEBSITE] Looking up: Ellington Park Bistro
[01:12:08]     Website: https://www.eurostarshotels.us
[01:12:11]   [WEBSITE] Looking up: Bistro Bistro
[01:12:15]     Website: https://1.8K+
[01:12:19]   [WEBSITE] Looking up: AMBAR Restaurant, Shaw
[01:12:22]     Website: https://ambarrestaurant.com
[01:12:30] 
[01:12:31] === Taste Query [4/10]: European bistro Potomac MD ===
[01:12:37]   Scrolling search results...
[01:12:44]   Extracting results...
[01:12:45]   Found 9 results
[01:13:14]   Added 9 new venues from query
[01:13:14]   [WEBSITE] Looking up: En Bistro & Sushi
[01:13:17]     Website: http://www.enbistro.com
[01:13:22]   [WEBSITE] Looking up: Gregorio's Trattoria
[01:13:25]     Website: https://gregoriostrattoria.com
[01:13:29]   [WEBSITE] Looking up: Euro Bistro
[01:13:32]     Website: https://euro-bistro.com
[01:13:35]   [WEBSITE] Looking up: Nova Europa Restaurant
[01:13:38]     Website: https://www.novaeuroparestaurant.com
[01:13:41]   [WEBSITE] Looking up: O PORTUGUÊS - European Market Inc.
[01:13:45]     Website: https://o-portugu-s-european-market-inc.wheree.com
[01:13:48]   [WEBSITE] Looking up: Taste of Europe
[01:13:51]     Website: https://www.russianwashingtonbaltimore.com
[01:13:54]   [WEBSITE] Looking up: Old Europe
[01:13:57]     Website: http://www.old-europe.com
[01:14:01]   [WEBSITE] Looking up: MezeHub
[01:14:04]     Website: https://mezehub.com
[01:14:07]   [WEBSITE] Looking up: Roggenart European Bakery, Bistro & Cafe
[01:14:10]     Website: https://roggenart.com
[01:14:20] 
[01:14:20] === Taste Query [5/10]: European bistro Bethesda MD ===
[01:14:26]   Scrolling search results...
[01:14:32]   Extracting results...
[01:14:33]   Found 60 results
[01:17:23]   Added 53 new venues from query
[01:17:23]   [WEBSITE] Looking up: Bistro Provence
[01:17:26]     Website: http://bistroprovence.org
[01:17:29]   [WEBSITE] Looking up: Ruta Ukrainian Restaurant
[01:17:33]     Website: https://www.rutadc.us
[01:17:36]   [WEBSITE] Looking up: maman
[01:17:40]     Website: https://mamannyc.com
[01:17:43]   [WEBSITE] Looking up: Julii
[01:17:46]     Website: https://www.julii.com
[01:17:51]   [WEBSITE] Looking up: Et Voila !
[01:17:54]     Website: https://www.etvoiladc.com
[01:17:57]   [WEBSITE] Looking up: Praline Bakery & Bistro
[01:18:01]     Website: https://www.praline-bakery.com
[01:18:04]   [WEBSITE] Looking up: Persimmon
[01:18:07]     Website: https://persimmonrestaurant.com
[01:18:10]   [WEBSITE] Looking up: La Ferme Restaurant
[01:18:14]     Website: https://lafermerestaurant.com
[01:18:18]   [WEBSITE] Looking up: European Delight
[01:18:21]     Website: https://joe.coffee
[01:18:25]   [WEBSITE] Looking up: Fialova
[01:18:28]     Website: https://www.fialovabethesda.com
[01:18:31]   [WEBSITE] Looking up: Paris Baguette
[01:18:34]     Website: https://parisbaguette.com
[01:18:38]   [WEBSITE] Looking up: Ege Market
[01:18:41]     Website: https://egemarketbethesda.com
[01:18:44]   [WEBSITE] Looking up: Mussel Bar & Grille Bethesda
[01:18:47]     Website: https://musselbar.com
[01:18:50]   [WEBSITE] Looking up: La Panetteria Restaurant
[01:18:53]     Website: https://www.lapanetteria.com
[01:18:56]   [WEBSITE] Looking up: Kafe Leopold
[01:18:59]     Website: https://www.kafeleopold.com
[01:19:02]   [WEBSITE] Looking up: Fresh Baguette
[01:19:06]     Website: https://www.freshbaguette.net
[01:19:11]   [WEBSITE] Looking up: Café Berlin on Capitol Hill
[01:19:14]     Website: https://www.cafeberlin-dc.com
[01:19:18]   [WEBSITE] Looking up: Kielbasa Factory
[01:19:21]     Website: https://kielbasafactory.com
[01:19:24]   [WEBSITE] Looking up: La Bonne Vache
[01:19:28]     Website: https://www.labonnevachedc.com
[01:19:31]   [WEBSITE] Looking up: Tout de Sweet Pastry Shop
[01:19:35]     Website: https://www.toutdesweetshop.com
[01:19:38]   [WEBSITE] Looking up: Cornucopia Specialty Food
[01:19:41]     Website: https://cornucopia-specialty-food.placejoys.com
[01:19:44]   [WEBSITE] Looking up: Polka Deli
[01:19:48]     Website: https://www.polkadelimd.com
[01:19:51]   [WEBSITE] Looking up: Tavira Restaurant
[01:19:55]     Website: https://www.tavirarestaurant.com
[01:19:58]   [WEBSITE] Looking up: Le Pain Quotidien
[01:20:02]     Website: https://www.lepainquotidien.com
[01:20:05]   [WEBSITE] Looking up: La Bohemia Bakery
[01:20:08]     Website: https://www.labohemiabakery.com
[01:20:11]   [WEBSITE] Looking up: La Piquette
[01:20:15]     Website: http://lapiquettedc.com
[01:20:18]   [WEBSITE] Looking up: Tatte Bakery & Cafe | Bethesda
[01:20:21]     Website: https://tattebakery.com
[01:20:25]   [WEBSITE] Looking up: Bistrot Lepic & Wine Bar
[01:20:28]     Website: https://bistrotlepic.com
[01:20:31]   [WEBSITE] Looking up: Levain Bakery
[01:20:35]     Website: https://levainbakery.com
[01:20:38]   [WEBSITE] Looking up: AMBAR Restaurant, Capitol Hill
[01:20:41]     Website: https://ambarrestaurant.com
[01:20:45]   [WEBSITE] Looking up: Sunday Morning Bakehouse
[01:20:48]     Website: https://www.sundaymorningbakehouse.com
[01:20:53]   [WEBSITE] Looking up: Pescadeli
[01:20:56]     Website: https://www.pescadeli.com
[01:21:00]   [WEBSITE] Looking up: Bakery from Germany
[01:21:04]     Website: https://bakeryfromgermany.com
[01:21:07]   [WEBSITE] Looking up: Breads Unlimited
[01:21:10]     Website: https://breadsunlimited.com
[01:21:13]   [WEBSITE] Looking up: Matreshkas Russian Gourmet
[01:21:17]     Website: https://joe.coffee
[01:21:21]   [WEBSITE] Looking up: Pike & Rose
[01:21:24]     Website: https://pikeandrose.com
[01:21:28]   [WEBSITE] Looking up: Yerevan Cafe
[01:21:31]     Website: https://yerevandc.com
[01:21:35]   [WEBSITE] Looking up: Matisse
[01:21:38]     Website: https://matissemd.com
[01:21:42]   [WEBSITE] Looking up: Mykonos Grill
[01:21:45]     Website: https://mykonos-grill.com
[01:21:49]   [WEBSITE] Looking up: KaFean Koffee
[01:21:52]     Website: https://joe.coffee
[01:21:56]   [WEBSITE] Looking up: AMBAR Restaurant, Clarendon
[01:21:59]     Website: https://ambarrestaurant.com
[01:22:02]   [WEBSITE] Looking up: Westfield Montgomery Food Court
[01:22:05]     Website: https://www.westfield.com
[01:22:10]   [WEBSITE] Looking up: Coffee Republic
[01:22:13]     Website: https://coffeerepub.com
[01:22:17]   [WEBSITE] Looking up: AP Pizza Shop
[01:22:20]     Website: https://appizzashop.com
[01:22:23]   [WEBSITE] Looking up: Le Bustiere Boutique
[01:22:26]     Website: https://lebustiere.com
[01:22:30]   [WEBSITE] Looking up: Cafe Tatti
[01:22:34]     Website: https://www.cafetatti.com
[01:22:37]   [WEBSITE] Looking up: Le Diplomate
[01:22:41]     Website: https://lediplomatedc.com
[01:22:45]   [WEBSITE] Looking up: Bread & Chocolate
[01:22:48]     Website: https://www.breadandchocolate.net
[01:22:52]   [WEBSITE] Looking up: Supra
[01:22:55]     Website: https://www.cargurus.com
[01:22:59]   [WEBSITE] Looking up: St. Arnold's Mussel Bar
[01:23:03]     Website: https://starnoldsdc.com
[01:23:07]   [WEBSITE] Looking up: Bethesda Crab House
[01:23:10]     Website: https://www.bethesdacrabhouse.com
[01:23:13]   [WEBSITE] Looking up: Chez Billy Sud
[01:23:17]     Website: http://chezbillysud.com
[01:23:20]   [WEBSITE] Looking up: Westfield Montgomery
[01:23:23]     Website: https://www.westfield.com
[01:23:31] 
[01:23:31] === Taste Query [6/10]: European bistro Chevy Chase MD ===
[01:23:38]   Scrolling search results...
[01:23:46]   Extracting results...
[01:23:46]   Found 20 results
[01:24:40]   Added 8 new venues from query
[01:24:40]   [WEBSITE] Looking up: Junction Bistro, Bar & Bakery Chevy Chase
[01:24:44]     Website: https://www.junctionbakery.com
[01:24:48]   [WEBSITE] Looking up: The Bistro - Eat. Drink. Connect.®
[01:24:51]     Website: https://www.marriott.com
[01:24:54]   [WEBSITE] Looking up: Rosemary bistro cafe
[01:24:57]     Website: https://rosemarydc.com
[01:25:01]   [WEBSITE] Looking up: The Hunter's Hound
[01:25:04]     Website: https://thehuntershound.com
[01:25:08]   [WEBSITE] Looking up: Macon Bistro & Larder
[01:25:11]     Website: https://macondc.com
[01:25:15]   [WEBSITE] Looking up: Ro Sushi Co
[01:25:18]     Website: https://www.rosushi.co
[01:25:21]   [WEBSITE] Looking up: Manoli Canoli
[01:25:25]     Website: https://manolicanoli.com
[01:25:28]   [WEBSITE] Looking up: Le Chat Noir
[01:25:31]     Website: https://www.lechatnoirrestaurant.com
[01:25:43] 
[01:25:43] === Taste Query [7/10]: European bistro Great Falls VA ===
[01:25:49]   Scrolling search results...
[01:25:55]   Extracting results...
[01:25:56]   Found 6 results
[01:26:11]   Added 2 new venues from query
[01:26:11]   [WEBSITE] Looking up: Wonder Reston
[01:26:14]     Website: https://www.wonder.com
[01:26:18]   [WEBSITE] Looking up: Euro Bistro
[01:26:21]     Website: https://euro-bistro.com
[01:26:30] 
[01:26:30] === Taste Query [8/10]: European bistro McLean VA ===
[01:26:37]   Scrolling search results...
[01:26:43]   Extracting results...
[01:26:43]   Found 51 results
[01:29:09]   Added 43 new venues from query
[01:29:09]   [WEBSITE] Looking up: Old Europe
[01:29:12]     Website: http://www.old-europe.com
[01:29:15]   [WEBSITE] Looking up: Aracosia
[01:29:19]     Website: https://www.aracosiamclean.com
[01:29:21]   [WEBSITE] Looking up: Roggenart European Bakery, Bistro & Cafe
[01:29:25]     Website: https://roggenart.com
[01:29:28]   [WEBSITE] Looking up: Divan Restaurant
[01:29:31]     Website: https://www.divanrestaurantva.com
[01:29:34]   [WEBSITE] Looking up: Maple Ave Restaurant
[01:29:38]     Website: https://mapleaverestaurant.com
[01:29:41]   [WEBSITE] Looking up: ArTeA Restaurant + Bar
[01:29:44]     Website: https://arteamclean.com
[01:29:48]   [WEBSITE] Looking up: Old House Cosmopolitan
[01:29:51]     Website: https://www.oldhousecosmopolitan.com
[01:29:56]   [WEBSITE] Looking up: Neutral Ground Bar + Kitchen
[01:29:59]     Website: https://www.neutralgroundbarandkitchen.com
[01:30:02]   [WEBSITE] Looking up: The Bistro
[01:30:05]     Website: https://www.marriott.com
[01:30:08]   [WEBSITE] Looking up: Bistro 1775 Inc.
[01:30:12]     Website: https://www.bistro1775.com
[01:30:15]   [WEBSITE] Looking up: European Taste
[01:30:19]     Website: https://europeantasterva.com
[01:30:22]   [WEBSITE] Looking up: AMBAR Restaurant, Clarendon
[01:30:25]     Website: https://ambarrestaurant.com
[01:30:29]   [WEBSITE] Looking up: ENTYSE, Wine Bar & Lounge
[01:30:32]     Website: https://www.entyse.com
[01:30:36]   [WEBSITE] Looking up: Agora Tysons Mediterranean Restaurant
[01:30:39]     Website: https://www.agorarestaurants.net
[01:30:43]   [WEBSITE] Looking up: Mylos Grill
[01:30:46]     Website: https://www.mylosgrill.com
[01:30:49]   [WEBSITE] Looking up: Wonder College Park
[01:30:53]     Website: https://www.wonder.com
[01:30:56]   [WEBSITE] Looking up: Rashad Gourmet (Russian Gourmet McLean)
[01:30:59]     Website: https://rashad-gourmet-russian-gourmet-mclean.wheree.com
[01:31:03]   [WEBSITE] Looking up: Pulcinella Italian Kitchen
[01:31:06]     Website: https://pulcinella-restaurant.com
[01:31:10]   [WEBSITE] Looking up: Parsa Bakery
[01:31:13]     Website: https://1.3K+
[01:31:16]   [WEBSITE] Looking up: Cafe Renaissance
[01:31:20]     Website: https://www.caferenaissance.com
[01:31:23]   [WEBSITE] Looking up: Härth
[01:31:27]     Website: https://www.hilton.com
[01:31:30]   [WEBSITE] Looking up: East West Cafe
[01:31:33]     Website: https://joe.coffee
[01:31:36]   [WEBSITE] Looking up: McLean Family Restaurant
[01:31:39]     Website: https://www.themcleanfamilyrestaurant.com
[01:31:42]   [WEBSITE] Looking up: Balkan Grill
[01:31:46]     Website: https://www.clover.com
[01:31:50]   [WEBSITE] Looking up: De Ma Vie
[01:31:53]     Website: https://demavie.co
[01:31:57]   [WEBSITE] Looking up: Kafe Leopold
[01:32:00]     Website: https://www.kafeleopold.com
[01:32:04]   [WEBSITE] Looking up: Maya Bistro
[01:32:07]     Website: https://bistromaya.com
[01:32:11]   [WEBSITE] Looking up: Cafe Colline
[01:32:14]     Website: https://www.cafecollineva.com
[01:32:18]   [WEBSITE] Looking up: Yayla Bistro
[01:32:21]     Website: https://yaylabistro.com
[01:32:24]   [WEBSITE] Looking up: The Great Greek Mediterranean Grill - Falls Church, VA
[01:32:27]     Website: https://www.thegreatgreekgrill.com
[01:32:31]   [WEBSITE] Looking up: Carnegie Diner & Cafe
[01:32:34]     Website: https://www.carnegiediner.com
[01:32:38]   [WEBSITE] Looking up: Ellie Bird
[01:32:41]     Website: https://www.elliebirdva.com
[01:32:44]   [WEBSITE] Looking up: Et Voila !
[01:32:47]     Website: https://www.etvoiladc.com
[01:32:50]   [WEBSITE] Looking up: Sweetbites Cafe and Bakery
[01:32:54]     Website: http://www.sweetbitescafe.com
[01:32:57]   [WEBSITE] Looking up: Seasons 52
[01:33:00]     Website: https://www.seasons52.com
[01:33:03]   [WEBSITE] Looking up: Mele Bistro
[01:33:06]     Website: https://www.melebistro.com
[01:33:10]   [WEBSITE] Looking up: RH Bistro 荣合
[01:33:13]     Website: https://www.rhbistro.com
[01:33:16]   [WEBSITE] Looking up: Nova Europa Restaurant
[01:33:19]     Website: https://www.novaeuroparestaurant.com
[01:33:23]   [WEBSITE] Looking up: Idylwood Grill & Wine Bar
[01:33:26]     Website: https://www.idylwoodgrill.com
[01:33:29]   [WEBSITE] Looking up: The Perch @ Capital One Center
[01:33:32]     Website: https://www.capitalonecenter.com
[01:33:36]   [WEBSITE] Looking up: PAUL
[01:33:39]     Website: https://1.2K+
[01:33:42]   [WEBSITE] Looking up: Wildfire
[01:33:46]     Website: https://www.wildfirerestaurant.com
[01:33:49]   [WEBSITE] Looking up: Borek G Cafe & Market
[01:33:53]     Website: https://www.borekg.com
[01:34:04] 
[01:34:04] === Taste Query [9/10]: European bistro Alexandria VA ===
[01:34:10]   Scrolling search results...
[01:34:18]   Extracting results...
[01:34:19]   Found 7 results
[01:34:44]   Added 0 new venues from query
[01:34:51] 
[01:34:51] === Taste Query [10/10]: European bistro Reston VA ===
[01:34:59]   Scrolling search results...
[01:35:08]   Extracting results...
[01:35:08]   No results found
[01:35:13]   MAX_QUERIES=10 reached — stopping.
[01:35:13] Calculating distances for new venues...
[01:35:35]   Distances calculated: 2
[01:35:35] 
[01:35:35] === Taste Discovery Complete ===
[01:35:35]   Queries run: 10
[01:35:35]   Venues added: 171
[01:35:35]   Queries remaining: 472

[00:08:08] === Venue Discovery Started ===
[00:08:08] Fetching past gigs...
[00:08:11] Found 70 past gigs
[00:08:11] Fetching existing venues for dedup...
[00:08:13] Existing venues: 1186
[00:08:13]   SKIP (already discovered): L'Auberge Chez Francois
[00:08:13]   SKIP (already discovered): The Inn at Perry Cabin
[00:08:13]   SKIP (already discovered): The Maryland Club
[00:08:13]   SKIP (already discovered): Black Ankle Vineyards
[00:08:13]   SKIP (already discovered): Royal Restaurant
[00:08:13]   SKIP (already discovered): Good Spirit Farm Winery
[00:08:13]   SKIP (already discovered): Chesapeake Manor Vineyard
[00:08:13]   SKIP (already discovered): Elkridge Furnace Inn
[00:08:13]   SKIP (already discovered): Xella Winery and Vineyard
[00:08:13]   SKIP (already discovered): Twin Oaks Tavern Winery
[00:08:13]   SKIP (already discovered): Windridge Vineyards
[00:08:13]   SKIP (already discovered): University Club
[00:08:13]   SKIP (already discovered): The Farmhouse Tuscan
[00:08:13]   SKIP (already discovered): Big Cork Vineyards
[00:08:13]   SKIP (already discovered): Savage Mill Mall
[00:08:13]   SKIP (already discovered): Trueman Vineyards
[00:08:13]   SKIP (already discovered): Williams Gap Vineyard
[00:08:13]   SKIP (already discovered): Hello Betty Bethesda
[00:08:13]   SKIP (already discovered): The Madison Hotel
[00:08:13]   SKIP (already discovered): Belle Haven Country Club
[00:08:13]   SKIP (already discovered): Casanel Vineyards & Winery
[00:08:13]   SKIP (already discovered): Chrysalis Vineyards at The Ag District
[00:08:13]   SKIP (already discovered): Corteau Winery
[00:08:13]   SKIP (already discovered): Penn Oaks Winery
[00:08:13]   SKIP (already discovered): Pizza Pomodoro
[00:08:13]   SKIP (already discovered): Hidden Brook Winery
[00:08:13]   SKIP (already discovered): Simple Theory Wine Co
[00:08:13]   SKIP (already discovered): Brightview Perry Hall
[00:08:13]   SKIP (already discovered): Lake Anne Coffee House & Wine Bar
[00:08:13]   SKIP (already discovered): Gaylord National Harbor
[00:08:13]   SKIP (already discovered): Woodberry Kitchen
[00:08:13]   SKIP (already discovered): Great Sage
[00:08:13]   SKIP (already discovered): Cosmos Club DC
[00:08:13]   SKIP (already discovered): Doukénie Winery
[00:08:13]   SKIP (already discovered): State Plaza Hotel DC
[00:08:13]   SKIP (already discovered): Hyatt Cambridge
[00:08:13]   SKIP (already discovered): Greenhill Vineyards
[00:08:13]   SKIP (already discovered): Loudoun Golf & Country Club
[00:08:13]   SKIP (already discovered): Creek's Edge Winery
[00:08:13]   SKIP (already discovered): The Milton Inn
[00:08:13]   SKIP (already discovered): Country Club of Fairfax
[00:08:13]   SKIP (already discovered): Century Club Hagerstown
[00:08:13]   SKIP (already discovered): Rock Spring Farm
[00:08:13]   SKIP (already discovered): Janemark Winery & Vineyard
[00:08:13]   SKIP (already discovered): Alma Cocina Latina
[00:08:13]   SKIP (already discovered): Omni Shoreham Hotel
[00:08:13]   SKIP (already discovered): Knoxie's Table
[00:08:13]   SKIP (already discovered): 1757 Golf Club
[00:08:13]   SKIP (already discovered): Holly Hills Country Club
[00:08:13]   SKIP (already discovered): Conrad Washington DC
[00:08:13]   SKIP (already discovered): Pirouette Restaurant & Wine Shop
[00:08:13]   SKIP (already discovered): Le Méridien Arlington
[00:08:13]   SKIP (already discovered): Dulles Town Center
[00:08:13]   SKIP (already discovered): Hidden Hills Farm and Vineyard
[00:08:13]   SKIP (already discovered): Maritime Museum St Michaels
[00:08:13]   SKIP (already discovered): Chartwell Golf & Country Club
[00:08:13]   SKIP (already discovered): Ruse
[00:08:13]   SKIP (already discovered): InGrano Bistro Bakery
[00:08:13]   SKIP (already discovered): Kent Manor Inn
[00:08:13]   SKIP (already discovered): Army Navy Country Club
[00:08:13]   SKIP (already discovered): River Bend Country Club
[00:08:13]   SKIP (already discovered): City Tavern DC
[00:08:13]   SKIP (already discovered): Baltimore Country Club
[00:08:13]   SKIP (already discovered): Vino and Pasta
[00:08:13]   SKIP (already discovered): 50 West Vineyards
[00:08:13]   SKIP (already discovered): The Galley Restaurant & Bar
[00:08:13]   SKIP (already discovered): Wylder Hotel Tilghman Island
[00:08:13]   SKIP (already discovered): Bistrot Lepic
[00:08:13]   SKIP (already discovered): Sunset Hills Winery
[00:08:13]   SKIP (already discovered): The Oaks Waterfront Hotel
[00:08:13] Cleaning up discovered_gigs.txt...
[00:08:17] 
[00:08:17] === Discovery Complete — Total new venues: 0 ===

[00:08:20] === Taste Discovery Mode Started ===
[00:08:20] MAX_QUERIES=10
[00:08:20] Fetching existing venues + past gigs for dedup...
[00:08:26] Existing venues + past gigs: 0
[00:08:26] Generating search queries from taste profile...
[00:08:26] Generated 472 queries (10 will run this session)
[00:08:26] 
[00:08:26] === Taste Query [1/10]: European bistro Middleburg VA ===
[00:08:32]   Scrolling search results...
[00:08:39]   Extracting results...
[00:08:39]   Found 20 results
[00:09:23]   Added 10 new venues from query
[00:09:23]   [WEBSITE] Looking up: Grayson's at Goodstone
[00:09:27]     Website: https://www.graysonsatgoodstone.com
[00:09:30]   [WEBSITE] Looking up: BIA Kitchen
[00:09:33]     Website: https://biakitchen.com
[00:09:37]   [WEBSITE] Looking up: The Red Fox Inn & Tavern
[00:09:40]     Website: https://26.5K+
[00:09:44]   [WEBSITE] Looking up: King Street Oyster Bar | Middleburg
[00:09:47]     Website: https://www.kingstreetoysterbar.com
[00:09:51]   [WEBSITE] Looking up: Knead Wine
[00:09:54]     Website: https://www.kneadwine.com
[00:09:57]   [WEBSITE] Looking up: Gold Cup Wine Bar
[00:10:00]     Website: https://salamanderresort.com
[00:10:04]   [WEBSITE] Looking up: Twisted Sweets & Savory
[00:10:07]     Website: https://twistedsweetsandsavory.toast.site
[00:10:10]   [WEBSITE] Looking up: Thaiverse Restaurant Middleburg
[00:10:14]     Website: https://www.thaiverse.com
[00:10:17]   [WEBSITE] Looking up: Middleburg Common Grounds
[00:10:21]     Website: https://www.middleburgcommongrounds.com
[00:10:24]   [WEBSITE] Looking up: Bistro on 130
[00:10:27]     Website: https://roggenart.com
[00:10:37] 
[00:10:37] === Taste Query [2/10]: European bistro Leesburg VA ===
[00:10:42]   Scrolling search results...
[00:10:49]   Extracting results...
[00:10:49]   Found 23 results
[00:11:53]   Added 15 new venues from query
[00:11:53]   [WEBSITE] Looking up: Caffe Bottega Italiana
[00:11:57]     Website: https://bottegaitalianacaffe.com
[00:12:00]   [WEBSITE] Looking up: Gvino Wine Bar
[00:12:03]     Website: https://6.3K+
[00:12:07]   [WEBSITE] Looking up: Spitz Mediterranean Street Food
[00:12:11]     Website: https://spitz-restaurant.com
[00:12:14]   [WEBSITE] Looking up: Travinia Italian Kitchen & Wine Bar
[00:12:17]     Website: https://www.traviniaitaliankitchen.com
[00:12:20]   [WEBSITE] Looking up: Echelon Wine Bar
[00:12:24]     Website: https://www.echelonwinebar.com
[00:12:27]   [WEBSITE] Looking up: Tuscarora Mill Restaurant
[00:12:30]     Website: https://www.tuskies.com
[00:12:33]   [WEBSITE] Looking up: Il Cappero
[00:12:36]     Website: https://www.ilcapperogroup.com
[00:12:40]   [WEBSITE] Looking up: Leesburg Diner by Cafe Kindred
[00:12:43]     Website: https://www.leesburgdinerbyck.com
[00:12:46]   [WEBSITE] Looking up: Dolce & Ciabatta Bakery
[00:12:49]     Website: https://www.dolceciabatta.com
[00:12:53]   [WEBSITE] Looking up: Blue Ridge Grill
[00:12:57]     Website: https://brgrill.com
[00:13:00]   [WEBSITE] Looking up: Deli Italiano Leesburg
[00:13:04]     Website: https://www.deliitaliano.com
[00:13:08]   [WEBSITE] Looking up: SideBar
[00:13:11]     Website: https://www.sidebarlbg.com
[00:13:14]   [WEBSITE] Looking up: RJ's Deli and Store
[00:13:17]     Website: https://rjsdeliandcateringleesburg.com
[00:13:20]   [WEBSITE] Looking up: Firebirds Wood Fired Grill
[00:13:23]     Website: https://firebirdsrestaurants.com
[00:13:27]   [WEBSITE] Looking up: Döner Bistro
[00:13:31]     Website: https://5.8K+
[00:13:41] 
[00:13:41] === Taste Query [3/10]: European bistro St. Michaels MD ===
[00:13:48]   Scrolling search results...
[00:13:56]   Extracting results...
[00:13:56]   No results found
[00:14:00] 
[00:14:00] === Taste Query [4/10]: European bistro Easton MD ===
[00:14:06]   Scrolling search results...
[00:14:12]   Extracting results...
[00:14:12]   Found 17 results
[00:14:43]   Added 4 new venues from query
[00:14:43]   [WEBSITE] Looking up: The Ivy
[00:14:46]     Website: https://www.theivybaltimore.com
[00:14:49]   [WEBSITE] Looking up: Easton Diner
[00:14:52]     Website: https://eastondinermd.com
[00:14:55]   [WEBSITE] Looking up: Bonheur Ice Cream and Pie
[00:14:58]     Website: https://bonheureaston.com
[00:15:11]   [WEBSITE] Looking up: Olive Garden Italian Restaurant
[00:15:14]     Website: https://www.olivegarden.com
[00:15:25] 
[00:15:25] === Taste Query [5/10]: European bistro Annapolis MD ===
[00:15:31]   Scrolling search results...
[00:15:38]   Extracting results...
[00:15:38]   Found 28 results
[00:17:04]   Added 18 new venues from query
[00:17:04]   [WEBSITE] Looking up: Light House Bistro
[00:17:08]     Website: https://www.lighthousebistro.org
[00:17:11]   [WEBSITE] Looking up: Bread and Butter Kitchen
[00:17:14]     Website: https://breadandbutterkitchen.com
[00:17:17]   [WEBSITE] Looking up: InGrano Bistro Bakery
[00:17:20]     Website: https://www.ingranoannapolis.com
[00:17:25]   [WEBSITE] Looking up: Positano Ristorante & Pizzeria
[00:17:28]     Website: https://positanoannapolis.com
[00:17:31]   [WEBSITE] Looking up: Café Normandie
[00:17:34]     Website: https://www.cafenormandie.com
[00:17:37]   [WEBSITE] Looking up: Paul's Homewood Café
[00:17:40]     Website: https://www.paulshomewoodcafe.com
[00:17:43]   [WEBSITE] Looking up: Red Red Wine Bar + Bistro
[00:17:47]     Website: https://redredwinebar.com
[00:17:49]   [WEBSITE] Looking up: Don Chico's Annapolis
[00:17:53]     Website: https://www.capitalgazette.com
[00:17:56]   [WEBSITE] Looking up: Old Stein Inn
[00:18:00]     Website: https://www.oldstein-inn.com
[00:18:03]   [WEBSITE] Looking up: Toastique Annapolis
[00:18:06]     Website: https://toastique.com
[00:18:09]   [WEBSITE] Looking up: Grapes Wine Bar & Restaurant
[00:18:13]     Website: https://www.grapeswinebarannapolis.com
[00:18:15]   [WEBSITE] Looking up: Annapolis Market House
[00:18:19]     Website: https://annapolismarkethouse.com
[00:18:47]   [WEBSITE] Looking up: Keratsini Greek Kitchen
[00:18:50]     Website: https://keratsinigreekkitchen.com
[00:18:53]   [WEBSITE] Looking up: The Right Slice
[00:18:56]     Website: https://therightslicemd.com
[00:18:59]   [WEBSITE] Looking up: Italian Market & Restaurant
[00:19:03]     Website: https://theitalianmarket.com
[00:19:05]   [WEBSITE] Looking up: Galway Bay Irish Restaurant and Pub
[00:19:09]     Website: https://galwaybaymd.com
[00:19:12]   [WEBSITE] Looking up: 49 West Coffeehouse, Winebar & Gallery
[00:19:15]     Website: https://49westcoffeehouse.com
[00:19:18]   [WEBSITE] Looking up: The Goat
[00:19:21]     Website: https://www.thegoatannapolis.com
[00:19:32] 
[00:19:32] === Taste Query [6/10]: European bistro Roland Park Baltimore MD ===
[00:19:39]   Scrolling search results...
[00:19:47]   Extracting results...
[00:19:47]   Found 14 results
[00:20:22]   Added 13 new venues from query
[00:20:22]   [WEBSITE] Looking up: Petit Louis Bistro
[00:20:25]     Website: https://petitlouis.com
[00:20:28]   [WEBSITE] Looking up: Cece's Roland Park
[00:20:32]     Website: https://www.cecesrolandpark.com
[00:20:35]   [WEBSITE] Looking up: Europe Restaurant
[00:20:38]     Website: https://www.europebaltimore.com
[00:20:41]   [WEBSITE] Looking up: Marie Louise Bistro
[00:20:44]     Website: https://marielouisebistro.com
[00:20:47]   [WEBSITE] Looking up: Sophia's Place European Deli
[00:20:51]     Website: https://www.sophiasplacedeli.com
[00:20:54]   [WEBSITE] Looking up: Magdalena, A Maryland Bistro
[00:20:57]     Website: https://www.theivybaltimore.com
[00:21:00]   [WEBSITE] Looking up: Le Comptoir du Vin
[00:21:03]     Website: https://www.comptoirbaltimore.com
[00:21:06]   [WEBSITE] Looking up: Vivian's
[00:21:10]     Website: https://vipsych.com
[00:21:13]   [WEBSITE] Looking up: Villagio Cafe
[00:21:16]     Website: https://villagiocafe.com
[00:21:19]   [WEBSITE] Looking up: Miss Shirley's Cafe, Roland Park
[00:21:23]     Website: https://www.missshirleys.com
[00:21:26]   [WEBSITE] Looking up: Bonjour Bakery & Cafe
[00:21:29]     Website: https://bonjourbakerybaltimore.com
[00:21:33]   [WEBSITE] Looking up: Twist fells point
[00:21:36]     Website: https://www.twistfellspoint.com
[00:21:39]   [WEBSITE] Looking up: Johnny's
[00:21:43]     Website: https://johnnysdownstairs.com
[00:21:52] 
[00:21:52] === Taste Query [7/10]: private club Georgetown DC ===
[00:21:57]   Scrolling search results...
[00:22:05]   Extracting results...
[00:22:05]   No results found
[00:22:11] 
[00:22:11] === Taste Query [8/10]: private club Dupont Circle DC ===
[00:22:15]   Scrolling search results...
[00:22:23]   Extracting results...
[00:22:24]   Found 16 results
[00:23:01]   Added 10 new venues from query
[00:23:01]   [WEBSITE] Looking up: University Club
[00:23:04]     Website: https://www.universityclubdc.com
[00:23:07]   [WEBSITE] Looking up: The Mayflower Club
[00:23:11]     Website: https://www.themayflowerdc.com
[00:23:15]   [WEBSITE] Looking up: Congressional Club
[00:23:19]     Website: https://www.thecongressionalclubmuseumandfoundation.org
[00:23:21]   [WEBSITE] Looking up: Phantom Lounge
[00:23:25]     Website: https://phantomdc.com
[00:23:27]   [WEBSITE] Looking up: Saint Yves
[00:23:30]     Website: https://www.saintyvesdc.com
[00:23:33]   [WEBSITE] Looking up: Twelve After Twelve
[00:23:36]     Website: https://www.twelveaftertwelve-dc.com
[00:23:40]   [WEBSITE] Looking up: The Gathering Spot DC
[00:23:43]     Website: https://21.6K+
[00:23:46]   [WEBSITE] Looking up: Abigail
[00:23:49]     Website: https://www.abigaildc.com
[00:23:52]   [WEBSITE] Looking up: Rosebar Lounge
[00:23:56]     Website: https://www.rosebarlounge.com
[00:23:59]   [WEBSITE] Looking up: Bachelor Benedict Club
[00:24:02]     Website: https://bachelor-benedict.org
[00:24:13] 
[00:24:13] === Taste Query [9/10]: private club Potomac MD ===
[00:24:19]   Scrolling search results...
[00:24:25]   Extracting results...
[00:24:25]   Found 53 results
[00:26:36]   Added 43 new venues from query
[00:26:36]   [WEBSITE] Looking up: Woodmont Country Club
[00:26:39]     Website: https://www.woodmontcc.com
[00:26:42]   [WEBSITE] Looking up: Kenwood Golf and Country Club
[00:26:46]     Website: https://www.kenwoodcc.net
[00:26:49]   [WEBSITE] Looking up: Bethesda Country Club
[00:26:52]     Website: https://www.bethesdacountryclub.org
[00:26:55]   [WEBSITE] Looking up: Potomac Glen Clubhouse and Pool
[00:26:58]     Website: https://www.tmgainc.com
[00:27:02]   [WEBSITE] Looking up: Congressional Country Club
[00:27:05]     Website: https://www.ccclub.org
[00:27:08]   [WEBSITE] Looking up: River Bend Golf & Country Club
[00:27:11]     Website: https://www.rbgcc.org
[00:27:14]   [WEBSITE] Looking up: Country Glen Swim & Tennis Club
[00:27:18]     Website: https://www.countryglen.org
[00:27:21]   [WEBSITE] Looking up: Potomac Woods Swim Club Inc
[00:27:24]     Website: https://potomacwoodsswimclub.org
[00:27:28]   [WEBSITE] Looking up: Regency Estates Swim Club
[00:27:31]     Website: https://rescpool.com
[00:27:35]   [WEBSITE] Looking up: The Beach Pool & Tennis Central
[00:27:38]     Website: https://www.mocobeachclub.com
[00:27:41]   [WEBSITE] Looking up: Inverness Recreation Club Inc
[00:27:44]     Website: https://invernessrecreationclub.org
[00:27:47]   [WEBSITE] Looking up: Norbeck Country Club
[00:27:51]     Website: https://www.invitedclubs.com
[00:27:53]   [WEBSITE] Looking up: Sycamore Island Club
[00:27:57]     Website: https://sycamoreisland.clubexpress.com
[00:28:00]   [WEBSITE] Looking up: Fit Club
[00:28:03]     Website: https://fitclubdmv.com
[00:28:07]   [WEBSITE] Looking up: Columbia Country Club
[00:28:10]     Website: https://www.columbiacc.org
[00:28:14]   [WEBSITE] Looking up: The Willows of Potomac Clubhouse and Pool
[00:28:17]     Website: https://willowsofpotomac.com
[00:28:21]   [WEBSITE] Looking up: Potomac Swim & Tennis Club
[00:28:24]     Website: https://www.potomacswimandtennis.com
[00:28:28]   [WEBSITE] Looking up: Midway House Congressional
[00:28:31]     Website: https://country-clubs.cmac.ws
[00:28:35]   [WEBSITE] Looking up: Life Time
[00:28:38]     Website: https://www.lifetime.life
[00:28:42]   [WEBSITE] Looking up: Palisades Swim & Tennis Club
[00:28:45]     Website: https://palisadespool.com
[00:28:48]   [WEBSITE] Looking up: Rollins Congressional Swimming Pool
[00:28:52]     Website: https://rcclubhouse.net
[00:28:55]   [WEBSITE] Looking up: Club Pilates
[00:28:58]     Website: https://www.clubpilates.com
[00:29:02]   [WEBSITE] Looking up: Bannockburn Community Club
[00:29:06]     Website: https://bannockburncommunity.org
[00:29:09]   [WEBSITE] Looking up: Edgemoor Club
[00:29:12]     Website: https://www.theedgemoorclub.com
[00:29:15]   [WEBSITE] Looking up: Trump National Golf Club Washington DC
[00:29:18]     Website: https://www.trumpnationaldc.com
[00:29:22]   [WEBSITE] Looking up: Avenel Community Association
[00:29:25]     Website: https://liveatavenel.com
[00:29:28]   [WEBSITE] Looking up: Bethesda Tennis Academy
[00:29:31]     Website: https://bethesdatennisacademy.com
[00:29:35]   [WEBSITE] Looking up: The Aspen Hill Club
[00:29:38]     Website: https://aspenhillclub.com
[00:29:42]   [WEBSITE] Looking up: Willows Of Potomac
[00:29:45]     Website: https://willowsofpotomac.com
[00:29:51]   [WEBSITE] Looking up: Hidden Creek Country Club
[00:29:54]     Website: https://www.hiddencreekcc.com
[00:29:58]   [WEBSITE] Looking up: Wildwood Manor Pool
[00:30:01]     Website: https://wildwoodpool.com
[00:30:05]   [WEBSITE] Looking up: Montcare Potomac
[00:30:08]     Website: https://www.mcpotomac.com
[00:30:12]   [WEBSITE] Looking up: Bretton Woods Golf Course Club House
[00:30:15]     Website: https://www.bwrc.org
[00:30:18]   [WEBSITE] Looking up: Nancy H. Dacek North Potomac Community Recreation Center
[00:30:22]     Website: https://www.montgomerycountymd.gov
[00:30:25]   [WEBSITE] Looking up: West Hillandale Swim Club
[00:30:28]     Website: https://www.whscpool.org
[00:30:32]   [WEBSITE] Looking up: Wellbranch
[00:30:35]     Website: https://www.wellbranchhealth.com
[00:30:38]   [WEBSITE] Looking up: Thomas Farm Community Center
[00:30:42]     Website: https://www.rockvillemd.gov
[00:30:45]   [WEBSITE] Looking up: Rockshire Pool
[00:30:49]     Website: https://www.rockshire.org
[00:30:52]   [WEBSITE] Looking up: YMCA Bethesda-Chevy Chase
[00:30:55]     Website: https://www.ymcadc.org
[00:30:59]   [WEBSITE] Looking up: FINS Swimming
[00:31:02]     Website: https://finsswimming.com
[00:31:06]   [WEBSITE] Looking up: Peak Golf Institute
[00:31:09]     Website: https://peakgolfinstitute.com
[00:31:12]   [WEBSITE] Looking up: Quince Orchard Swim and Tennis Club
[00:31:15]     Website: https://www.qostc.org
[00:31:19]   [WEBSITE] Looking up: Kennedy Shriver Aquatic Center
[00:31:22]     Website: https://www.montgomerycountymd.gov
[00:31:30] 
[00:31:30] === Taste Query [10/10]: private club Bethesda MD ===
[00:31:37]   Scrolling search results...
[00:31:43]   Extracting results...
[00:31:43]   Found 31 results
[00:33:00]   Added 11 new venues from query
[00:33:00]   [WEBSITE] Looking up: The St. James Performance Club
[00:33:04]     Website: https://www.thestjames.com
[00:33:07]   [WEBSITE] Looking up: Carderock Springs Swim and Tennis Club
[00:33:10]     Website: https://carderockclub.org
[00:33:13]   [WEBSITE] Looking up: The GeorgeTown Club
[00:33:17]     Website: https://www.georgetownclub.org
[00:33:19]   [WEBSITE] Looking up: Congressional Country Club Tennis
[00:33:23]     Website: https://www.ccclub.org
[00:33:25]   [WEBSITE] Looking up: Whitley Park Sports Club
[00:33:28]     Website: https://whitleyparksportsclub.playbycourt.com
[00:33:32]   [WEBSITE] Looking up: Seven Locks Swim & Tennis Club
[00:33:35]     Website: https://sevenlocks.org
[00:33:39]   [WEBSITE] Looking up: Washington Golf & Country Club
[00:33:42]     Website: https://www.washingtongolfcc.org
[00:33:44]   [WEBSITE] Looking up: Promenade Tennis Club
[00:33:48]     Website: https://www.thepromenade.org
[00:33:50]   [WEBSITE] Looking up: Connecticut Belair Club
[00:33:54]     Website: https://cbpool.net
[00:33:57]   [WEBSITE] Looking up: Chevy Chase Athletic Club
[00:34:00]     Website: https://myccac.com
[00:34:03]   [WEBSITE] Looking up: Kenmont Swim & Tennis Club
[00:34:07]     Website: https://www.kenmont.com
[00:34:15]   MAX_QUERIES=10 reached — stopping.
[00:34:15] Calculating distances for new venues...
[00:34:42]   Distances calculated: 1
[00:34:42] 
[00:34:42] === Taste Discovery Complete ===
[00:34:42]   Queries run: 10
[00:34:42]   Venues added: 124
[00:34:42]   Queries remaining: 462

[23:56:07] === Taste Discovery Mode Started ===
[23:56:07] MAX_QUERIES=999
[23:56:07] Fetching existing venues + past gigs for dedup...

[00:30:18] === Venue Discovery Started ===
[00:30:18] Fetching past gigs...
[00:30:21] Found 70 past gigs
[00:30:21] Fetching existing venues for dedup...
[00:30:24] Existing venues: 1357
[00:30:24]   SKIP (already discovered): L'Auberge Chez Francois
[00:30:24]   SKIP (already discovered): The Inn at Perry Cabin
[00:30:24]   SKIP (already discovered): The Maryland Club
[00:30:24]   SKIP (already discovered): Black Ankle Vineyards
[00:30:24]   SKIP (already discovered): Royal Restaurant
[00:30:24]   SKIP (already discovered): Good Spirit Farm Winery
[00:30:24]   SKIP (already discovered): Chesapeake Manor Vineyard
[00:30:24]   SKIP (already discovered): Elkridge Furnace Inn
[00:30:24]   SKIP (already discovered): Xella Winery and Vineyard
[00:30:24]   SKIP (already discovered): Twin Oaks Tavern Winery
[00:30:24]   SKIP (already discovered): Windridge Vineyards
[00:30:24]   SKIP (already discovered): University Club
[00:30:24]   SKIP (already discovered): The Farmhouse Tuscan
[00:30:24]   SKIP (already discovered): Big Cork Vineyards
[00:30:24]   SKIP (already discovered): Savage Mill Mall
[00:30:24]   SKIP (already discovered): Trueman Vineyards
[00:30:24]   SKIP (already discovered): Williams Gap Vineyard
[00:30:24]   SKIP (already discovered): Hello Betty Bethesda
[00:30:24]   SKIP (already discovered): The Madison Hotel
[00:30:24]   SKIP (already discovered): Belle Haven Country Club
[00:30:24]   SKIP (already discovered): Casanel Vineyards & Winery
[00:30:24]   SKIP (already discovered): Chrysalis Vineyards at The Ag District
[00:30:24]   SKIP (already discovered): Corteau Winery
[00:30:24]   SKIP (already discovered): Penn Oaks Winery
[00:30:24]   SKIP (already discovered): Pizza Pomodoro
[00:30:24]   SKIP (already discovered): Hidden Brook Winery
[00:30:24]   SKIP (already discovered): Simple Theory Wine Co
[00:30:24]   SKIP (already discovered): Brightview Perry Hall
[00:30:24]   SKIP (already discovered): Lake Anne Coffee House & Wine Bar
[00:30:24]   SKIP (already discovered): Gaylord National Harbor
[00:30:24]   SKIP (already discovered): Woodberry Kitchen
[00:30:24]   SKIP (already discovered): Great Sage
[00:30:24]   SKIP (already discovered): Cosmos Club DC
[00:30:24]   SKIP (already discovered): Doukénie Winery
[00:30:24]   SKIP (already discovered): State Plaza Hotel DC
[00:30:24]   SKIP (already discovered): Hyatt Cambridge
[00:30:24]   SKIP (already discovered): Greenhill Vineyards
[00:30:24]   SKIP (already discovered): Loudoun Golf & Country Club
[00:30:24]   SKIP (already discovered): Creek's Edge Winery
[00:30:24]   SKIP (already discovered): The Milton Inn
[00:30:24]   SKIP (already discovered): Country Club of Fairfax
[00:30:24]   SKIP (already discovered): Century Club Hagerstown
[00:30:24]   SKIP (already discovered): Rock Spring Farm
[00:30:24]   SKIP (already discovered): Janemark Winery & Vineyard
[00:30:24]   SKIP (already discovered): Alma Cocina Latina
[00:30:24]   SKIP (already discovered): Omni Shoreham Hotel
[00:30:24]   SKIP (already discovered): Knoxie's Table
[00:30:24]   SKIP (already discovered): 1757 Golf Club
[00:30:24]   SKIP (already discovered): Holly Hills Country Club
[00:30:24]   SKIP (already discovered): Conrad Washington DC
[00:30:24]   SKIP (already discovered): Pirouette Restaurant & Wine Shop
[00:30:24]   SKIP (already discovered): Le Méridien Arlington
[00:30:24]   SKIP (already discovered): Dulles Town Center
[00:30:24]   SKIP (already discovered): Hidden Hills Farm and Vineyard
[00:30:24]   SKIP (already discovered): Maritime Museum St Michaels
[00:30:24]   SKIP (already discovered): Chartwell Golf & Country Club
[00:30:24]   SKIP (already discovered): Ruse
[00:30:24]   SKIP (already discovered): InGrano Bistro Bakery
[00:30:24]   SKIP (already discovered): Kent Manor Inn
[00:30:24]   SKIP (already discovered): Army Navy Country Club
[00:30:24]   SKIP (already discovered): River Bend Country Club
[00:30:24]   SKIP (already discovered): City Tavern DC
[00:30:24]   SKIP (already discovered): Baltimore Country Club
[00:30:24]   SKIP (already discovered): Vino and Pasta
[00:30:24]   SKIP (already discovered): 50 West Vineyards
[00:30:24]   SKIP (already discovered): The Galley Restaurant & Bar
[00:30:24]   SKIP (already discovered): Wylder Hotel Tilghman Island
[00:30:24]   SKIP (already discovered): Bistrot Lepic
[00:30:24]   SKIP (already discovered): Sunset Hills Winery
[00:30:24]   SKIP (already discovered): The Oaks Waterfront Hotel
[00:30:24] Cleaning up discovered_gigs.txt...
[00:30:29] 
[00:30:29] === Discovery Complete — Total new venues: 0 ===

[00:30:36] === Taste Discovery Mode Started ===
[00:30:36] MAX_QUERIES=11
[00:30:36] Fetching existing venues + past gigs for dedup...
[00:30:42] Existing venues + past gigs: 0
[00:30:42] Generating search queries from taste profile...
[00:30:42] Generated 462 queries (11 will run this session)
[00:30:42] 
[00:30:42] === Taste Query [1/11]: private club Chevy Chase MD ===
[00:30:48]   Scrolling search results...
[00:30:55]   Extracting results...
[00:30:56]   Found 2 results
[00:31:02]   Added 0 new venues from query
[00:31:07] 
[00:31:07] === Taste Query [2/11]: private club Great Falls VA ===
[00:31:12]   Scrolling search results...
[00:31:19]   Extracting results...
[00:31:20]   No results found
[00:31:25] 
[00:31:25] === Taste Query [3/11]: private club McLean VA ===
[00:31:30]   Scrolling search results...
[00:31:38]   Extracting results...
[00:31:39]   Found 44 results
[00:33:53]   Added 41 new venues from query
[00:33:53]   [WEBSITE] Looking up: The Palladium
[00:33:56]     Website: https://www.tysonscondos.co
[00:33:59]   [WEBSITE] Looking up: The Tower Club Tysons
[00:34:02]     Website: https://www.invitedclubs.com
[00:34:05]   [WEBSITE] Looking up: McLean Racquet & Health Club
[00:34:09]     Website: https://www.mcleanrhclub.com
[00:34:12]   [WEBSITE] Looking up: Kent Gardens Recreation Club
[00:34:15]     Website: https://kentgardens.org
[00:34:18]   [WEBSITE] Looking up: Tuckahoe Recreation Club
[00:34:21]     Website: https://tuckahoe.net
[00:34:25]   [WEBSITE] Looking up: The Mclean Business Club
[00:34:28]     Website: https://www.mcleanbusinessclub.com
[00:34:32]   [WEBSITE] Looking up: Westwood Country Club
[00:34:35]     Website: https://www.westwoodcc.com
[00:34:38]   [WEBSITE] Looking up: The Pickleball Club of Tysons
[00:34:41]     Website: https://www.tpc-tysons.com
[00:34:44]   [WEBSITE] Looking up: River Bend Golf & Country Club
[00:34:48]     Website: https://www.rbgcc.org
[00:34:51]   [WEBSITE] Looking up: McLean Swim & Tennis Association
[00:34:54]     Website: https://mcleanswimandtennis.org
[00:34:57]   [WEBSITE] Looking up: Washington Golf & Country Club
[00:35:01]     Website: https://www.washingtongolfcc.org
[00:35:05]   [WEBSITE] Looking up: Highlands Swim & Tennis Club
[00:35:08]     Website: https://highlandsswim.org
[00:35:12]   [WEBSITE] Looking up: Langley Swim and Tennis Club
[00:35:15]     Website: https://langleyclub.org
[00:35:18]   [WEBSITE] Looking up: Arlington Forest Club
[00:35:21]     Website: https://arlingtonforestclub.org
[00:35:25]   [WEBSITE] Looking up: Hamlet Swim & Tennis Club
[00:35:28]     Website: https://hamletpool.org
[00:35:31]   [WEBSITE] Looking up: Tutoring Club of McLean
[00:35:35]     Website: https://tutoringclub.com
[00:35:38]   [WEBSITE] Looking up: Vienna Woods Swim & Tennis Club
[00:35:42]     Website: https://viennawoods.org
[00:35:45]   [WEBSITE] Looking up: Chesterbrook Swim & Tennis Club
[00:35:48]     Website: https://chesterbrookclub.com
[00:35:52]   [WEBSITE] Looking up: Sunnyside Executive Lounge
[00:35:55]     Website: https://www.sunnysiderestaurantgroup.com
[00:36:00]   [WEBSITE] Looking up: The Columbus Club of Arlington
[00:36:04]     Website: https://www.columbusclubevents.com
[00:36:07]   [WEBSITE] Looking up: Play Squash Academy
[00:36:10]     Website: https://playsquashacademy.com
[00:36:14]   [WEBSITE] Looking up: LiL Havana Cigar Club
[00:36:17]     Website: https://lilhavanacigar.com
[00:36:20]   [WEBSITE] Looking up: THE SALSA ROOM
[00:36:24]     Website: https://6.2K+
[00:36:27]   [WEBSITE] Looking up: Dominion Hills Area Recreation
[00:36:30]     Website: https://dominionhills.org
[00:36:34]   [WEBSITE] Looking up: Army Navy Country Club
[00:36:37]     Website: http://www.ancc.org
[00:36:40]   [WEBSITE] Looking up: Cardinal Hill Swim and Racquet Club
[00:36:43]     Website: https://chsrc.com
[00:36:47]   [WEBSITE] Looking up: Club Studio
[00:36:50]     Website: https://clubstudiofitness.com
[00:36:54]   [WEBSITE] Looking up: Potomac Officers Club
[00:36:57]     Website: https://www.potomacofficersclub.com
[00:37:00]   [WEBSITE] Looking up: International Country Club
[00:37:03]     Website: https://internationalcc.com
[00:37:06]   [WEBSITE] Looking up: Clarendon Ballroom Nightclub and Rooftop
[00:37:10]     Website: https://www.clarendonballroomva.com
[00:37:14]   [WEBSITE] Looking up: Golf Defined
[00:37:17]     Website: https://www.golfdefined.com
[00:37:21]   [WEBSITE] Looking up: York Swim Club
[00:37:24]     Website: https://www.gomotionapp.com
[00:37:27]   [WEBSITE] Looking up: Lucky Strike Tysons Corner
[00:37:31]     Website: https://www.luckystrikeent.com
[00:37:35]   [WEBSITE] Looking up: Squash Revolution - McLean, VA
[00:37:38]     Website: https://www.squashrevolution.com
[00:37:41]   [WEBSITE] Looking up: Nation's Capital Swim Club
[00:37:45]     Website: https://www.ncapswim.com
[00:37:48]   [WEBSITE] Looking up: Fox Mill Woods Swim & Tennis
[00:37:52]     Website: https://www.fmwst.com
[00:37:55]   [WEBSITE] Looking up: The Ridge Club
[00:37:58]     Website: https://www.cityridgedc.com
[00:38:01]   [WEBSITE] Looking up: McLean Community Players
[00:38:04]     Website: https://mcleanplayers.org
[00:38:08]   [WEBSITE] Looking up: Army Navy Country Club - Fairfax
[00:38:12]     Website: https://www.ancc.org
[00:38:15]   [WEBSITE] Looking up: Bethesda Country Club
[00:38:18]     Website: https://www.bethesdacountryclub.org
[00:38:21]   [WEBSITE] Looking up: Rotary Club of McLean
[00:38:25]     Website: https://mcleanrotary.org
[00:38:36] 
[00:38:36] === Taste Query [4/11]: private club Alexandria VA ===
[00:38:40]   Scrolling search results...
[00:38:48]   Extracting results...
[00:38:49]   Found 55 results
[00:41:18]   Added 46 new venues from query
[00:41:18]   [WEBSITE] Looking up: Belle Haven Country Club
[00:41:21]     Website: https://www.bellehavencc.com
[00:41:25]   [WEBSITE] Looking up: CXIII Rex
[00:41:28]     Website: https://hospitalitysnapshots.com
[00:41:31]   [WEBSITE] Looking up: Departmental Progressive Club
[00:41:34]     Website: https://dpc1927.org
[00:41:39]   [WEBSITE] Looking up: Mansion House Swim, Tennis & Dive
[00:41:43]     Website: https://mansionhouseclub.com
[00:41:48]   [WEBSITE] Looking up: Serenity Club Inc
[00:41:51]     Website: https://serenityclubva.com
[00:41:54]   [WEBSITE] Looking up: Shadows Private Club 2.0
[00:41:57]     Website: https://www.shadowslove.com
[00:42:00]   [WEBSITE] Looking up: Hayfield Farm Swim Club
[00:42:03]     Website: http://www.hayfieldpool.com
[00:42:06]   [WEBSITE] Looking up: Virginia Hills Swim Club
[00:42:09]     Website: https://vahillspool.com
[00:42:13]   [WEBSITE] Looking up: National Club Association
[00:42:16]     Website: https://nationalclub.org
[00:42:19]   [WEBSITE] Looking up: Parklawn Pool
[00:42:22]     Website: https://parklawnpool.org
[00:42:26]   [WEBSITE] Looking up: Highland Park Pool
[00:42:29]     Website: https://highlandparkpool.com
[00:42:32]   [WEBSITE] Looking up: Two Nineteen Restaurant
[00:42:36]     Website: https://219restaurant.com
[00:42:39]   [WEBSITE] Looking up: Springfield Golf & Country Club
[00:42:42]     Website: https://www.sgccva.org
[00:42:45]   [WEBSITE] Looking up: Alexandria Elks Lodge #48 (IBPOEW)
[00:42:49]     Website: https://www.spring2action.org
[00:42:52]   [WEBSITE] Looking up: Little Hunting Park Club Swim and Tennis Club
[00:42:55]     Website: https://littlehuntingpark.com
[00:42:58]   [WEBSITE] Looking up: Mansion House Yacht Club
[00:43:01]     Website: https://www.mansionhouseyachtclub.com
[00:43:04]   [WEBSITE] Looking up: Delta Rocks Billiard
[00:43:08]     Website: https://findtourneys.com
[00:43:11]   [WEBSITE] Looking up: Old Dominion Boat Club
[00:43:14]     Website: https://www.olddominionboatclub.com
[00:43:17]   [WEBSITE] Looking up: The Crucible
[00:43:21]     Website: https://team-crucible.com
[00:43:23]   [WEBSITE] Looking up: Hollin Meadows Swim and Tennis Club
[00:43:27]     Website: https://hollinmeadows.org
[00:43:30]   [WEBSITE] Looking up: Hollin Hills Pool
[00:43:33]     Website: https://hollinhillspool.org
[00:43:36]   [WEBSITE] Looking up: The GeorgeTown Club
[00:43:39]     Website: https://www.georgetownclub.org
[00:43:42]   [WEBSITE] Looking up: Live-K Karaoke Bar | The Wharf
[00:43:45]     Website: https://www.live-k.com
[00:43:49]   [WEBSITE] Looking up: The Study at Morrison House
[00:43:52]     Website: https://morrisonhouse.com
[00:43:55]   [WEBSITE] Looking up: Silk Rose Spa
[00:43:58]     Website: https://www.silkrosespa.com
[00:44:01]   [WEBSITE] Looking up: Saint Yves
[00:44:05]     Website: https://www.saintyvesdc.com
[00:44:07]   [WEBSITE] Looking up: Crystal City Restaurant - Gentleman's Club
[00:44:11]     Website: https://crystalcityrestaurant.com
[00:44:14]   [WEBSITE] Looking up: Landini Brothers Restaurant
[00:44:17]     Website: https://www.landinibrothers.com
[00:44:20]   [WEBSITE] Looking up: The Metropolitan Club
[00:44:24]     Website: https://www.metroclub.com
[00:44:27]   [WEBSITE] Looking up: PaperMoon Springfield
[00:44:30]     Website: https://www.papermoonvip.com
[00:44:33]   [WEBSITE] Looking up: Portales Restaurant
[00:44:36]     Website: https://portales-restaurant.weeblyte.com
[00:44:40]   [WEBSITE] Looking up: Potomac Paddle Club
[00:44:43]     Website: https://seasuitecruises.com
[00:44:47]   [WEBSITE] Looking up: WeAquatics
[00:44:50]     Website: https://weaquatics.com
[00:44:53]   [WEBSITE] Looking up: Club Management Association of America (CMAA)
[00:44:56]     Website: https://www.cmaa.org
[00:44:59]   [WEBSITE] Looking up: Warwick Pool
[00:45:02]     Website: https://www.alexandriava.gov
[00:45:06]   [WEBSITE] Looking up: O'Shaughnessy's Sports bar & Pub
[00:45:10]     Website: https://outinoldtown.com
[00:45:13]   [WEBSITE] Looking up: Mount Vernon Park Association, Inc.
[00:45:16]     Website: https://mtvpa.com
[00:45:19]   [WEBSITE] Looking up: The City Club of Washington
[00:45:22]     Website: https://www.bizjournals.com
[00:45:26]   [WEBSITE] Looking up: Sleepy Hollow Recreation Association
[00:45:29]     Website: https://shrasharks.org
[00:45:32]   [WEBSITE] Looking up: Street Lights Billiards Academy
[00:45:35]     Website: https://5.7K+
[00:45:38]   [WEBSITE] Looking up: Venue
[00:45:41]     Website: https://www.wolftrap.org
[00:45:44]   [WEBSITE] Looking up: Cosmos Club
[00:45:47]     Website: https://www.cosmosclub.org
[00:45:50]   [WEBSITE] Looking up: The Light Horse Restaurant and Bar
[00:45:54]     Website: https://thelighthorserestaurant.com
[00:45:58]   [WEBSITE] Looking up: The Camelot Showbar Strip Club
[00:46:02]     Website: https://camelotshowbar.com
[00:46:05]   [WEBSITE] Looking up: LPRC-Tennis
[00:46:08]     Website: https://www.lincolniapark.org
[00:46:12]   [WEBSITE] Looking up: Muneer Chess and Tennis Club (MCTC)
[00:46:16]     Website: https://www.mctc.games
[00:46:25] 
[00:46:25] === Taste Query [5/11]: private club Reston VA ===
[00:46:32]   Scrolling search results...
[00:46:40]   Extracting results...
[00:46:40]   Found 11 results
[00:47:08]   Added 5 new venues from query
[00:47:08]   [WEBSITE] Looking up: Hidden Creek Country Club
[00:47:11]     Website: https://www.hiddencreekcc.com
[00:47:15]   [WEBSITE] Looking up: Worldgate Athletic Club
[00:47:18]     Website: https://worldgateathleticclubandspa.com
[00:47:21]   [WEBSITE] Looking up: Pinecrest Swim & Tennis Club
[00:47:25]     Website: https://pinecrest20171.com
[00:47:28]   [WEBSITE] Looking up: Life Time
[00:47:31]     Website: https://www.lifetime.life
[00:47:34]   [WEBSITE] Looking up: Penthouse Pool Club
[00:47:38]     Website: https://penthousepool.com
[00:47:50] 
[00:47:50] === Taste Query [6/11]: private club Middleburg VA ===
[00:47:57]   Scrolling search results...
[00:48:03]   Extracting results...
[00:48:03]   Found 20 results
[00:48:58]   Added 17 new venues from query
[00:48:58]   [WEBSITE] Looking up: Greenhill Vineyards
[00:49:01]     Website: https://experiencegreenhill.com
[00:49:04]   [WEBSITE] Looking up: Middleburg Tennis Club Association
[00:49:08]     Website: https://www.middleburgtennisclub.com
[00:49:11]   [WEBSITE] Looking up: Middleburg Hunt
[00:49:14]     Website: https://www.middleburghunt.com
[00:49:17]   [WEBSITE] Looking up: River Creek Club
[00:49:20]     Website: https://www.invitedclubs.com
[00:49:23]   [WEBSITE] Looking up: Banbury Cross Polo Club
[00:49:26]     Website: https://www.banburycrosspoloclub.com
[00:49:30]   [WEBSITE] Looking up: Boxwood Estate Winery
[00:49:33]     Website: https://boxwoodwinery.com
[00:49:36]   [WEBSITE] Looking up: Middleburg Hospitality
[00:49:39]     Website: https://middleburghospitality.com
[00:49:43]   [WEBSITE] Looking up: Cana Vineyards and Winery of Middleburg
[00:49:46]     Website: https://canavineyards.com
[00:49:49]   [WEBSITE] Looking up: 50 West Vineyards
[00:49:52]     Website: https://www.50westvineyards.com
[00:49:55]   [WEBSITE] Looking up: Heritage Hunt Country Club
[00:49:58]     Website: https://www.heritagehunt.net
[00:50:03]   [WEBSITE] Looking up: Creighton Farms
[00:50:06]     Website: https://creightonfarms.com
[00:50:09]   [WEBSITE] Looking up: Evergreen Country Club
[00:50:13]     Website: https://www.evergreencc.org
[00:50:16]   [WEBSITE] Looking up: Stoneleigh Golf and Country Club
[00:50:19]     Website: https://www.stoneleighgolf.com
[00:50:22]   [WEBSITE] Looking up: Belmont Country Club
[00:50:25]     Website: https://www.invitedclubs.com
[00:50:28]   [WEBSITE] Looking up: Piedmont Club - Haymarket
[00:50:32]     Website: https://www.invitedclubs.com
[00:50:34]   [WEBSITE] Looking up: Dominion Valley Country Club
[00:50:38]     Website: https://www.invitedclubs.com
[00:50:41]   [WEBSITE] Looking up: The Chase Club at Hotel Burg
[00:50:44]     Website: https://hotelburg.com
[00:50:55] 
[00:50:55] === Taste Query [7/11]: private club Leesburg VA ===
[00:51:02]   Scrolling search results...
[00:51:10]   Extracting results...
[00:51:10]   Found 20 results
[00:52:22]   Added 14 new venues from query
[00:52:22]   [WEBSITE] Looking up: Play The Par Social Club
[00:52:25]     Website: https://ptpsocialclub.com
[00:52:28]   [WEBSITE] Looking up: The Diana Lounge
[00:52:32]     Website: https://www.thehunton.com
[00:52:35]   [WEBSITE] Looking up: Birkby House
[00:52:38]     Website: https://birkbyhouse.com
[00:52:41]   [WEBSITE] Looking up: Toire Avenue
[00:52:44]     Website: https://www.toireavenue.com
[00:52:47]   [WEBSITE] Looking up: The Golf Club at Lansdowne
[00:52:51]     Website: https://golfatlansdowne.com
[00:52:53]   [WEBSITE] Looking up: The Huntōn
[00:52:57]     Website: https://www.thehunton.com
[00:53:00]   [WEBSITE] Looking up: Rose Hill Manor
[00:53:04]     Website: https://www.rosehillmanor.com
[00:53:07]   [WEBSITE] Looking up: October One Vineyard Wine Tasting Shop
[00:53:10]     Website: https://octoberonevineyard.com
[00:53:13]   [WEBSITE] Looking up: Tally Ho Theater
[00:53:16]     Website: https://tallyhotheater.com
[00:53:22]   [WEBSITE] Looking up: Lucky Strike Leesburg
[00:53:25]     Website: https://www.luckystrikeent.com
[00:53:27]   [WEBSITE] Looking up: Loudoun Club 12
[00:53:31]     Website: https://www.loudounclub12.org
[00:53:34]   [WEBSITE] Looking up: Stratford Club
[00:53:38]     Website: https://stratfordclub.fswp3.net
[00:53:40]   [WEBSITE] Looking up: Stone Tower Winery
[00:53:44]     Website: https://www.stonetowerwinery.com
[00:53:47]   [WEBSITE] Looking up: Beacon Hill Golf Club
[00:53:51]     Website: https://beaconhillgolfva.com
[00:53:59] 
[00:53:59] === Taste Query [8/11]: private club St. Michaels MD ===
[00:54:05]   Scrolling search results...
[00:54:11]   Extracting results...
[00:54:11]   Found 14 results
[00:54:47]   Added 10 new venues from query
[00:54:47]   [WEBSITE] Looking up: Woman's Club of St Michaels
[00:54:51]     Website: https://womansclubofsaintmichaels.org
[00:54:53]   [WEBSITE] Looking up: The Treetop Lounge
[00:54:57]     Website: https://www.thegalleysaintmichaels.com
[00:55:00]   [WEBSITE] Looking up: Ship's Cove Inn and Resort
[00:55:04]     Website: https://www.harbourinn.com
[00:55:07]   [WEBSITE] Looking up: St. Michaels Concours d'Elegance on Chesapeake Bay
[00:55:10]     Website: https://smcde.org
[00:55:13]   [WEBSITE] Looking up: Spa at Perry Cabin
[00:55:16]     Website: https://innatperrycabin.com
[00:55:19]   [WEBSITE] Looking up: Cliff Drysdale Tennis at Inn at Perry Cabin
[00:55:23]     Website: https://www.cliffdrysdale.com
[00:55:26]   [WEBSITE] Looking up: The Harbor Club
[00:55:29]     Website: https://thepier5.com
[00:55:32]   [WEBSITE] Looking up: Cove Creek Club
[00:55:35]     Website: http://www.covecreekclub.com
[00:55:38]   [WEBSITE] Looking up: Sail Selina II
[00:55:42]     Website: https://www.stmichaelssailingcharters.com
[00:55:46]   [WEBSITE] Looking up: St. Michaels Business Association
[00:55:49]     Website: https://www.stmichaelsmd.org
[00:55:57] 
[00:55:57] === Taste Query [9/11]: private club Easton MD ===
[00:56:02]   Scrolling search results...
[00:56:08]   Extracting results...
[00:56:08]   Found 11 results
[00:56:36]   Added 8 new venues from query
[00:56:36]   [WEBSITE] Looking up: Easton Club East
[00:56:40]     Website: https://www.eastonclubeast.org
[00:56:43]   [WEBSITE] Looking up: Easton Club Community Association, Inc
[00:56:47]     Website: https://www.theeastonclub.com
[00:56:50]   [WEBSITE] Looking up: Maryland Health Club LLC
[00:56:53]     Website: https://www.theeastonclub.com
[00:56:57]   [WEBSITE] Looking up: Chesapeake Bay Yacht Club
[00:57:00]     Website: https://www.chesapeakeyachtclub.org
[00:57:03]   [WEBSITE] Looking up: Easton Family YMCA
[00:57:06]     Website: http://ymcachesapeake.org
[00:57:09]   [WEBSITE] Looking up: The Gratitude Club
[00:57:13]     Website: https://www.samhsa.gov
[00:57:17]   [WEBSITE] Looking up: Hog Neck Golf Course
[00:57:20]     Website: https://hogneck.com
[00:57:23]   [WEBSITE] Looking up: Talbot County Women's Club
[00:57:26]     Website: https://talbotcountywomensclub.org
[00:57:36] 
[00:57:36] === Taste Query [10/11]: private club Annapolis MD ===
[00:57:41]   Scrolling search results...
[00:57:47]   Extracting results...
[00:57:47]   Found 60 results
[01:00:19]   Added 46 new venues from query
[01:00:19]   [WEBSITE] Looking up: Fleet Reserve Club Of Annapolis
[01:00:22]     Website: https://frcannapolis.org
[01:00:26]   [WEBSITE] Looking up: Club 164
[01:00:29]     Website: https://www.club164.org
[01:00:33]   [WEBSITE] Looking up: Peerless Rens Club
[01:00:36]     Website: https://www.peerlessrensclub.com
[01:00:39]   [WEBSITE] Looking up: Epping Forest Club House
[01:00:42]     Website: https://eppingforest.com
[01:00:45]   [WEBSITE] Looking up: Heritage Harbor Golf Club
[01:00:49]     Website: https://www.golfpass.com
[01:00:51]   [WEBSITE] Looking up: The Golf Club at South River
[01:00:55]     Website: https://www.golfclubsr.com
[01:00:58]   [WEBSITE] Looking up: Prism Annapolis
[01:01:01]     Website: https://www.prismannapolis.com
[01:01:05]   [WEBSITE] Looking up: Seafarers Yacht Club of Annapolis
[01:01:08]     Website: https://www.seafarersyc.com
[01:01:12]   [WEBSITE] Looking up: Chartwell Golf & Country Club
[01:01:15]     Website: https://www.chartwellgcc.com
[01:01:20]   [WEBSITE] Looking up: X-Golf Annapolis
[01:01:23]     Website: https://playxgolf.com
[01:01:27]   [WEBSITE] Looking up: United States Naval Academy Golf Club
[01:01:30]     Website: https://usnagolf.com
[01:01:33]   [WEBSITE] Looking up: Chesapeake Boating Club
[01:01:36]     Website: https://chesapeakeboatingclub.com
[01:01:39]   [WEBSITE] Looking up: The Atreeum at Soaring Timbers
[01:01:43]     Website: https://www.soaringtimbers.org
[01:01:47]   [WEBSITE] Looking up: Oyster Harbor Private Beach
[01:01:50]     Website: https://www.oysterharbor.org
[01:01:54]   [WEBSITE] Looking up: Annapolis Athletic Club
[01:01:57]     Website: https://www.clubaac.com
[01:02:01]   [WEBSITE] Looking up: SailTime Annapolis
[01:02:04]     Website: https://sailtime.com
[01:02:07]   [WEBSITE] Looking up: Bay Hills Swim Club
[01:02:11]     Website: https://bayhillsswimclub.com
[01:02:14]   [WEBSITE] Looking up: Hornor Maritime Center
[01:02:17]     Website: https://www.hornormaritime.org
[01:02:21]   [WEBSITE] Looking up: Severn River Swim Club
[01:02:24]     Website: https://severnriverswimclub.com
[01:02:27]   [WEBSITE] Looking up: Whitehurst Club and Marina
[01:02:30]     Website: https://www.severnapark.com
[01:02:33]   [WEBSITE] Looking up: Pine Tree Associates
[01:02:37]     Website: https://pinetreeclub.org
[01:02:39]   [WEBSITE] Looking up: Elks Lodge
[01:02:43]     Website: https://www.elks.org
[01:02:45]   [WEBSITE] Looking up: Ulmstead Swim Club
[01:02:49]     Website: https://ulmsteadswimclub.com
[01:02:52]   [WEBSITE] Looking up: Walden Country Club
[01:02:55]     Website: https://www.waldencountryclub.com
[01:02:58]   [WEBSITE] Looking up: Pip Moyer Recreation Center (Annapolis Recreation and Parks)
[01:03:01]     Website: https://www.annapolis.gov
[01:03:04]   [WEBSITE] Looking up: Old Line Golf Club
[01:03:07]     Website: https://www.oldlinegolfclub.com
[01:03:10]   [WEBSITE] Looking up: P1 Sim Racing
[01:03:13]     Website: https://www.drivep1.com
[01:03:16]   [WEBSITE] Looking up: Annapolis Tango, Fábrica Tango
[01:03:19]     Website: https://www.fabricatango.com
[01:03:22]   [WEBSITE] Looking up: Naptown Tiki Club
[01:03:25]     Website: https://seasuitecruises.com
[01:03:28]   [WEBSITE] Looking up: Anne Arundel Fish & Game
[01:03:31]     Website: https://www.aafg.org
[01:03:34]   [WEBSITE] Looking up: Hidden View Farm
[01:03:37]     Website: https://hiddenviewfarm.org
[01:03:40]   [WEBSITE] Looking up: Safety First Swimming
[01:03:44]     Website: https://safetyfirstswimming.com
[01:03:47]   [WEBSITE] Looking up: Laurel Park
[01:03:50]     Website: https://www.laurelpark.com
[01:03:53]   [WEBSITE] Looking up: The Point On Gibson Island
[01:03:56]     Website: https://www.thepointcrabhouse.com
[01:04:00]   [WEBSITE] Looking up: Harrells Elite Athletic Training Club LLC
[01:04:03]     Website: https://www.heat-club.com
[01:04:07]   [WEBSITE] Looking up: Annapolis Moose Lodge
[01:04:10]     Website: https://annapolismoose.org
[01:04:13]   [WEBSITE] Looking up: Gibson Island Clubhouse
[01:04:17]     Website: https://www.gibsonisland.com
[01:04:20]   [WEBSITE] Looking up: Hillsmere Shores Pool
[01:04:23]     Website: https://hillsmereshores.org
[01:04:27]   [WEBSITE] Looking up: Navy Juniors Annapolis Summer Swim Team
[01:04:30]     Website: https://njst.swimtopia.com
[01:04:34]   [WEBSITE] Looking up: Arundel Olympic Swim Center
[01:04:37]     Website: https://www.aacounty.org
[01:04:40]   [WEBSITE] Looking up: Maris
[01:04:43]     Website: https://stellamaris.org
[01:04:47]   [WEBSITE] Looking up: Athletic Performance Inc
[01:04:50]     Website: https://athleticperformanceinc.com
[01:04:53]   [WEBSITE] Looking up: Indian Landing Boat Club
[01:04:56]     Website: https://indianlandingboatclub.com
[01:05:01]   [WEBSITE] Looking up: Annapolis Boxing
[01:05:04]     Website: https://boxingannapolis.com
[01:05:08]   [WEBSITE] Looking up: Olde Severna Park Community Beach
[01:05:11]     Website: https://www.oldesevernapark.com
[01:05:14]   [WEBSITE] Looking up: Bay Ridge Beach
[01:05:17]     Website: https://www.annapolishomemag.com
[01:05:27] 
[01:05:27] === Taste Query [11/11]: private club Roland Park Baltimore MD ===
[01:05:33]   Scrolling search results...
[01:05:41]   Extracting results...
[01:05:42]   Found 3 results
[01:05:50]   Added 3 new venues from query
[01:05:50]   [WEBSITE] Looking up: Woman's Club of Roland Park
[01:05:54]     Website: https://twcrp.org
[01:05:57]   [WEBSITE] Looking up: Baltimore Country Club - Roland Park
[01:06:00]     Website: https://bcc1898.com
[01:06:05]   [WEBSITE] Looking up: Roland Park Pool
[01:06:08]     Website: https://rolandparkpool.org
[01:06:18]   MAX_QUERIES=11 reached — stopping.
[01:06:18] Calculating distances for new venues...
[01:06:51]   Distances calculated: 0
[01:06:51] 
[01:06:51] === Taste Discovery Complete ===
[01:06:51]   Queries run: 11
[01:06:51]   Venues added: 190
[01:06:51]   Queries remaining: 451

[22:53:57] === Venue Discovery Started ===
[22:53:57] Fetching past gigs...
[22:54:01] Found 70 past gigs
[22:54:01] Fetching existing venues for dedup...
[22:54:03] Existing venues: 1549
[22:54:03]   SKIP (already discovered): L'Auberge Chez Francois
[22:54:03]   SKIP (already discovered): The Inn at Perry Cabin
[22:54:03]   SKIP (already discovered): The Maryland Club
[22:54:03]   SKIP (already discovered): Black Ankle Vineyards
[22:54:03]   SKIP (already discovered): Royal Restaurant
[22:54:03]   SKIP (already discovered): Good Spirit Farm Winery
[22:54:04]   SKIP (already discovered): Chesapeake Manor Vineyard
[22:54:04]   SKIP (already discovered): Elkridge Furnace Inn
[22:54:04]   SKIP (already discovered): Xella Winery and Vineyard
[22:54:04]   SKIP (already discovered): Twin Oaks Tavern Winery
[22:54:04]   SKIP (already discovered): Windridge Vineyards
[22:54:04]   SKIP (already discovered): University Club
[22:54:04]   SKIP (already discovered): The Farmhouse Tuscan
[22:54:04]   SKIP (already discovered): Big Cork Vineyards
[22:54:04]   SKIP (already discovered): Savage Mill Mall
[22:54:04]   SKIP (already discovered): Trueman Vineyards
[22:54:04]   SKIP (already discovered): Williams Gap Vineyard
[22:54:04]   SKIP (already discovered): Hello Betty Bethesda
[22:54:04]   SKIP (already discovered): The Madison Hotel
[22:54:04]   SKIP (already discovered): Belle Haven Country Club
[22:54:04]   SKIP (already discovered): Casanel Vineyards & Winery
[22:54:04]   SKIP (already discovered): Chrysalis Vineyards at The Ag District
[22:54:04]   SKIP (already discovered): Corteau Winery
[22:54:04]   SKIP (already discovered): Penn Oaks Winery
[22:54:04]   SKIP (already discovered): Pizza Pomodoro
[22:54:04]   SKIP (already discovered): Hidden Brook Winery
[22:54:04]   SKIP (already discovered): Simple Theory Wine Co
[22:54:04]   SKIP (already discovered): Brightview Perry Hall
[22:54:04]   SKIP (already discovered): Lake Anne Coffee House & Wine Bar
[22:54:04]   SKIP (already discovered): Gaylord National Harbor
[22:54:04]   SKIP (already discovered): Woodberry Kitchen
[22:54:04]   SKIP (already discovered): Great Sage
[22:54:04]   SKIP (already discovered): Cosmos Club DC
[22:54:04]   SKIP (already discovered): Doukénie Winery
[22:54:04]   SKIP (already discovered): State Plaza Hotel DC
[22:54:04]   SKIP (already discovered): Hyatt Cambridge
[22:54:04]   SKIP (already discovered): Greenhill Vineyards
[22:54:04]   SKIP (already discovered): Loudoun Golf & Country Club
[22:54:04]   SKIP (already discovered): Creek's Edge Winery
[22:54:04]   SKIP (already discovered): The Milton Inn
[22:54:04]   SKIP (already discovered): Country Club of Fairfax
[22:54:04]   SKIP (already discovered): Century Club Hagerstown
[22:54:04]   SKIP (already discovered): Rock Spring Farm
[22:54:04]   SKIP (already discovered): Janemark Winery & Vineyard
[22:54:04]   SKIP (already discovered): Alma Cocina Latina
[22:54:04]   SKIP (already discovered): Omni Shoreham Hotel
[22:54:04]   SKIP (already discovered): Knoxie's Table
[22:54:04]   SKIP (already discovered): 1757 Golf Club
[22:54:04]   SKIP (already discovered): Holly Hills Country Club
[22:54:04]   SKIP (already discovered): Conrad Washington DC
[22:54:04]   SKIP (already discovered): Pirouette Restaurant & Wine Shop
[22:54:04]   SKIP (already discovered): Le Méridien Arlington
[22:54:04]   SKIP (already discovered): Dulles Town Center
[22:54:04]   SKIP (already discovered): Hidden Hills Farm and Vineyard
[22:54:04]   SKIP (already discovered): Maritime Museum St Michaels
[22:54:04]   SKIP (already discovered): Chartwell Golf & Country Club
[22:54:04]   SKIP (already discovered): Ruse
[22:54:04]   SKIP (already discovered): InGrano Bistro Bakery
[22:54:04]   SKIP (already discovered): Kent Manor Inn
[22:54:04]   SKIP (already discovered): Army Navy Country Club
[22:54:04]   SKIP (already discovered): River Bend Country Club
[22:54:04]   SKIP (already discovered): City Tavern DC
[22:54:04]   SKIP (already discovered): Baltimore Country Club
[22:54:04]   SKIP (already discovered): Vino and Pasta
[22:54:04]   SKIP (already discovered): 50 West Vineyards
[22:54:04]   SKIP (already discovered): The Galley Restaurant & Bar
[22:54:04]   SKIP (already discovered): Wylder Hotel Tilghman Island
[22:54:04]   SKIP (already discovered): Bistrot Lepic
[22:54:04]   SKIP (already discovered): Sunset Hills Winery
[22:54:04]   SKIP (already discovered): The Oaks Waterfront Hotel
[22:54:04] Cleaning up discovered_gigs.txt...
[22:54:08] 
[22:54:08] === Discovery Complete — Total new venues: 0 ===

[22:54:46] === Taste Discovery Mode Started ===
[22:54:46] MAX_QUERIES=10
[22:54:46] Fetching existing venues + past gigs for dedup...
[22:54:51] Existing venues + past gigs: 0
[22:54:51] Generating search queries from taste profile...
[22:54:51] Generated 451 queries (10 will run this session)
[22:54:51] 
[22:54:51] === Taste Query [1/10]: wine bar Georgetown DC ===
[22:54:58]   Scrolling search results...
[22:55:05]   Extracting results...
[22:55:05]   Found 38 results
[22:56:52]   Added 27 new venues from query
[22:56:52]   [WEBSITE] Looking up: Bar a Vin
[22:56:55]     Website: http://chezbillysud.com
[22:56:58]   [WEBSITE] Looking up: Martin's Tavern
[22:57:02]     Website: https://www.martinstavern.com
[22:57:05]   [WEBSITE] Looking up: Bodega Spanish Tapas & Lounge
[22:57:08]     Website: https://bodegadc.com
[22:57:11]   [WEBSITE] Looking up: Press Club Cocktail Bar
[22:57:14]     Website: https://www.pressclubdc.com
[22:57:18]   [WEBSITE] Looking up: The Alex at the Graham
[22:57:21]     Website: https://thegrahamgeorgetown.com
[22:57:25]   [WEBSITE] Looking up: Sixty Vines Foggy Bottom
[22:57:28]     Website: https://www.sixtyvines.com
[22:57:31]   [WEBSITE] Looking up: a.kitchen+bar - D.C.
[22:57:34]     Website: https://akitchenandbardc.com
[22:57:39]   [WEBSITE] Looking up: The Lounge at BOURBON STEAK
[22:57:42]     Website: https://www.fourseasons.com
[22:57:45]   [WEBSITE] Looking up: Mr. Smith's of Georgetown
[22:57:48]     Website: https://mrsmiths.com
[22:57:52]   [WEBSITE] Looking up: Fitzgerald's
[22:57:55]     Website: https://www.fitzgeraldsdc.com
[22:57:59]   [WEBSITE] Looking up: The Tombs
[22:58:02]     Website: https://www.tombs.com
[22:58:05]   [WEBSITE] Looking up: Bourbon Concierge
[22:58:08]     Website: https://thebourbonconcierge.com
[22:58:12]   [WEBSITE] Looking up: Clyde's of Georgetown
[22:58:15]     Website: https://www.clydes.com
[22:58:19]   [WEBSITE] Looking up: Osteria Mozza DC
[22:58:23]     Website: https://osteriamozzadc.com
[22:58:25]   [WEBSITE] Looking up: Maison Bar À Vins
[22:58:29]     Website: https://www.maisondc.com
[22:58:33]   [WEBSITE] Looking up: 1310 Kitchen and Bar
[22:58:37]     Website: https://www.1310kitchendc.com
[22:58:39]   [WEBSITE] Looking up: Housebar Georgetown
[22:58:43]     Website: https://www.housebar.com
[22:58:47]   [WEBSITE] Looking up: The Rooftop at the Graham
[22:58:51]     Website: https://thegrahamgeorgetown.com
[22:58:54]   [WEBSITE] Looking up: Mercy Me
[22:58:58]     Website: https://www.mercymedc.com
[22:59:01]   [WEBSITE] Looking up: Breadsoda Bar, Deli & Billiards
[22:59:04]     Website: https://www.breadsoda.com
[22:59:07]   [WEBSITE] Looking up: Bacchus Wine Cellar
[22:59:10]     Website: https://www.bwcellar.com
[22:59:14]   [WEBSITE] Looking up: Salt
[22:59:17]     Website: https://saltrosslyn.com
[22:59:21]   [WEBSITE] Looking up: Tai Chi Bar
[22:59:25]     Website: https://bardc.com
[22:59:28]   [WEBSITE] Looking up: CUT Above
[22:59:31]     Website: https://washington.org
[22:59:34]   [WEBSITE] Looking up: The Lobby Lounge | Cocktail & Wine Bar
[22:59:37]     Website: https://lobbyloungedc.com
[22:59:40]   [WEBSITE] Looking up: Oro Nami
[22:59:44]     Website: https://yeahthatskosher.com
[22:59:48]   [WEBSITE] Looking up: Tasting Room Georgetown
[22:59:51]     Website: https://www.fountaininndc.com
[23:00:01] 
[23:00:01] === Taste Query [2/10]: wine bar Dupont Circle DC ===
[23:00:08]   Scrolling search results...
[23:00:16]   Extracting results...
[23:00:16]   No results found
[23:00:21] 
[23:00:21] === Taste Query [3/10]: wine bar Potomac MD ===
[23:00:26]   Scrolling search results...
[23:00:34]   Extracting results...
[23:00:34]   Found 10 results
[23:01:01]   Added 6 new venues from query
[23:01:01]   [WEBSITE] Looking up: Whelan's Beer & Wine
[23:01:04]     Website: https://whelans-potomac.square.site
[23:01:07]   [WEBSITE] Looking up: The Bottle Shop Wine & Beer
[23:01:11]     Website: https://www.mybottleshop.net
[23:01:15]   [WEBSITE] Looking up: Quincy’s Potomac Bar & Grille
[23:01:18]     Website: https://www.quincyspotomac.com
[23:01:21]   [WEBSITE] Looking up: T&T Wine Shop
[23:01:24]     Website: https://www.tandtwineshop.com
[23:01:27]   [WEBSITE] Looking up: Cooper’s Hawk Winery & Restaurant
[23:01:31]     Website: https://chwinery.com
[23:01:34]   [WEBSITE] Looking up: Hunter’s Bar and Grill
[23:01:37]     Website: https://huntersbarandgrill.com
[23:01:47] 
[23:01:47] === Taste Query [4/10]: wine bar Bethesda MD ===
[23:01:54]   Scrolling search results...
[23:02:01]   Extracting results...
[23:02:02]   Found 64 results

[23:04:57] === Taste Discovery Mode Started ===
[23:04:57] MAX_QUERIES=10
[23:04:57] Fetching existing venues + past gigs for dedup...
[23:05:01]   Added 50 new venues from query
[23:05:01]   [WEBSITE] Looking up: Six Ways to Sunday
[23:05:02] Existing venues + past gigs: 0
[23:05:02] Generating search queries from taste profile...
[23:05:02] Generated 448 queries (10 will run this session)
[23:05:02] 
[23:05:02] === Taste Query [1/10]: wine bar Bethesda MD ===
[23:05:04]     No website found
[23:05:05]   [WEBSITE] Looking up: Takumi Japanese Bistro & Bar
[23:05:07]   Scrolling search results...
[23:05:09]     Website: https://takumisushibar.com
[23:05:13]   [WEBSITE] Looking up: BETH'S
[23:05:15]   Extracting results...
[23:05:15]   No results found
[23:05:16]     Website: https://www.bethsrestaurant.com
[23:05:19]   [WEBSITE] Looking up: ON St. Elmo
[23:05:20] 
[23:05:20] === Taste Query [2/10]: wine bar Chevy Chase MD ===
[23:05:23]     No website found
[23:05:24]   [WEBSITE] Looking up: Barrel & Crow
[23:05:27]   Scrolling search results...
[23:05:27]     Website: https://barrelandcrow.com
[23:05:30]   [WEBSITE] Looking up: Cork Cleveland Park
[23:05:34]     Website: https://www.corkdc.com
[23:05:35]   Extracting results...
[23:05:35]   No results found
[23:05:38]   [WEBSITE] Looking up: Cork 57 Beer & Wine
[23:05:40] 
[23:05:40] === Taste Query [3/10]: wine bar Great Falls VA ===
[23:05:41]     Website: https://cork57.com
[23:05:44]   [WEBSITE] Looking up: Little Blackbird
[23:05:46]   Scrolling search results...
[23:05:48]     Website: https://www.littleblackbirddc.com
[23:05:51]   [WEBSITE] Looking up: Corella Café & Lounge
[23:05:54]   Extracting results...
[23:05:54]   No results found
[23:05:54]     Website: https://www.corellabethesda.com
[23:05:57] 
[23:05:57] === Taste Query [4/10]: wine bar McLean VA ===
[23:05:58]   [WEBSITE] Looking up: Black's Bar & Kitchen
[23:06:01]     No website found
[23:06:02]   [WEBSITE] Looking up: Knowles Station Wine & Co
[23:06:03]   Scrolling search results...
[23:06:05]     Website: https://knowlesstation.com
[23:06:08]   [WEBSITE] Looking up: The Salt Line
[23:06:10]   Extracting results...
[23:06:10]   No results found
[23:06:12]     Website: https://www.thesaltline.com
[23:06:14] 
[23:06:14] === Taste Query [5/10]: wine bar Alexandria VA ===
[23:06:15]   [WEBSITE] Looking up: World of Beer
[23:06:18]     Website: https://worldofbeer.com
[23:06:19]   Scrolling search results...
[23:06:22]   [WEBSITE] Looking up: Seventh State Restaurant and Lounge
[23:06:25]     Website: https://www.seventhstaterestaurant.com
[23:06:26]   Extracting results...
[23:06:26]   No results found
[23:06:29]   [WEBSITE] Looking up: Aura Bar & Lounge
[23:06:31] 
[23:06:31] === Taste Query [6/10]: wine bar Reston VA ===
[23:06:32]     Website: https://aurabardc.com
[23:06:35]   [WEBSITE] Looking up: The Urban Winery of Silver Spring
[23:06:38]   Scrolling search results...
[23:06:39]     Website: https://www.theurbanwinery.com
[23:06:42]   [WEBSITE] Looking up: Maple Beer & Wine
[23:06:45]   Extracting results...
[23:06:45]   No results found
[23:06:46]     Website: https://www.maplebeerwine.com
[23:06:49]   [WEBSITE] Looking up: Locavino
[23:06:50] 
[23:06:50] === Taste Query [7/10]: wine bar Middleburg VA ===
[23:06:52]     No website found
[23:06:53]   [WEBSITE] Looking up: The Girl and The Vine
[23:06:55]   Scrolling search results...
[23:06:57]     Website: https://thegirlthevine.toast.site
[23:06:59]   [WEBSITE] Looking up: The Barking Dog
[23:07:02]   Extracting results...
[23:07:02]   No results found
[23:07:03]     Website: https://www.barkingdogbar.com
[23:07:06]   [WEBSITE] Looking up: Bethesda Bazar
[23:07:07] 
[23:07:07] === Taste Query [8/10]: wine bar Leesburg VA ===
[23:07:09]     No website found
[23:07:10]   [WEBSITE] Looking up: Hawkers Asian Street Food
[23:07:14]     Website: https://eathawkers.com
[23:07:14]   Scrolling search results...
[23:07:17]   [WEBSITE] Looking up: Olazzo
[23:07:20]     Website: https://www.olazzo.com
[23:07:20]   Extracting results...
[23:07:20]   No results found
[23:07:23] 
[23:07:23] === Taste Query [9/10]: wine bar St. Michaels MD ===
[23:07:24]   [WEBSITE] Looking up: Capital Beer & Wine
[23:07:27]     Website: https://capitalbeerwine.com
[23:07:28]   Scrolling search results...
[23:07:31]   [WEBSITE] Looking up: La Catrina Lounge
[23:07:34]     Website: https://lacatrinabarandlounge.com
[23:07:35]   Extracting results...
[23:07:35]   No results found
[23:07:38] 
[23:07:38] === Taste Query [10/10]: wine bar Easton MD ===
[23:07:38]   [WEBSITE] Looking up: Bacchus of Lebanon
[23:07:42]     No website found
[23:07:43]   [WEBSITE] Looking up: Guardado's Restaurant
[23:07:44]   Scrolling search results...
[23:07:46]     Website: https://guardados.com
[23:07:50]   [WEBSITE] Looking up: Raku
[23:07:52]   Extracting results...
[23:07:52]   No results found
[23:07:53]     Website: https://www.rakuasiandining.com
[23:07:55]   MAX_QUERIES=10 reached — stopping.
[23:07:55] 
[23:07:55] === Taste Discovery Complete ===
[23:07:55]   Queries run: 10
[23:07:55]   Venues added: 0
[23:07:55]   Queries remaining: 438
[23:07:58]   [WEBSITE] Looking up: Gringos & Mariachis
[23:08:01]     Website: https://www.gringosandmariachis.com
[23:08:05]   [WEBSITE] Looking up: Nido Wine Shop + Market
[23:08:08]     Website: https://www.nidodc.com
[23:08:11]   [WEBSITE] Looking up: PLANTA Bethesda
[23:08:15]     Website: https://www.plantarestaurants.com
[23:08:18]   [WEBSITE] Looking up: Georgetown Square Wine and Beer
[23:08:21]     Website: https://www.bethesdawine.com
[23:08:24]   [WEBSITE] Looking up: Wagshal's Grand Bodega
[23:08:28]     Website: https://www.wagshals.com
[23:08:32]   [WEBSITE] Looking up: Tommy Joe's
[23:08:35]     Website: https://tommy-joes.com
[23:08:39]   [WEBSITE] Looking up: Barcelona Wine Bar
[23:08:43]     Website: https://barcelonawinebar.com
[23:08:46]   [WEBSITE] Looking up: Caddies
[23:08:49]     Website: https://www.caddiesoncordell.com
[23:08:53]   [WEBSITE] Looking up: Guapo's Cocina & Bar
[23:08:56]     Website: https://guaposrestaurant.com
[23:09:00]   [WEBSITE] Looking up: Cooper's Mill
[23:09:03]     Website: https://www.coopersmillmd.com
[23:09:07]   [WEBSITE] Looking up: Lance's Beer and Wine
[23:09:10]     Website: https://www.lancesbeerwine.com
[23:09:14]   [WEBSITE] Looking up: Geste Wine and Food
[23:09:17]     Website: http://www.geste-wines.com
[23:09:20]   [WEBSITE] Looking up: Pines of Rome
[23:09:24]     Website: https://www.pinesofrometogo.com
[23:09:28]   [WEBSITE] Looking up: Silver
[23:09:31]     Website: https://www.umms.org
[23:09:33]   [WEBSITE] Looking up: St. Vincent Wine
[23:09:37]     Website: https://www.stvincentwine.com
[23:09:40]   [WEBSITE] Looking up: Cubano’s
[23:09:44]     Website: https://cubanos.menu-world.com
[23:09:47]   [WEBSITE] Looking up: The Fourth Wall Bar and Cafe
[23:09:50]     Website: https://www.roundhousetheatre.org
[23:09:53]   [WEBSITE] Looking up: Kusshi Bethesda Downtown Woodmont Triangle
[23:09:57]     Website: https://www.kusshisushi.com
[23:10:00]   [WEBSITE] Looking up: Maya Cuisine Restaurant & Bar
[23:10:03]     Website: https://www.mayacuisinerestaurant.com
[23:10:06]   [WEBSITE] Looking up: No Kisses Bar
[23:10:10]     Website: https://www.sonnyspizzadc.com
[23:10:13]   [WEBSITE] Looking up: Pere Wine Bar
[23:10:16]     Website: https://whatnow.com
[23:10:19]   [WEBSITE] Looking up: Peter's Carryout
[23:10:22]     Website: https://www.peterscarryoutmarlboro.com
[23:10:36] 
[23:10:36] === Taste Query [5/10]: ne bar Alexandria VA ===
[23:10:40]   Scrolling search results...
[23:10:47]   Extracting results...
[23:10:47]   Found 64 results
[23:13:51]   Added 58 new venues from query
[23:13:51]   [WEBSITE] Looking up: No. 9 Lounge
[23:13:54]     No website found
[23:13:55]   [WEBSITE] Looking up: Basin Street Lounge
[23:13:58]     Website: http://www.219restaurant.com
[23:14:01]   [WEBSITE] Looking up: BARCA Pier & Wine Bar
[23:14:04]     Website: https://9.9K+
[23:14:08]   [WEBSITE] Looking up: Union Street Public House
[23:14:11]     Website: https://www.unionstreetpublichouse.com
[23:14:14]   [WEBSITE] Looking up: 2260 Lounge
[23:14:18]     Website: https://www.seamless.com
[23:14:21]   [WEBSITE] Looking up: BRUT Champagne & Wine Bar
[23:14:25]     Website: https://brutwinebarva.com
[23:14:29]   [WEBSITE] Looking up: Bar 86
[23:14:32]     No website found
[23:14:33]   [WEBSITE] Looking up: Del Ray Pop Up Bar
[23:14:36]     Website: https://www.restaurent.com
[23:14:40]   [WEBSITE] Looking up: Casa Luna Bar
[23:14:43]     Website: https://casa-luna-bar.placejoys.com
[23:14:46]   [WEBSITE] Looking up: Mason Social
[23:14:50]     Website: http://www.mason-social.com
[23:14:53]   [WEBSITE] Looking up: Old Hat Bar
[23:14:57]     Website: https://www.oldhatbar.com
[23:15:00]   [WEBSITE] Looking up: Majestic Lounge
[23:15:03]     Website: https://majestic-lounge.res-menu.net
[23:15:06]   [WEBSITE] Looking up: Alice Comfort Cocktail
[23:15:09]     Website: https://alicebar.site
[23:15:13]   [WEBSITE] Looking up: The Commodore Old Town
[23:15:16]     Website: https://www.thecommodorepub.com
[23:15:20]   [WEBSITE] Looking up: Shooter McGee's
[23:15:23]     Website: https://www.shootermcgees.com
[23:15:27]   [WEBSITE] Looking up: Hank's Oyster Bar, Old Town
[23:15:30]     Website: https://hanksoysterbar.com
[23:15:33]   [WEBSITE] Looking up: Alexandria Bier Garden
[23:15:36]     Website: https://alexandriabiergarden.com
[23:15:40]   [WEBSITE] Looking up: Continues Arcade
[23:15:44]     Website: https://www.continuesarcade.com
[23:15:47]   [WEBSITE] Looking up: Rock It Grill
[23:15:50]     Website: https://rock-it-grill.restaurants-world.net
[23:15:54]   [WEBSITE] Looking up: King's Ransom
[23:15:57]     Website: https://4.2K+
[23:16:00]   [WEBSITE] Looking up: The Parlour Lounge
[23:16:03]     Website: https://www.theparlour-bar.com
[23:16:07]   [WEBSITE] Looking up: Augie's Mussel House and Beer Garden
[23:16:11]     Website: https://www.eataugies.com
[23:16:14]   [WEBSITE] Looking up: The Garden
[23:16:19]     No website found
[23:16:20]   [WEBSITE] Looking up: Diko Hookah Bar and Lounge
[23:16:23]     No website found
[23:16:24]   [WEBSITE] Looking up: Blackwall Hitch
[23:16:27]     Website: http://www.blackwallhitchalexandria.com
[23:16:30]   [WEBSITE] Looking up: Northside 10
[23:16:33]     Website: https://www.thenorthside10.com
[23:16:37]   [WEBSITE] Looking up: a.lounge+bar - Alexandria
[23:16:40]     Website: https://www.stayaka.com
[23:16:43]   [WEBSITE] Looking up: Hops N Shine
[23:16:46]     No website found
[23:16:47]   [WEBSITE] Looking up: Hummingbird Bar and Kitchen
[23:16:51]     Website: https://www.hummingbirdva.net
[23:16:54]   [WEBSITE] Looking up: Daniel O'Connell's Irish Restaurant & Bar
[23:16:57]     No website found
[23:16:58]   [WEBSITE] Looking up: Rustico
[23:17:01]     Website: https://1.8K+
[23:17:06]   [WEBSITE] Looking up: Vola’s Dockside Grill and Hi-Tide Lounge
[23:17:09]     Website: https://volasdockside.com
[23:17:12]   [WEBSITE] Looking up: Virtue Feed & Grain
[23:17:15]     Website: https://virtuefeedgrain.com
[23:17:18]   [WEBSITE] Looking up: Feru Bar and Restaurant
[23:17:21]     Website: https://ferurestaurantandbar.com
[23:17:24]   [WEBSITE] Looking up: T.J. Stone's
[23:17:28]     Website: https://www.tjstones.com
[23:17:31]   [WEBSITE] Looking up: Captain Gregory's
[23:17:34]     Website: https://www.captaingregorys.com
[23:17:37]   [WEBSITE] Looking up: The Peoples Drug
[23:17:41]     Website: https://thepeoplesdrug.com
[23:17:44]   [WEBSITE] Looking up: Southside 815
[23:17:48]     Website: https://southside815.com
[23:17:50]   [WEBSITE] Looking up: The Majestic by Santiago Lopez
[23:17:54]     Website: https://1.8K+
[23:17:57]   [WEBSITE] Looking up: The Warehouse
[23:18:00]     Website: https://warehouseoldtown.com
[23:18:03]   [WEBSITE] Looking up: Namaste Jalsaa, Restaurant & Bar
[23:18:06]     No website found
[23:18:07]   [WEBSITE] Looking up: Sonoma Cellar
[23:18:10]     Website: https://www.mysonomacellar.com
[23:18:15]   [WEBSITE] Looking up: Evening Star Cafe
[23:18:18]     No website found
[23:18:19]   [WEBSITE] Looking up: Akeno Sushi Bar@ Old Town
[23:18:23]     Website: https://1.8K+
[23:18:27]   [WEBSITE] Looking up: Gin Ramen & Asian Tapas
[23:18:30]     Website: https://www.ginramenalexandria.com
[23:18:33]   [WEBSITE] Looking up: Frankie's Kitchen & Cocktail Bar
[23:18:37]     Website: https://frankiesoldtown.com
[23:18:41]   [WEBSITE] Looking up: Matt & Tony's All Day Kitchen + Bar
[23:18:45]     Website: https://www.mattandtonysva.com
[23:18:49]   [WEBSITE] Looking up: Vermilion Restaurant & Bar
[23:18:52]     Website: https://www.vermilionrestaurant.com
[23:18:56]   [WEBSITE] Looking up: Joe Theismann's Restaurant
[23:18:59]     Website: https://theismanns.com
[23:19:03]   [WEBSITE] Looking up: Chadwicks
[23:19:06]     Website: https://www.chadwicksoldtown.com
[23:19:09]   [WEBSITE] Looking up: Revel Restaurant
[23:19:12]     Website: https://www.revelava.com
[23:19:15]   [WEBSITE] Looking up: Lost Boy Cider
[23:19:19]     Website: https://www.lostboycider.com
[23:19:22]   [WEBSITE] Looking up: El Texano Bar and Grill
[23:19:25]     Website: https://www.texanodmv.com
[23:19:28]   [WEBSITE] Looking up: Clyde's at Mark Center
[23:19:32]     Website: https://www.clydes.com
[23:19:35]   [WEBSITE] Looking up: Dental Bar
[23:19:39]     Website: https://www.dentbar.com
[23:19:42]   [WEBSITE] Looking up: Hi/Fi Tex-Mex BBQ
[23:19:46]     No website found
[23:19:47]   [WEBSITE] Looking up: Zeke Hookah lounge
[23:19:50]     No website found
[23:19:51]   [WEBSITE] Looking up: Laporta's Restaurant
[23:19:54]     Website: http://www.laportas.net
[23:20:04] 
[23:20:04] === Taste Query [6/10]: wine bar Reston VA ===
[23:20:09]   Scrolling search results...
[23:20:16]   Extracting results...
[23:20:16]   No results found
[23:20:19] 
[23:20:19] === Taste Query [7/10]: wine bar Middleburg VA ===
[23:20:26]   Scrolling search results...
[23:20:32]   Extracting results...
[23:20:32]   Found 12 results
[23:21:08]   Added 3 new venues from query
[23:21:08]   [WEBSITE] Looking up: Nomad
[23:21:11]     No website found
[23:21:12]   [WEBSITE] Looking up: Lost Barrel Brewing
[23:21:15]     No website found
[23:21:16]   [WEBSITE] Looking up: Mt. Defiance Cidery & Distillery
[23:21:20]     Website: https://mtdefiance.com
[23:21:31] 
[23:21:31] === Taste Query [8/10]: wine bar Leesburg VA ===
[23:21:38]   Scrolling search results...
[23:21:44]   Extracting results...
[23:21:44]   Found 20 results
[23:22:38]   Added 11 new venues from query
[23:22:38]   [WEBSITE] Looking up: Night Shift Cocktails
[23:22:42]     Website: https://www.sidebarlbg.com
[23:22:45]   [WEBSITE] Looking up: The Docket
[23:22:49]     Website: https://www.va.gov
[23:22:51]   [WEBSITE] Looking up: Eagletree Farm Winery & Restaurant
[23:22:55]     Website: https://eagletreevineyards.com
[23:22:58]   [WEBSITE] Looking up: Twisted Cat Tavern
[23:23:01]     Website: https://twistedcattavern.com
[23:23:04]   [WEBSITE] Looking up: King's Tavern & Wine Bar
[23:23:07]     Website: http://www.kingstavernandwinebar.com
[23:23:10]   [WEBSITE] Looking up: King Street Oyster Bar
[23:23:14]     Website: https://www.kingstreetoysterbar.com
[23:23:17]   [WEBSITE] Looking up: The Conche
[23:23:20]     Website: https://the-conche.com
[23:23:23]   [WEBSITE] Looking up: Rebellion Bourbon Bar & Kitchen Leesburg
[23:23:26]     Website: https://eatatrebellion.com
[23:23:30]   [WEBSITE] Looking up: Green Tree Tavern
[23:23:33]     Website: https://www.greentreetavern.com
[23:23:37]   [WEBSITE] Looking up: The Crow's Nest
[23:23:40]     Website: https://www.dcr.virginia.gov
[23:23:44]   [WEBSITE] Looking up: Bleu Frog Vineyards & Ole Bleu Brewery
[23:23:47]     Website: https://bleufrogvineyards.com
[23:23:55] 
[23:23:55] === Taste Query [9/10]: wine bar St. Michaels MD ===
[23:24:00]   Scrolling search results...
[23:24:08]   Extracting results...
[23:24:08]   Found 20 results
[23:25:02]   Added 12 new venues from query
[23:25:02]   [WEBSITE] Looking up: Limoncello Restaurant and Wine Bar
[23:25:05]     Website: http://limoncellostmichaels.com
[23:25:09]   [WEBSITE] Looking up: Ava's Pizzeria & Wine Bar - St. Michaels
[23:25:12]     No website found
[23:25:13]   [WEBSITE] Looking up: Ruse
[23:25:16]     Website: https://ruserestaurant.com
[23:25:20]   [WEBSITE] Looking up: Bordeleau Winery at St. Michaels
[23:25:23]     Website: https://www.bordeleauwine.com
[23:25:26]   [WEBSITE] Looking up: Talbot St. Tavern
[23:25:29]     Website: https://www.talbotsttavern.com
[23:25:33]   [WEBSITE] Looking up: Carpenter Street Saloon
[23:25:36]     Website: https://carpenterstreetsaloon.com
[23:25:40]   [WEBSITE] Looking up: Foxy's Harbor Grille
[23:25:43]     Website: https://www.foxysharborgrille.com
[23:25:46]   [WEBSITE] Looking up: The Galley Restaurant & Bar
[23:25:49]     Website: https://thegalleysaintmichaels.com
[23:25:52]   [WEBSITE] Looking up: Gina's Cafe
[23:25:55]     Website: https://www.ginascafemd.com
[23:25:59]   [WEBSITE] Looking up: The Blue Crab
[23:26:02]     Website: https://www.bluecrabhouse.com
[23:26:06]   [WEBSITE] Looking up: The Oak Room Restaurant & Bar
[23:26:09]     Website: https://the-oaks.com
[23:26:13]   [WEBSITE] Looking up: Simpatico Italy's Finest
[23:26:16]     Website: https://www.simpaticostmichaels.com
[23:26:28] 
[23:26:28] === Taste Query [10/10]: wine bar Easton MD ===
[23:26:35]   Scrolling search results...
[23:26:41]   Extracting results...
[23:26:41]   Found 7 results
[23:26:54]   Added 0 new venues from query
[23:26:59]   MAX_QUERIES=10 reached — stopping.
[23:26:59] Calculating distances for new venues...
[23:27:40]   Distances calculated: 0
[23:27:40] 
[23:27:40] === Taste Discovery Complete ===
[23:27:40]   Queries run: 10
[23:27:40]   Venues added: 167
[23:27:40]   Queries remaining: 441

[19:24:22] === Venue Discovery Started ===
[19:24:22] Fetching past gigs...
[19:24:26] Found 70 past gigs
[19:24:26] Fetching existing venues for dedup...
[19:24:29] Existing venues: 1733
[19:24:29]   SKIP (already discovered): L'Auberge Chez Francois
[19:24:29]   SKIP (already discovered): The Inn at Perry Cabin
[19:24:29]   SKIP (already discovered): The Maryland Club
[19:24:29]   SKIP (already discovered): Black Ankle Vineyards
[19:24:29]   SKIP (already discovered): Royal Restaurant
[19:24:29]   SKIP (already discovered): Good Spirit Farm Winery
[19:24:29]   SKIP (already discovered): Chesapeake Manor Vineyard
[19:24:29]   SKIP (already discovered): Elkridge Furnace Inn
[19:24:29]   SKIP (already discovered): Xella Winery and Vineyard
[19:24:29]   SKIP (already discovered): Twin Oaks Tavern Winery
[19:24:29]   SKIP (already discovered): Windridge Vineyards
[19:24:29]   SKIP (already discovered): University Club
[19:24:29]   SKIP (already discovered): The Farmhouse Tuscan
[19:24:29]   SKIP (already discovered): Big Cork Vineyards
[19:24:29]   SKIP (already discovered): Savage Mill Mall
[19:24:29]   SKIP (already discovered): Trueman Vineyards
[19:24:29]   SKIP (already discovered): Williams Gap Vineyard
[19:24:29]   SKIP (already discovered): Hello Betty Bethesda
[19:24:29]   SKIP (already discovered): The Madison Hotel
[19:24:29]   SKIP (already discovered): Belle Haven Country Club
[19:24:29]   SKIP (already discovered): Casanel Vineyards & Winery
[19:24:29]   SKIP (already discovered): Chrysalis Vineyards at The Ag District
[19:24:29]   SKIP (already discovered): Corteau Winery
[19:24:29]   SKIP (already discovered): Penn Oaks Winery
[19:24:29]   SKIP (already discovered): Pizza Pomodoro
[19:24:29]   SKIP (already discovered): Hidden Brook Winery
[19:24:29]   SKIP (already discovered): Simple Theory Wine Co
[19:24:29]   SKIP (already discovered): Brightview Perry Hall
[19:24:29]   SKIP (already discovered): Lake Anne Coffee House & Wine Bar
[19:24:29]   SKIP (already discovered): Gaylord National Harbor
[19:24:29]   SKIP (already discovered): Woodberry Kitchen
[19:24:29]   SKIP (already discovered): Great Sage
[19:24:29]   SKIP (already discovered): Cosmos Club DC
[19:24:29]   SKIP (already discovered): Doukénie Winery
[19:24:29]   SKIP (already discovered): State Plaza Hotel DC
[19:24:29]   SKIP (already discovered): Hyatt Cambridge
[19:24:29]   SKIP (already discovered): Greenhill Vineyards
[19:24:29]   SKIP (already discovered): Loudoun Golf & Country Club
[19:24:29]   SKIP (already discovered): Creek's Edge Winery
[19:24:29]   SKIP (already discovered): The Milton Inn
[19:24:29]   SKIP (already discovered): Country Club of Fairfax
[19:24:29]   SKIP (already discovered): Century Club Hagerstown
[19:24:29]   SKIP (already discovered): Rock Spring Farm
[19:24:29]   SKIP (already discovered): Janemark Winery & Vineyard
[19:24:29]   SKIP (already discovered): Alma Cocina Latina
[19:24:29]   SKIP (already discovered): Omni Shoreham Hotel
[19:24:29]   SKIP (already discovered): Knoxie's Table
[19:24:29]   SKIP (already discovered): 1757 Golf Club
[19:24:29]   SKIP (already discovered): Holly Hills Country Club
[19:24:29]   SKIP (already discovered): Conrad Washington DC
[19:24:29]   SKIP (already discovered): Pirouette Restaurant & Wine Shop
[19:24:29]   SKIP (already discovered): Le Méridien Arlington
[19:24:29]   SKIP (already discovered): Dulles Town Center
[19:24:29]   SKIP (already discovered): Hidden Hills Farm and Vineyard
[19:24:29]   SKIP (already discovered): Maritime Museum St Michaels
[19:24:29]   SKIP (already discovered): Chartwell Golf & Country Club
[19:24:29]   SKIP (already discovered): Ruse
[19:24:29]   SKIP (already discovered): InGrano Bistro Bakery
[19:24:29]   SKIP (already discovered): Kent Manor Inn
[19:24:29]   SKIP (already discovered): Army Navy Country Club
[19:24:29]   SKIP (already discovered): River Bend Country Club
[19:24:29]   SKIP (already discovered): City Tavern DC
[19:24:29]   SKIP (already discovered): Baltimore Country Club
[19:24:29]   SKIP (already discovered): Vino and Pasta
[19:24:29]   SKIP (already discovered): 50 West Vineyards
[19:24:29]   SKIP (already discovered): The Galley Restaurant & Bar
[19:24:29]   SKIP (already discovered): Wylder Hotel Tilghman Island
[19:24:29]   SKIP (already discovered): Bistrot Lepic
[19:24:29]   SKIP (already discovered): Sunset Hills Winery
[19:24:29]   SKIP (already discovered): The Oaks Waterfront Hotel
[19:24:29] Cleaning up discovered_gigs.txt...
[19:24:33] 
[19:24:33] === Discovery Complete — Total new venues: 0 ===

[13:49:45] === Venue Discovery Started ===
[13:49:45] Fetching past gigs...
[13:49:47] Found 70 past gigs
[13:49:47] Fetching existing venues for dedup...
[13:49:49] Existing venues: 1752
[13:49:49]   SKIP (already discovered): L'Auberge Chez Francois
[13:49:49]   SKIP (already discovered): The Inn at Perry Cabin
[13:49:49]   SKIP (already discovered): The Maryland Club
[13:49:49]   SKIP (already discovered): Black Ankle Vineyards
[13:49:49]   SKIP (already discovered): Royal Restaurant

[13:50:15] === Venue Discovery Started ===
[13:50:15] Fetching past gigs...
[13:50:17] Found 70 past gigs
[13:50:17] Fetching existing venues for dedup...
[13:50:19] Existing venues: 1752
[13:50:19]   SKIP (already discovered): L'Auberge Chez Francois
[13:50:19]   SKIP (already discovered): The Inn at Perry Cabin
[13:50:19]   SKIP (already discovered): The Maryland Club
[13:50:19]   SKIP (already discovered): Black Ankle Vineyards
[13:50:19]   SKIP (already discovered): Royal Restaurant
[13:50:19]   SKIP (already discovered): Good Spirit Farm Winery
[13:50:19]   SKIP (already discovered): Chesapeake Manor Vineyard
[13:50:19]   SKIP (already discovered): Elkridge Furnace Inn
[13:50:19]   SKIP (already discovered): Xella Winery and Vineyard
[13:50:19]   SKIP (already discovered): Twin Oaks Tavern Winery
[13:50:19]   SKIP (already discovered): Windridge Vineyards
[13:50:19]   SKIP (already discovered): University Club
[13:50:19]   SKIP (already discovered): The Farmhouse Tuscan
[13:50:19]   SKIP (already discovered): Big Cork Vineyards
[13:50:19]   SKIP (already discovered): Savage Mill Mall
[13:50:19]   SKIP (already discovered): Trueman Vineyards
[13:50:19]   SKIP (already discovered): Williams Gap Vineyard
[13:50:19]   SKIP (already discovered): Hello Betty Bethesda
[13:50:19]   SKIP (already discovered): The Madison Hotel
[13:50:19]   SKIP (already discovered): Belle Haven Country Club
[13:50:19]   SKIP (already discovered): Casanel Vineyards & Winery
[13:50:19]   SKIP (already discovered): Chrysalis Vineyards at The Ag District
[13:50:19]   SKIP (already discovered): Corteau Winery
[13:50:19]   SKIP (already discovered): Penn Oaks Winery
[13:50:19]   SKIP (already discovered): Pizza Pomodoro
[13:50:19]   SKIP (already discovered): Hidden Brook Winery
[13:50:19]   SKIP (already discovered): Simple Theory Wine Co
[13:50:19]   SKIP (already discovered): Brightview Perry Hall
[13:50:19]   SKIP (already discovered): Lake Anne Coffee House & Wine Bar
[13:50:19]   SKIP (already discovered): Gaylord National Harbor
[13:50:19]   SKIP (already discovered): Woodberry Kitchen
[13:50:19]   SKIP (already discovered): Great Sage
[13:50:19]   SKIP (already discovered): Cosmos Club DC
[13:50:19]   SKIP (already discovered): Doukénie Winery
[13:50:19]   SKIP (already discovered): State Plaza Hotel DC
[13:50:19]   SKIP (already discovered): Hyatt Cambridge
[13:50:19]   SKIP (already discovered): Greenhill Vineyards
[13:50:19]   SKIP (already discovered): Loudoun Golf & Country Club
[13:50:19]   SKIP (already discovered): Creek's Edge Winery
[13:50:19]   SKIP (already discovered): The Milton Inn
[13:50:19]   SKIP (already discovered): Country Club of Fairfax
[13:50:19]   SKIP (already discovered): Century Club Hagerstown
[13:50:19]   SKIP (already discovered): Rock Spring Farm
[13:50:19]   SKIP (already discovered): Janemark Winery & Vineyard
[13:50:19]   SKIP (already discovered): Alma Cocina Latina
[13:50:19]   SKIP (already discovered): Omni Shoreham Hotel
[13:50:19]   SKIP (already discovered): Knoxie's Table
[13:50:19]   SKIP (already discovered): 1757 Golf Club
[13:50:19]   SKIP (already discovered): Holly Hills Country Club
[13:50:19]   SKIP (already discovered): Conrad Washington DC
[13:50:19]   SKIP (already discovered): Pirouette Restaurant & Wine Shop
[13:50:19]   SKIP (already discovered): Le Méridien Arlington
[13:50:19]   SKIP (already discovered): Dulles Town Center
[13:50:19]   SKIP (already discovered): Hidden Hills Farm and Vineyard
[13:50:19]   SKIP (already discovered): Maritime Museum St Michaels
[13:50:19]   SKIP (already discovered): Chartwell Golf & Country Club
[13:50:19]   SKIP (already discovered): Ruse
[13:50:19]   SKIP (already discovered): InGrano Bistro Bakery
[13:50:19]   SKIP (already discovered): Kent Manor Inn
[13:50:19]   SKIP (already discovered): Army Navy Country Club
[13:50:19]   SKIP (already discovered): River Bend Country Club
[13:50:19]   SKIP (already discovered): City Tavern DC
[13:50:19]   SKIP (already discovered): Baltimore Country Club
[13:50:19]   SKIP (already discovered): Vino and Pasta
[13:50:19]   SKIP (already discovered): 50 West Vineyards
[13:50:19]   SKIP (already discovered): The Galley Restaurant & Bar
[13:50:19]   SKIP (already discovered): Wylder Hotel Tilghman Island
[13:50:19]   SKIP (already discovered): Bistrot Lepic
[13:50:19]   SKIP (already discovered): Sunset Hills Winery
[13:50:19]   SKIP (already discovered): The Oaks Waterfront Hotel
[13:50:19] Cleaning up discovered_gigs.txt...
[13:50:24] 
[13:50:24] === Discovery Complete — Total new venues: 0 ===

[22:26:52] === Taste Discovery Mode Started ===
[22:26:52] MAX_QUERIES=999
[22:26:52] Fetching existing venues + past gigs for dedup...
[22:26:58] Existing venues + past gigs: 0
[22:26:58] Generating search queries from taste profile...
[22:26:58] CITY_FILTER='Bethesda MD': filtered to 29 matching queries
[22:26:58] Generated 29 queries (999 will run this session)
[22:26:58] 
[22:26:58] === Taste Query [1/999]: country club Bethesda MD ===

[00:12:20] === Venue Discovery Started ===
[00:12:20] Fetching past gigs...
[00:12:23] Found 70 past gigs
[00:12:23] Fetching existing venues for dedup...
[00:12:26] Existing venues: 1806
[00:12:26]   SKIP (already discovered): L'Auberge Chez Francois
[00:12:26]   SKIP (already discovered): The Inn at Perry Cabin
[00:12:26]   SKIP (already discovered): The Maryland Club
[00:12:26]   SKIP (already discovered): Black Ankle Vineyards
[00:12:26]   SKIP (already discovered): Royal Restaurant
[00:12:26]   SKIP (already discovered): Good Spirit Farm Winery
[00:12:26]   SKIP (already discovered): Chesapeake Manor Vineyard
[00:12:26]   SKIP (already discovered): Elkridge Furnace Inn
[00:12:26]   SKIP (already discovered): Xella Winery and Vineyard
[00:12:26]   SKIP (already discovered): Twin Oaks Tavern Winery
[00:12:26]   SKIP (already discovered): Windridge Vineyards
[00:12:26]   SKIP (already discovered): University Club
[00:12:26]   SKIP (already discovered): The Farmhouse Tuscan
[00:12:26]   SKIP (already discovered): Big Cork Vineyards
[00:12:26]   SKIP (already discovered): Savage Mill Mall
[00:12:26]   SKIP (already discovered): Trueman Vineyards
[00:12:26]   SKIP (already discovered): Williams Gap Vineyard
[00:12:26]   SKIP (already discovered): Hello Betty Bethesda
[00:12:26]   SKIP (already discovered): The Madison Hotel
[00:12:26]   SKIP (already discovered): Belle Haven Country Club
[00:12:26]   SKIP (already discovered): Casanel Vineyards & Winery
[00:12:26]   SKIP (already discovered): Chrysalis Vineyards at The Ag District
[00:12:26]   SKIP (already discovered): Corteau Winery
[00:12:26]   SKIP (already discovered): Penn Oaks Winery
[00:12:26]   SKIP (already discovered): Pizza Pomodoro
[00:12:26]   SKIP (already discovered): Hidden Brook Winery
[00:12:26]   SKIP (already discovered): Simple Theory Wine Co
[00:12:26]   SKIP (already discovered): Brightview Perry Hall
[00:12:26]   SKIP (already discovered): Lake Anne Coffee House & Wine Bar
[00:12:26]   SKIP (already discovered): Gaylord National Harbor
[00:12:26]   SKIP (already discovered): Woodberry Kitchen
[00:12:26]   SKIP (already discovered): Great Sage
[00:12:26]   SKIP (already discovered): Cosmos Club DC
[00:12:26]   SKIP (already discovered): Doukénie Winery
[00:12:26]   SKIP (already discovered): State Plaza Hotel DC
[00:12:26]   SKIP (already discovered): Hyatt Cambridge
[00:12:26]   SKIP (already discovered): Greenhill Vineyards
[00:12:26]   SKIP (already discovered): Loudoun Golf & Country Club
[00:12:26]   SKIP (already discovered): Creek's Edge Winery
[00:12:26]   SKIP (already discovered): The Milton Inn
[00:12:26]   SKIP (already discovered): Country Club of Fairfax
[00:12:26]   SKIP (already discovered): Century Club Hagerstown
[00:12:26]   SKIP (already discovered): Rock Spring Farm
[00:12:26]   SKIP (already discovered): Janemark Winery & Vineyard
[00:12:26]   SKIP (already discovered): Alma Cocina Latina
[00:12:26]   SKIP (already discovered): Omni Shoreham Hotel
[00:12:26]   SKIP (already discovered): Knoxie's Table
[00:12:26]   SKIP (already discovered): 1757 Golf Club
[00:12:26]   SKIP (already discovered): Holly Hills Country Club
[00:12:26]   SKIP (already discovered): Conrad Washington DC
[00:12:26]   SKIP (already discovered): Pirouette Restaurant & Wine Shop
[00:12:26]   SKIP (already discovered): Le Méridien Arlington
[00:12:26]   SKIP (already discovered): Dulles Town Center
[00:12:26]   SKIP (already discovered): Hidden Hills Farm and Vineyard
[00:12:26]   SKIP (already discovered): Maritime Museum St Michaels
[00:12:26]   SKIP (already discovered): Chartwell Golf & Country Club
[00:12:26]   SKIP (already discovered): Ruse
[00:12:26]   SKIP (already discovered): InGrano Bistro Bakery
[00:12:26]   SKIP (already discovered): Kent Manor Inn
[00:12:26]   SKIP (already discovered): Army Navy Country Club
[00:12:26]   SKIP (already discovered): River Bend Country Club
[00:12:26]   SKIP (already discovered): City Tavern DC
[00:12:26]   SKIP (already discovered): Baltimore Country Club
[00:12:26]   SKIP (already discovered): Vino and Pasta
[00:12:26]   SKIP (already discovered): 50 West Vineyards
[00:12:26]   SKIP (already discovered): The Galley Restaurant & Bar
[00:12:26]   SKIP (already discovered): Wylder Hotel Tilghman Island
[00:12:26]   SKIP (already discovered): Bistrot Lepic
[00:12:26]   SKIP (already discovered): Sunset Hills Winery
[00:12:26]   SKIP (already discovered): The Oaks Waterfront Hotel
[00:12:26] Cleaning up discovered_gigs.txt...
[00:12:31] 
[00:12:31] === Discovery Complete — Total new venues: 0 ===

[22:55:19] === Venue Discovery Started ===
[22:55:19] Fetching past gigs...
[22:55:21] Found 70 past gigs
[22:55:21] Fetching existing venues for dedup...
[22:55:23] Existing venues: 1817
[22:55:23]   SKIP (already discovered): L'Auberge Chez Francois
[22:55:23]   SKIP (already discovered): The Inn at Perry Cabin
[22:55:23]   SKIP (already discovered): The Maryland Club
[22:55:23]   SKIP (already discovered): Black Ankle Vineyards
[22:55:23]   SKIP (already discovered): Royal Restaurant
[22:55:23]   SKIP (already discovered): Good Spirit Farm Winery
[22:55:23]   SKIP (already discovered): Chesapeake Manor Vineyard
[22:55:23]   SKIP (already discovered): Elkridge Furnace Inn
[22:55:23]   SKIP (already discovered): Xella Winery and Vineyard
[22:55:23]   SKIP (already discovered): Twin Oaks Tavern Winery
[22:55:23]   SKIP (already discovered): Windridge Vineyards
[22:55:23]   SKIP (already discovered): University Club
[22:55:23]   SKIP (already discovered): The Farmhouse Tuscan
[22:55:23]   SKIP (already discovered): Big Cork Vineyards
[22:55:23]   SKIP (already discovered): Savage Mill Mall
[22:55:23]   SKIP (already discovered): Trueman Vineyards
[22:55:23]   SKIP (already discovered): Williams Gap Vineyard
[22:55:23]   SKIP (already discovered): Hello Betty Bethesda
[22:55:23]   SKIP (already discovered): The Madison Hotel
[22:55:23]   SKIP (already discovered): Belle Haven Country Club
[22:55:23]   SKIP (already discovered): Casanel Vineyards & Winery
[22:55:23]   SKIP (already discovered): Chrysalis Vineyards at The Ag District
[22:55:23]   SKIP (already discovered): Corteau Winery
[22:55:23]   SKIP (already discovered): Penn Oaks Winery
[22:55:23]   SKIP (already discovered): Pizza Pomodoro
[22:55:23]   SKIP (already discovered): Hidden Brook Winery
[22:55:23]   SKIP (already discovered): Simple Theory Wine Co
[22:55:23]   SKIP (already discovered): Brightview Perry Hall
[22:55:23]   SKIP (already discovered): Lake Anne Coffee House & Wine Bar
[22:55:23]   SKIP (already discovered): Gaylord National Harbor
[22:55:23]   SKIP (already discovered): Woodberry Kitchen
[22:55:23]   SKIP (already discovered): Great Sage
[22:55:23]   SKIP (already discovered): Cosmos Club DC
[22:55:23]   SKIP (already discovered): Doukénie Winery
[22:55:23]   SKIP (already discovered): State Plaza Hotel DC
[22:55:23]   SKIP (already discovered): Hyatt Cambridge
[22:55:23]   SKIP (already discovered): Greenhill Vineyards
[22:55:23]   SKIP (already discovered): Loudoun Golf & Country Club
[22:55:23]   SKIP (already discovered): Creek's Edge Winery
[22:55:23]   SKIP (already discovered): The Milton Inn
[22:55:23]   SKIP (already discovered): Country Club of Fairfax
[22:55:23]   SKIP (already discovered): Century Club Hagerstown
[22:55:23]   SKIP (already discovered): Rock Spring Farm
[22:55:23]   SKIP (already discovered): Janemark Winery & Vineyard
[22:55:23]   SKIP (already discovered): Alma Cocina Latina
[22:55:23]   SKIP (already discovered): Omni Shoreham Hotel
[22:55:23]   SKIP (already discovered): Knoxie's Table
[22:55:23]   SKIP (already discovered): 1757 Golf Club
[22:55:23]   SKIP (already discovered): Holly Hills Country Club
[22:55:23]   SKIP (already discovered): Conrad Washington DC
[22:55:23]   SKIP (already discovered): Pirouette Restaurant & Wine Shop
[22:55:23]   SKIP (already discovered): Le Méridien Arlington
[22:55:23]   SKIP (already discovered): Dulles Town Center
[22:55:23]   SKIP (already discovered): Hidden Hills Farm and Vineyard
[22:55:23]   SKIP (already discovered): Maritime Museum St Michaels
[22:55:23]   SKIP (already discovered): Chartwell Golf & Country Club
[22:55:23]   SKIP (already discovered): Ruse
[22:55:23]   SKIP (already discovered): InGrano Bistro Bakery
[22:55:23]   SKIP (already discovered): Kent Manor Inn
[22:55:23]   SKIP (already discovered): Army Navy Country Club
[22:55:23]   SKIP (already discovered): River Bend Country Club
[22:55:23]   SKIP (already discovered): City Tavern DC
[22:55:23]   SKIP (already discovered): Baltimore Country Club
[22:55:23]   SKIP (already discovered): Vino and Pasta
[22:55:23]   SKIP (already discovered): 50 West Vineyards
[22:55:23]   SKIP (already discovered): The Galley Restaurant & Bar
[22:55:23]   SKIP (already discovered): Wylder Hotel Tilghman Island
[22:55:23]   SKIP (already discovered): Bistrot Lepic
[22:55:23]   SKIP (already discovered): Sunset Hills Winery
[22:55:23]   SKIP (already discovered): The Oaks Waterfront Hotel
[22:55:23] Cleaning up discovered_gigs.txt...
[22:55:28] 
[22:55:28] === Discovery Complete — Total new venues: 0 ===

[21:52:35] === Venue Discovery Started ===
[21:52:35] Fetching past gigs...
[21:52:37] Found 70 past gigs
[21:52:37] Fetching existing venues for dedup...
[21:52:40] Existing venues: 2097
[21:52:40]   SKIP (already discovered): L'Auberge Chez Francois
[21:52:40]   SKIP (already discovered): The Inn at Perry Cabin
[21:52:40]   SKIP (already discovered): The Maryland Club
[21:52:40]   SKIP (already discovered): Black Ankle Vineyards
[21:52:40]   SKIP (already discovered): Royal Restaurant
[21:52:40]   SKIP (already discovered): Good Spirit Farm Winery
[21:52:40]   SKIP (already discovered): Chesapeake Manor Vineyard
[21:52:40]   SKIP (already discovered): Elkridge Furnace Inn
[21:52:40]   SKIP (already discovered): Xella Winery and Vineyard
[21:52:40]   SKIP (already discovered): Twin Oaks Tavern Winery
[21:52:40]   SKIP (already discovered): Windridge Vineyards
[21:52:40]   SKIP (already discovered): University Club
[21:52:40]   SKIP (already discovered): The Farmhouse Tuscan
[21:52:40]   SKIP (already discovered): Big Cork Vineyards
[21:52:40]   SKIP (already discovered): Savage Mill Mall
[21:52:40]   SKIP (already discovered): Trueman Vineyards
[21:52:40]   SKIP (already discovered): Williams Gap Vineyard
[21:52:40]   SKIP (already discovered): Hello Betty Bethesda
[21:52:40]   SKIP (already discovered): The Madison Hotel
[21:52:40]   SKIP (already discovered): Belle Haven Country Club
[21:52:40]   SKIP (already discovered): Casanel Vineyards & Winery
[21:52:40]   SKIP (already discovered): Chrysalis Vineyards at The Ag District
[21:52:40]   SKIP (already discovered): Corteau Winery
[21:52:40]   SKIP (already discovered): Penn Oaks Winery
[21:52:40]   SKIP (already discovered): Pizza Pomodoro
[21:52:40]   SKIP (already discovered): Hidden Brook Winery
[21:52:40]   SKIP (already discovered): Simple Theory Wine Co
[21:52:40]   SKIP (already discovered): Brightview Perry Hall
[21:52:40]   SKIP (already discovered): Lake Anne Coffee House & Wine Bar
[21:52:40]   SKIP (already discovered): Gaylord National Harbor
[21:52:40]   SKIP (already discovered): Woodberry Kitchen
[21:52:40]   SKIP (already discovered): Great Sage
[21:52:40]   SKIP (already discovered): Cosmos Club DC
[21:52:40]   SKIP (already discovered): Doukénie Winery
[21:52:40]   SKIP (already discovered): State Plaza Hotel DC
[21:52:40]   SKIP (already discovered): Hyatt Cambridge
[21:52:40]   SKIP (already discovered): Greenhill Vineyards
[21:52:40]   SKIP (already discovered): Loudoun Golf & Country Club
[21:52:40]   SKIP (already discovered): Creek's Edge Winery
[21:52:40]   SKIP (already discovered): The Milton Inn
[21:52:40]   SKIP (already discovered): Country Club of Fairfax
[21:52:40]   SKIP (already discovered): Century Club Hagerstown
[21:52:40]   SKIP (already discovered): Rock Spring Farm
[21:52:40]   SKIP (already discovered): Janemark Winery & Vineyard
[21:52:40]   SKIP (already discovered): Alma Cocina Latina
[21:52:40]   SKIP (already discovered): Omni Shoreham Hotel
[21:52:40]   SKIP (already discovered): Knoxie's Table
[21:52:40]   SKIP (already discovered): 1757 Golf Club
[21:52:40]   SKIP (already discovered): Holly Hills Country Club
[21:52:40]   SKIP (already discovered): Conrad Washington DC
[21:52:40]   SKIP (already discovered): Pirouette Restaurant & Wine Shop
[21:52:40]   SKIP (already discovered): Le Méridien Arlington
[21:52:40]   SKIP (already discovered): Dulles Town Center
[21:52:40]   SKIP (already discovered): Hidden Hills Farm and Vineyard
[21:52:40]   SKIP (already discovered): Maritime Museum St Michaels
[21:52:40]   SKIP (already discovered): Chartwell Golf & Country Club
[21:52:40]   SKIP (already discovered): Ruse
[21:52:40]   SKIP (already discovered): InGrano Bistro Bakery
[21:52:40]   SKIP (already discovered): Kent Manor Inn
[21:52:40]   SKIP (already discovered): Army Navy Country Club
[21:52:40]   SKIP (already discovered): River Bend Country Club
[21:52:40]   SKIP (already discovered): City Tavern DC
[21:52:40]   SKIP (already discovered): Baltimore Country Club
[21:52:40]   SKIP (already discovered): Vino and Pasta
[21:52:40]   SKIP (already discovered): 50 West Vineyards
[21:52:40]   SKIP (already discovered): The Galley Restaurant & Bar
[21:52:40]   SKIP (already discovered): Wylder Hotel Tilghman Island
[21:52:40]   SKIP (already discovered): Bistrot Lepic
[21:52:40]   SKIP (already discovered): Sunset Hills Winery
[21:52:40]   SKIP (already discovered): The Oaks Waterfront Hotel
[21:52:40] Cleaning up discovered_gigs.txt...
[21:52:44] 
[21:52:44] === Discovery Complete — Total new venues: 0 ===

[23:41:11] === Venue Discovery Started ===
[23:41:11] Fetching past gigs...
[23:41:14] Found 70 past gigs
[23:41:14] Fetching existing venues for dedup...
[23:41:17] Existing venues: 2101
[23:41:17]   SKIP (already discovered): L'Auberge Chez Francois
[23:41:17]   SKIP (already discovered): The Inn at Perry Cabin
[23:41:17]   SKIP (already discovered): The Maryland Club
[23:41:17]   SKIP (already discovered): Black Ankle Vineyards
[23:41:17]   SKIP (already discovered): Royal Restaurant
[23:41:17]   SKIP (already discovered): Good Spirit Farm Winery
[23:41:17]   SKIP (already discovered): Chesapeake Manor Vineyard
[23:41:17]   SKIP (already discovered): Elkridge Furnace Inn
[23:41:17]   SKIP (already discovered): Xella Winery and Vineyard
[23:41:17]   SKIP (already discovered): Twin Oaks Tavern Winery
[23:41:17]   SKIP (already discovered): Windridge Vineyards
[23:41:17]   SKIP (already discovered): University Club
[23:41:17]   SKIP (already discovered): The Farmhouse Tuscan
[23:41:17]   SKIP (already discovered): Big Cork Vineyards
[23:41:17]   SKIP (already discovered): Savage Mill Mall
[23:41:17]   SKIP (already discovered): Trueman Vineyards
[23:41:17]   SKIP (already discovered): Williams Gap Vineyard
[23:41:17]   SKIP (already discovered): Hello Betty Bethesda
[23:41:17]   SKIP (already discovered): The Madison Hotel
[23:41:17]   SKIP (already discovered): Belle Haven Country Club
[23:41:17]   SKIP (already discovered): Casanel Vineyards & Winery
[23:41:17]   SKIP (already discovered): Chrysalis Vineyards at The Ag District
[23:41:17]   SKIP (already discovered): Corteau Winery
[23:41:17]   SKIP (already discovered): Penn Oaks Winery
[23:41:17]   SKIP (already discovered): Pizza Pomodoro
[23:41:17]   SKIP (already discovered): Hidden Brook Winery
[23:41:17]   SKIP (already discovered): Simple Theory Wine Co
[23:41:17]   SKIP (already discovered): Brightview Perry Hall
[23:41:17]   SKIP (already discovered): Lake Anne Coffee House & Wine Bar
[23:41:17]   SKIP (already discovered): Gaylord National Harbor
[23:41:17]   SKIP (already discovered): Woodberry Kitchen
[23:41:17]   SKIP (already discovered): Great Sage
[23:41:17]   SKIP (already discovered): Cosmos Club DC
[23:41:17]   SKIP (already discovered): Doukénie Winery
[23:41:17]   SKIP (already discovered): State Plaza Hotel DC
[23:41:17]   SKIP (already discovered): Hyatt Cambridge
[23:41:17]   SKIP (already discovered): Greenhill Vineyards
[23:41:17]   SKIP (already discovered): Loudoun Golf & Country Club
[23:41:17]   SKIP (already discovered): Creek's Edge Winery
[23:41:17]   SKIP (already discovered): The Milton Inn
[23:41:17]   SKIP (already discovered): Country Club of Fairfax
[23:41:17]   SKIP (already discovered): Century Club Hagerstown
[23:41:17]   SKIP (already discovered): Rock Spring Farm
[23:41:17]   SKIP (already discovered): Janemark Winery & Vineyard
[23:41:17]   SKIP (already discovered): Alma Cocina Latina
[23:41:17]   SKIP (already discovered): Omni Shoreham Hotel
[23:41:17]   SKIP (already discovered): Knoxie's Table
[23:41:17]   SKIP (already discovered): 1757 Golf Club
[23:41:17]   SKIP (already discovered): Holly Hills Country Club
[23:41:17]   SKIP (already discovered): Conrad Washington DC
[23:41:17]   SKIP (already discovered): Pirouette Restaurant & Wine Shop
[23:41:17]   SKIP (already discovered): Le Méridien Arlington
[23:41:17]   SKIP (already discovered): Dulles Town Center
[23:41:17]   SKIP (already discovered): Hidden Hills Farm and Vineyard
[23:41:17]   SKIP (already discovered): Maritime Museum St Michaels
[23:41:17]   SKIP (already discovered): Chartwell Golf & Country Club
[23:41:17]   SKIP (already discovered): Ruse
[23:41:17]   SKIP (already discovered): InGrano Bistro Bakery
[23:41:17]   SKIP (already discovered): Kent Manor Inn
[23:41:17]   SKIP (already discovered): Army Navy Country Club
[23:41:17]   SKIP (already discovered): River Bend Country Club
[23:41:17]   SKIP (already discovered): City Tavern DC
[23:41:17]   SKIP (already discovered): Baltimore Country Club
[23:41:17]   SKIP (already discovered): Vino and Pasta
[23:41:17]   SKIP (already discovered): 50 West Vineyards
[23:41:17]   SKIP (already discovered): The Galley Restaurant & Bar
[23:41:17]   SKIP (already discovered): Wylder Hotel Tilghman Island
[23:41:17]   SKIP (already discovered): Bistrot Lepic
[23:41:17]   SKIP (already discovered): Sunset Hills Winery
[23:41:17]   SKIP (already discovered): The Oaks Waterfront Hotel
[23:41:17] Cleaning up discovered_gigs.txt...
[23:41:22] 
[23:41:22] === Discovery Complete — Total new venues: 0 ===

[23:41:27] === Taste Discovery Mode Started ===
[23:41:27] MAX_QUERIES=14
[23:41:27] Fetching existing venues + past gigs for dedup...
[23:41:32] Existing venues + past gigs: 0
[23:41:32] Generating search queries from taste profile...
[23:41:32] Generated 435 queries (14 will run this session)
[23:41:32] 
[23:41:32] === Taste Query [1/14]: wine bar Annapolis MD ===
[23:41:39]   Scrolling search results...
[23:41:45]   Extracting results...
[23:41:45]   Found 20 results
[23:42:37]   Added 9 new venues from query
[23:42:37]   [WEBSITE] Looking up: Vin 909 Winecafe' in Annapolis
[23:42:40]     Website: https://www.vin909wine.com
[23:42:43]   [WEBSITE] Looking up: Wine Cellars of Annapolis
[23:42:47]     Website: https://www.winecellarsofannapolis.com
[23:42:50]   [WEBSITE] Looking up: WOB Bar & Kitchen Annapolis
[23:42:53]     Website: https://worldofbeer.com
[23:42:56]   [WEBSITE] Looking up: Augie's Mussel House & Sports Bar
[23:43:00]     Website: https://www.eataugies.com
[23:43:03]   [WEBSITE] Looking up: Acqua al 2 - Annapolis
[23:43:06]     Website: https://acquaal2.com
[23:43:10]   [WEBSITE] Looking up: Bin 201 Wine + Spirits
[23:43:13]     Website: https://bin201.com
[23:43:16]   [WEBSITE] Looking up: Full On Craft Eats & Drinks
[23:43:20]     Website: https://fulloncraft.com
[23:43:23]   [WEBSITE] Looking up: Curate Annapolis Cafe & Bakery
[23:43:26]     Website: https://curateannapolis.com
[23:43:29]   [WEBSITE] Looking up: Julep Kitchen & Bar
[23:43:33]     Website: https://www.julepannapolis.com
[23:43:41] 
[23:43:41] === Taste Query [2/14]: wine bar Roland Park Baltimore MD ===
[23:43:46]   Scrolling search results...
[23:43:54]   Extracting results...
[23:43:55]   Found 65 results
[23:46:47]   Added 60 new venues from query
[23:46:47]   [WEBSITE] Looking up: Roland Park Wines & Liquors
[23:46:51]     Website: http://www.rolandpark.com
[23:46:53]   [WEBSITE] Looking up: The Bluebird Cocktail Room
[23:46:57]     Website: https://www.thebluebirdbaltimore.com
[23:47:00]   [WEBSITE] Looking up: Wicked Sisters
[23:47:03]     Website: https://www.wickedsistershampden.com
[23:47:07]   [WEBSITE] Looking up: The Barn & Lodge At The Rotunda
[23:47:10]     Website: https://www.barnandlodge.com
[23:47:14]   [WEBSITE] Looking up: Hana
[23:47:17]     Website: https://profiles.hopkinsmedicine.org
[23:47:22]   [WEBSITE] Looking up: The Wine Source
[23:47:25]     Website: https://www.thewinesource.com
[23:47:28]   [WEBSITE] Looking up: Fadensonnen
[23:47:31]     Website: https://www.fadensonnen.com
[23:47:35]   [WEBSITE] Looking up: Bodega and Vino
[23:47:38]     Website: https://www.bodegaandvino.com
[23:47:40]   [WEBSITE] Looking up: Cypriana - Baltimore
[23:47:44]     Website: https://cypriana.com
[23:47:47]   [WEBSITE] Looking up: Tavern at Woodberry Kitchen
[23:47:51]     Website: https://www.woodberrykitchen.com
[23:47:54]   [WEBSITE] Looking up: Melanie’s at Griffith's Tavern
[23:47:57]     Website: https://4.9K+
[23:48:00]   [WEBSITE] Looking up: Alonso's
[23:48:04]     Website: https://www.alonsos.com
[23:48:08]   [WEBSITE] Looking up: Dylan's Oyster Cellar
[23:48:11]     Website: https://dylansoyster.com
[23:48:14]   [WEBSITE] Looking up: The Duchess
[23:48:17]     Website: https://www.theduchessbaltimore.com
[23:48:20]   [WEBSITE] Looking up: Mt. Washington Wine & Spirits
[23:48:24]     Website: https://www.mtwashingtonwine.com
[23:48:27]   [WEBSITE] Looking up: Soundbar
[23:48:30]     Website: https://www.soundbarbaltimore.com
[23:48:33]   [WEBSITE] Looking up: Corkscrew
[23:48:36]     Website: https://11.6K+
[23:48:39]   [WEBSITE] Looking up: Hampden Yards - Beer Garden
[23:48:42]     Website: https://thehampdenyards.com
[23:48:45]   [WEBSITE] Looking up: Mt. Washington Tavern
[23:48:48]     Website: https://mtwashingtontavern.com
[23:48:52]   [WEBSITE] Looking up: The Old Vine
[23:48:55]     Website: http://theoldvinemd.com
[23:48:58]   [WEBSITE] Looking up: No Land Beyond
[23:49:02]     Website: https://www.nolandbaltimore.com
[23:49:04]   [WEBSITE] Looking up: GRANO WINE CAVE
[23:49:08]     Website: https://granopastabar.com
[23:49:11]   [WEBSITE] Looking up: Showroom
[23:49:14]     Website: https://www.showroomfrederick.com
[23:49:17]   [WEBSITE] Looking up: True Chesapeake
[23:49:20]     Website: https://truechesapeake.com
[23:49:23]   [WEBSITE] Looking up: Union Collective
[23:49:27]     Website: https://www.union-collective.com
[23:49:30]   [WEBSITE] Looking up: r•bar
[23:49:34]     Website: https://www.livech.com
[23:49:37]   [WEBSITE] Looking up: Swallow At the Hollow
[23:49:40]     Website: https://www.thehollowbaltimore.com
[23:49:44]   [WEBSITE] Looking up: Spring Cafe "A Taste of Authentic Afghan Cuisine"
[23:49:47]     Website: https://spring-cafe-a-taste-of-authentic-afghan-cuisine.uk-restaurants.com
[23:49:51]   [WEBSITE] Looking up: Heritage Smokehouse
[23:49:54]     Website: https://www.heritagesmokehousebalt.com
[23:49:57]   [WEBSITE] Looking up: Easy Like Sunday
[23:50:00]     Website: https://www.easylikesundaybrunch.com
[23:50:03]   [WEBSITE] Looking up: Eddie's of Roland Park
[23:50:07]     Website: https://www.eddiesofrolandpark.com
[23:50:09]   [WEBSITE] Looking up: R. House
[23:50:13]     Website: https://222.5K+
[23:50:16]   [WEBSITE] Looking up: Seppia
[23:50:19]     Website: https://www.seppiabaltimore.com
[23:50:22]   [WEBSITE] Looking up: Ottobar
[23:50:25]     Website: https://theottobar.com
[23:50:29]   [WEBSITE] Looking up: Angels Ate Lemons
[23:50:32]     Website: https://angelsatelemons.com
[23:50:37]   [WEBSITE] Looking up: Grano Pasta Bar
[23:50:40]     Website: https://granopastabar.com
[23:50:44]   [WEBSITE] Looking up: Barfly's
[23:50:47]     Website: https://barflysbaltimore.com
[23:50:50]   [WEBSITE] Looking up: Cosima
[23:50:54]     No website found
[23:50:55]   [WEBSITE] Looking up: Birroteca Baltimore
[23:50:58]     Website: https://www.bmorebirroteca.com
[23:51:02]   [WEBSITE] Looking up: Modern World
[23:51:05]     Website: https://3.6K+
[23:51:09]   [WEBSITE] Looking up: Idle Hour
[23:51:12]     Website: http://idlehourwinetasting.com
[23:51:15]   [WEBSITE] Looking up: Nepenthe Brewing Co.
[23:51:19]     Website: https://www.nepenthebrewingco.com
[23:51:22]   [WEBSITE] Looking up: Wine Underground
[23:51:26]     Website: https://wineunderground.us
[23:51:29]   [WEBSITE] Looking up: Frazier's On the Avenue
[23:51:32]     Website: https://www.fraziersbmore.com
[23:51:36]   [WEBSITE] Looking up: Rocket To Venus
[23:51:39]     Website: https://www.rockettovenus.com
[23:51:43]   [WEBSITE] Looking up: Blue Pit BBQ
[23:51:46]     Website: https://bluepitbbq.com
[23:51:49]   [WEBSITE] Looking up: Avenue Kitchen & Bar
[23:51:52]     Website: https://avenuekitchenbar.com
[23:51:56]   [WEBSITE] Looking up: Mona's Super Noodle
[23:51:59]     Website: https://www.monasupernoodle.com
[23:52:02]   [WEBSITE] Looking up: JERRY´S BELVEDERE TAVERN
[23:52:06]     Website: https://www.mdparty.com
[23:52:10]   [WEBSITE] Looking up: Zissimos Bar
[23:52:13]     Website: https://www.zissimosbar.com
[23:52:16]   [WEBSITE] Looking up: 3 Miles House
[23:52:20]     Website: https://3-miles-house.wheree.com
[23:52:23]   [WEBSITE] Looking up: Namaste Baltimore
[23:52:27]     Website: https://www.namastebaltimore.com
[23:52:30]   [WEBSITE] Looking up: The Food Market
[23:52:33]     Website: https://www.the-food-market.com
[23:52:36]   [WEBSITE] Looking up: Clavel
[23:52:39]     Website: https://barclavel.com
[23:52:43]   [WEBSITE] Looking up: Daniela Pasta & Pastries
[23:52:46]     Website: https://www.danielaristorante.com
[23:52:49]   [WEBSITE] Looking up: Noir Restaurant & Lounge
[23:52:53]     Website: https://www.noirbaltimore.com
[23:52:56]   [WEBSITE] Looking up: HEX Superette
[23:52:59]     Website: https://market.hexsuperette.com
[23:53:02]   [WEBSITE] Looking up: Remington Bottle
[23:53:06]     Website: https://theremingtonbottle.com
[23:53:10]   [WEBSITE] Looking up: Pinehurst Gourmet & Spirit Shoppe
[23:53:13]     Website: https://www.pinehurstwineshoppe.com
[23:53:17]   [WEBSITE] Looking up: iBar
[23:53:20]     Website: https://www.ibarbaltimore.com
[23:53:30] 
[23:53:30] === Taste Query [3/14]: country club Georgetown DC ===
[23:53:37]   Scrolling search results...
[23:53:45]   Extracting results...
[23:53:45]   Found 58 results
[23:56:28]   Added 50 new venues from query
[23:56:28]   [WEBSITE] Looking up: Washington Golf & Country Club
[23:56:31]     Website: https://www.washingtongolfcc.org
[23:56:35]   [WEBSITE] Looking up: Columbia Country Club
[23:56:38]     Website: https://www.columbiacc.org
[23:56:41]   [WEBSITE] Looking up: Chevy Chase Club
[23:56:45]     Website: https://www.chevychaseclub.org
[23:56:47]   [WEBSITE] Looking up: Army Navy Country Club
[23:56:51]     Website: https://www.ancc.org
[23:56:54]   [WEBSITE] Looking up: Kenwood Golf and Country Club
[23:56:58]     Website: https://www.kenwoodcc.net
[23:57:01]   [WEBSITE] Looking up: East Potomac Golf Links
[23:57:04]     Website: https://www.playdcgolf.com
[23:57:08]   [WEBSITE] Looking up: Rock Creek Park Golf
[23:57:11]     Website: https://www.playdcgolf.com
[23:57:14]   [WEBSITE] Looking up: Congressional Country Club
[23:57:17]     Website: https://www.ccclub.org
[23:57:21]   [WEBSITE] Looking up: Belle Haven Country Club
[23:57:24]     Website: https://www.bellehavencc.com
[23:57:28]   [WEBSITE] Looking up: National Golf Club
[23:57:31]     Website: https://www.nationalgolfclubmd.com
[23:57:35]   [WEBSITE] Looking up: Langston Golf Course & Driving Range
[23:57:38]     Website: https://www.playdcgolf.com
[23:57:41]   [WEBSITE] Looking up: Capitol Hill Club
[23:57:44]     Website: https://www.capitolhillclub.org
[23:57:47]   [WEBSITE] Looking up: CitySwing
[23:57:51]     Website: https://www.cityswing.com
[23:57:54]   [WEBSITE] Looking up: Bethesda Country Club
[23:57:57]     Website: https://www.bethesdacountryclub.org
[23:58:00]   [WEBSITE] Looking up: playDCgolf
[23:58:03]     Website: https://www.playdcgolf.com
[23:58:06]   [WEBSITE] Looking up: Puttery
[23:58:10]     Website: https://www.puttery.com
[23:58:13]   [WEBSITE] Looking up: Old Soldiers' Home Golf Course
[23:58:16]     Website: http://www.afrh.gov
[23:58:20]   [WEBSITE] Looking up: Argyle Country Club
[23:58:23]     Website: https://argylecountryclub.com
[23:58:26]   [WEBSITE] Looking up: River Bend Golf & Country Club
[23:58:29]     Website: https://www.rbgcc.org
[23:58:32]   [WEBSITE] Looking up: Lakewood Country Club
[23:58:36]     Website: https://www.lakewoodcc.org
[23:58:39]   [WEBSITE] Looking up: Country Club of Fairfax
[23:58:42]     Website: https://ccfairfax.org
[23:58:45]   [WEBSITE] Looking up: The Army & Navy Club
[23:58:49]     Website: https://www.armynavyclub.org
[23:58:52]   [WEBSITE] Looking up: Henson Creek Golf Course
[23:58:55]     Website: https://www.pgparks.com
[23:58:58]   [WEBSITE] Looking up: TPC Potomac at Avenel Farm
[23:59:01]     Website: https://www.golfdigest.com
[23:59:05]   [WEBSITE] Looking up: Five Iron Golf
[23:59:08]     Website: https://fiveirongolf.com
[23:59:12]   [WEBSITE] Looking up: Burning Tree Club
[23:59:16]     Website: https://www.top100golfcourses.com
[23:59:20]   [WEBSITE] Looking up: Manor Country Club
[23:59:23]     Website: https://www.manorcc.org
[23:59:26]   [WEBSITE] Looking up: Springfield Golf & Country Club
[23:59:30]     Website: https://www.sgccva.org
[23:59:33]   [WEBSITE] Looking up: City Tavern
[23:59:36]     Website: https://citytaverndc.com
[23:59:39]   [WEBSITE] Looking up: Jefferson District Golf Course
[23:59:42]     Website: https://www.fairfaxcounty.gov
[23:59:46]   [WEBSITE] Looking up: University of Maryland Golf Course
[23:59:49]     Website: https://www.golf.umd.edu
[23:59:53]   [WEBSITE] Looking up: Lakeville Country Club
[23:59:56]     Website: https://www.lakewoodcc.org
[23:59:59]   [WEBSITE] Looking up: Sligo Creek Golf Course
[00:00:03]     Website: https://www.mcggolf.com
[00:00:06]   [WEBSITE] Looking up: Greendale Golf Course
[00:00:09]     Website: https://www.fairfaxcounty.gov
[00:00:13]   [WEBSITE] Looking up: Falls Road Golf Course
[00:00:16]     Website: https://www.mcggolf.com
[00:00:20]   [WEBSITE] Looking up: Gunpowder Golf Course
[00:00:23]     Website: https://www.gunpowdergolfcourse.com
[00:00:27]   [WEBSITE] Looking up: Army Navy Country Club - Fairfax
[00:00:31]     Website: https://www.ancc.org
[00:00:34]   [WEBSITE] Looking up: Bretton Woods Golf Course Club House
[00:00:37]     Website: https://www.bwrc.org
[00:00:41]   [WEBSITE] Looking up: Midway House Congressional
[00:00:44]     Website: https://www.ccclub.org
[00:00:48]   [WEBSITE] Looking up: Swingers Dupont Circle
[00:00:51]     Website: https://www.swingers.club
[00:00:54]   [WEBSITE] Looking up: Columbia Country Club Greens Department
[00:00:58]     Website: https://www.columbiacc.org
[00:01:01]   [WEBSITE] Looking up: Langston Golf Course Conservancy
[00:01:05]     Website: https://www.friendsoflangston.org
[00:01:08]   [WEBSITE] Looking up: First Tee of Greater Washington, DC
[00:01:11]     Website: https://firstteedc.org
[00:01:15]   [WEBSITE] Looking up: Blues Alley Club
[00:01:18]     Website: https://www.bluesalley.com
[00:01:21]   [WEBSITE] Looking up: Fort Belvoir Golf Club
[00:01:25]     Website: https://belvoir.armymwr.com
[00:01:28]   [WEBSITE] Looking up: Country Club At Woodmore
[00:01:31]     Website: https://www.ccwoodmore.com
[00:01:35]   [WEBSITE] Looking up: Bretton Woods Recreation Center
[00:01:38]     Website: https://www.bwrc.org
[00:01:41]   [WEBSITE] Looking up: Lakewood Country Club Hole #4
[00:01:45]     Website: https://course.bluegolf.com
[00:01:47]   [WEBSITE] Looking up: The Golf Doctor - DC
[00:01:51]     Website: https://www.golfdoctordc.com
[00:01:53]   [WEBSITE] Looking up: Penderbrook Golf Club
[00:01:57]     Website: https://www.penderbrookgolfclub.com
[00:02:07] 
[00:02:07] === Taste Query [4/14]: country club Dupont Circle DC ===
[00:02:11]   Scrolling search results...
[00:02:19]   Extracting results...
[00:02:19]   Found 21 results
[00:03:05]   Added 6 new venues from query
[00:03:05]   [WEBSITE] Looking up: Dupont Circle Club, Inc.
[00:03:08]     Website: https://www.dupontcircleclub.org
[00:03:12]   [WEBSITE] Looking up: DuPont Country Club
[00:03:15]     Website: https://www.dupontcountryclub.com
[00:03:18]   [WEBSITE] Looking up: Cafe Citron
[00:03:21]     Website: http://www.cafecitrondc.com
[00:03:25]   [WEBSITE] Looking up: ZogSports DC
[00:03:29]     Website: https://www.zogsports.com
[00:03:32]   [WEBSITE] Looking up: DuPont Italian Kitchen
[00:03:36]     Website: https://dupontitaliankitchen.com
[00:03:39]   [WEBSITE] Looking up: DanceSport Dupont Circle
[00:03:42]     Website: https://www.dancesportdupont.com
[00:03:52] 
[00:03:52] === Taste Query [5/14]: country club Potomac MD ===
[00:03:56]   Scrolling search results...
[00:04:02]   Extracting results...
[00:04:03]   No results found
[00:04:06] 
[00:04:06] === Taste Query [6/14]: country club Bethesda MD ===
[00:04:12]   Scrolling search results...
[00:04:19]   Extracting results...
[00:04:20]   No results found
[00:04:25] 
[00:04:25] === Taste Query [7/14]: country club Great Falls VA ===
[00:04:31]   Scrolling search results...
[00:04:39]   Extracting results...
[00:04:40]   No results found
[00:04:45] 
[00:04:45] === Taste Query [8/14]: country club McLean VA ===
[00:04:51]   Scrolling search results...
[00:04:58]   Extracting results...
[00:04:59]   Found 56 results
[00:07:05]   Added 33 new venues from query
[00:07:05]   [WEBSITE] Looking up: Country Club of Fairfax
[00:07:08]     Website: https://ccfairfax.org
[00:07:12]   [WEBSITE] Looking up: Jefferson District Golf Course
[00:07:15]     Website: https://www.fairfaxcounty.gov
[00:07:19]   [WEBSITE] Looking up: Chevy Chase Club
[00:07:22]     Website: https://www.chevychaseclub.org
[00:07:25]   [WEBSITE] Looking up: Kenwood Golf and Country Club
[00:07:28]     Website: https://www.kenwoodcc.net
[00:07:32]   [WEBSITE] Looking up: Penderbrook Golf Club
[00:07:35]     Website: https://www.penderbrookgolfclub.com
[00:07:38]   [WEBSITE] Looking up: Pinecrest Golf Course
[00:07:42]     Website: https://www.fairfaxcounty.gov
[00:07:45]   [WEBSITE] Looking up: Congressional Country Club
[00:07:49]     Website: https://www.ccclub.org
[00:07:52]   [WEBSITE] Looking up: Woodmont Country Club
[00:07:55]     Website: https://www.woodmontcc.com
[00:07:58]   [WEBSITE] Looking up: Westfields Golf Club
[00:08:02]     Website: https://www.westfieldsgolf.com
[00:08:05]   [WEBSITE] Looking up: Twin Lakes Golf Course
[00:08:08]     Website: https://www.fairfaxcounty.gov
[00:08:11]   [WEBSITE] Looking up: Greendale Golf Course
[00:08:15]     Website: https://www.fairfaxcounty.gov
[00:08:18]   [WEBSITE] Looking up: Reston National Golf Course
[00:08:21]     Website: https://www.restonnationalgc.com
[00:08:24]   [WEBSITE] Looking up: Algonkian Golf Course
[00:08:27]     Website: https://www.novaparks.com
[00:08:30]   [WEBSITE] Looking up: Laurel Hill Golf Club
[00:08:33]     Website: https://www.fairfaxcounty.gov
[00:08:37]   [WEBSITE] Looking up: Herndon Centennial Golf Course
[00:08:40]     Website: https://www.herndongolf.com
[00:08:43]   [WEBSITE] Looking up: Burke Lake Golf Center
[00:08:46]     Website: https://www.fairfaxcounty.gov
[00:08:50]   [WEBSITE] Looking up: Rock Creek Park Golf
[00:08:53]     Website: https://www.playdcgolf.com
[00:08:56]   [WEBSITE] Looking up: Falls Road Golf Course
[00:08:59]     Website: https://www.mcggolf.com
[00:09:02]   [WEBSITE] Looking up: Burning Tree Club
[00:09:05]     Website: https://www.top100golfcourses.com
[00:09:09]   [WEBSITE] Looking up: Brambleton Golf Course
[00:09:12]     Website: https://www.novaparks.com
[00:09:16]   [WEBSITE] Looking up: Old Hickory Golf Club LLC
[00:09:19]     Website: https://www.golfoldhickory.com
[00:09:22]   [WEBSITE] Looking up: Argyle Country Club
[00:09:26]     Website: https://argylecountryclub.com
[00:09:29]   [WEBSITE] Looking up: Columbia Country Club
[00:09:32]     Website: https://www.columbiacc.org
[00:09:35]   [WEBSITE] Looking up: Sterling Park Golf Club
[00:09:38]     Website: https://playsterlinggolf.com
[00:09:41]   [WEBSITE] Looking up: 1757 Golf Club
[00:09:45]     Website: https://www.1757golfclub.com
[00:09:49]   [WEBSITE] Looking up: TPC Potomac at Avenel Farm
[00:09:52]     Website: https://www.golfdigest.com
[00:09:56]   [WEBSITE] Looking up: National Golf Club
[00:09:59]     Website: https://www.vbnational.com
[00:10:03]   [WEBSITE] Looking up: Country Club Hills Recreation Corporation
[00:10:06]     Website: https://www.cchpool.com
[00:10:09]   [WEBSITE] Looking up: Lakewood Country Club
[00:10:12]     Website: https://www.lakewoodcc.org
[00:10:15]   [WEBSITE] Looking up: Belmont Country Club Maintenance
[00:10:19]     Website: https://belmonthoa.org
[00:10:21]   [WEBSITE] Looking up: Pleasant Valley Golf Club
[00:10:25]     Website: https://www.pleasantvalleygc.com
[00:10:30]   [WEBSITE] Looking up: Sligo Creek Golf Course
[00:10:33]     Website: https://www.mcggolf.com
[00:10:37]   [WEBSITE] Looking up: Army Navy Country Club Maintenance
[00:10:40]     Website: https://www.ancc.org
[00:10:51] 
[00:10:51] === Taste Query [9/14]: country club Alexandria VA ===
[00:11:00]   Scrolling search results...
[00:11:08]   Extracting results...
[00:11:08]   Found 7 results
[00:11:21]   Added 0 new venues from query
[00:11:29] 
[00:11:29] === Taste Query [10/14]: country club Reston VA ===
[00:11:38]   Scrolling search results...
[00:11:44]   Extracting results...
[00:11:44]   Found 2 results
[00:11:50]   Added 0 new venues from query
[00:11:55] 
[00:11:55] === Taste Query [11/14]: country club Middleburg VA ===
[00:12:01]   Scrolling search results...
[00:12:08]   Extracting results...
[00:12:09]   Found 7 results
[00:12:24]   Added 1 new venues from query
[00:12:24]   [WEBSITE] Looking up: Bull Run Golf Club
[00:12:28]     Website: https://www.golfbullrun.com
[00:12:36] 
[00:12:36] === Taste Query [12/14]: country club Leesburg VA ===
[00:12:43]   Scrolling search results...
[00:12:49]   Extracting results...
[00:12:49]   No results found
[00:12:54] 
[00:12:54] === Taste Query [13/14]: country club St. Michaels MD ===
[00:13:01]   Scrolling search results...
[00:13:08]   Extracting results...
[00:13:08]   Found 3 results
[00:13:14]   Added 1 new venues from query
[00:13:14]   [WEBSITE] Looking up: Harbourtowne Country Club
[00:13:17]     Website: https://www.golfpass.com
[00:13:29] 
[00:13:29] === Taste Query [14/14]: country club Easton MD ===
[00:13:37]   Scrolling search results...
[00:13:45]   Extracting results...
[00:13:45]   No results found
[00:13:48]   MAX_QUERIES=14 reached — stopping.
[00:13:48] Calculating distances for new venues...
[00:14:35]   Distances calculated: 3
[00:14:35] 
[00:14:35] === Taste Discovery Complete ===
[00:14:35]   Queries run: 14
[00:14:35]   Venues added: 160
[00:14:35]   Queries remaining: 421

[23:44:12] === Venue Discovery Started ===
[23:44:12] Fetching past gigs...
[23:44:14] Found 70 past gigs
[23:44:14] Fetching existing venues for dedup...
[23:44:17] Existing venues: 2261
[23:44:17]   SKIP (already discovered): L'Auberge Chez Francois
[23:44:17]   SKIP (already discovered): The Inn at Perry Cabin
[23:44:17]   SKIP (already discovered): The Maryland Club
[23:44:17]   SKIP (already discovered): Black Ankle Vineyards
[23:44:17]   SKIP (already discovered): Royal Restaurant
[23:44:17]   SKIP (already discovered): Good Spirit Farm Winery
[23:44:17]   SKIP (already discovered): Chesapeake Manor Vineyard
[23:44:17]   SKIP (already discovered): Elkridge Furnace Inn
[23:44:17]   SKIP (already discovered): Xella Winery and Vineyard
[23:44:17]   SKIP (already discovered): Twin Oaks Tavern Winery
[23:44:17]   SKIP (already discovered): Windridge Vineyards
[23:44:17]   SKIP (already discovered): University Club
[23:44:17]   SKIP (already discovered): The Farmhouse Tuscan
[23:44:17]   SKIP (already discovered): Big Cork Vineyards
[23:44:17]   SKIP (already discovered): Savage Mill Mall
[23:44:17]   SKIP (already discovered): Trueman Vineyards
[23:44:17]   SKIP (already discovered): Williams Gap Vineyard
[23:44:17]   SKIP (already discovered): Hello Betty Bethesda
[23:44:17]   SKIP (already discovered): The Madison Hotel
[23:44:17]   SKIP (already discovered): Belle Haven Country Club
[23:44:17]   SKIP (already discovered): Casanel Vineyards & Winery
[23:44:17]   SKIP (already discovered): Chrysalis Vineyards at The Ag District
[23:44:17]   SKIP (already discovered): Corteau Winery
[23:44:17]   SKIP (already discovered): Penn Oaks Winery
[23:44:17]   SKIP (already discovered): Pizza Pomodoro
[23:44:17]   SKIP (already discovered): Hidden Brook Winery
[23:44:17]   SKIP (already discovered): Simple Theory Wine Co
[23:44:17]   SKIP (already discovered): Brightview Perry Hall
[23:44:17]   SKIP (already discovered): Lake Anne Coffee House & Wine Bar
[23:44:17]   SKIP (already discovered): Gaylord National Harbor
[23:44:17]   SKIP (already discovered): Woodberry Kitchen
[23:44:17]   SKIP (already discovered): Great Sage
[23:44:17]   SKIP (already discovered): Cosmos Club DC
[23:44:17]   SKIP (already discovered): Doukénie Winery
[23:44:17]   SKIP (already discovered): State Plaza Hotel DC
[23:44:17]   SKIP (already discovered): Hyatt Cambridge
[23:44:17]   SKIP (already discovered): Greenhill Vineyards
[23:44:17]   SKIP (already discovered): Loudoun Golf & Country Club
[23:44:17]   SKIP (already discovered): Creek's Edge Winery
[23:44:17]   SKIP (already discovered): The Milton Inn
[23:44:17]   SKIP (already discovered): Country Club of Fairfax
[23:44:17]   SKIP (already discovered): Century Club Hagerstown
[23:44:17]   SKIP (already discovered): Rock Spring Farm
[23:44:17]   SKIP (already discovered): Janemark Winery & Vineyard
[23:44:17]   SKIP (already discovered): Alma Cocina Latina
[23:44:17]   SKIP (already discovered): Omni Shoreham Hotel
[23:44:17]   SKIP (already discovered): Knoxie's Table
[23:44:17]   SKIP (already discovered): 1757 Golf Club
[23:44:17]   SKIP (already discovered): Holly Hills Country Club
[23:44:17]   SKIP (already discovered): Conrad Washington DC
[23:44:17]   SKIP (already discovered): Pirouette Restaurant & Wine Shop
[23:44:17]   SKIP (already discovered): Le Méridien Arlington
[23:44:17]   SKIP (already discovered): Dulles Town Center
[23:44:17]   SKIP (already discovered): Hidden Hills Farm and Vineyard
[23:44:17]   SKIP (already discovered): Maritime Museum St Michaels
[23:44:17]   SKIP (already discovered): Chartwell Golf & Country Club
[23:44:17]   SKIP (already discovered): Ruse
[23:44:17]   SKIP (already discovered): InGrano Bistro Bakery
[23:44:17]   SKIP (already discovered): Kent Manor Inn
[23:44:17]   SKIP (already discovered): Army Navy Country Club
[23:44:17]   SKIP (already discovered): River Bend Country Club
[23:44:17]   SKIP (already discovered): City Tavern DC
[23:44:17]   SKIP (already discovered): Baltimore Country Club
[23:44:17]   SKIP (already discovered): Vino and Pasta
[23:44:17]   SKIP (already discovered): 50 West Vineyards
[23:44:17]   SKIP (already discovered): The Galley Restaurant & Bar
[23:44:17]   SKIP (already discovered): Wylder Hotel Tilghman Island
[23:44:17]   SKIP (already discovered): Bistrot Lepic
[23:44:17]   SKIP (already discovered): Sunset Hills Winery
[23:44:17]   SKIP (already discovered): The Oaks Waterfront Hotel
[23:44:17] Cleaning up discovered_gigs.txt...
[23:44:21] 
[23:44:21] === Discovery Complete — Total new venues: 0 ===

[23:44:25] === Taste Discovery Mode Started ===
[23:44:25] MAX_QUERIES=15
[23:44:25] Fetching existing venues + past gigs for dedup...
[23:44:31] Existing venues + past gigs: 0
[23:44:31] Generating search queries from taste profile...
[23:44:31] Generated 421 queries (15 will run this session)
[23:44:31] 
[23:44:31] === Taste Query [1/15]: country club Annapolis MD ===
[23:44:36]   Scrolling search results...
[23:44:43]   Extracting results...
[23:44:43]   Found 28 results
[23:46:02]   Added 15 new venues from query
[23:46:02]   [WEBSITE] Looking up: Bay Hills Golf Club
[23:46:06]     Website: https://bayhillsgc.com
[23:46:09]   [WEBSITE] Looking up: The Preserve At Eisenhower
[23:46:12]     Website: https://www.thepreserveateisenhower.com
[23:46:15]   [WEBSITE] Looking up: Renditions Golf Course
[23:46:18]     Website: https://www.renditionsgolf.com
[23:46:22]   [WEBSITE] Looking up: Oak Creek Golf Club
[23:46:25]     Website: https://www.invitedclubs.com
[23:46:29]   [WEBSITE] Looking up: Bowie Golf Club
[23:46:32]     Website: https://www.golfbowie.com
[23:46:35]   [WEBSITE] Looking up: Blue Heron Golf Course
[23:46:39]     Website: https://blueherongolf.org
[23:46:43]   [WEBSITE] Looking up: Compass Pointe Golf Course
[23:46:46]     Website: https://www.compasspointegolf.com
[23:46:49]   [WEBSITE] Looking up: Severna Park Golf Center
[23:46:53]     Website: https://www.severnaparkgolf.com
[23:46:56]   [WEBSITE] Looking up: Golfdom
[23:46:59]     Website: https://stores.worldwidegolfshops.com
[23:47:03]   [WEBSITE] Looking up: Country Club At Woodmore
[23:47:06]     Website: https://www.ccwoodmore.com
[23:47:09]   [WEBSITE] Looking up: Lake Presidential Golf Club
[23:47:13]     Website: https://www.lakepresidentialgolf.com
[23:47:17]   [WEBSITE] Looking up: Enterprise Golf Course
[23:47:20]     Website: https://www.pgparks.com
[23:47:23]   [WEBSITE] Looking up: Heritage Harbour Community Lodge
[23:47:27]     Website: https://www.heritageharbour.org
[23:47:30]   [WEBSITE] Looking up: GOLFTEC Annapolis
[23:47:33]     Website: https://golftec.com
[23:47:36]   [WEBSITE] Looking up: Heritage Harbour Country Club
[23:47:39]     Website: https://www.golfpass.com
[23:47:50] 
[23:47:50] === Taste Query [2/15]: country club Roland Park Baltimore MD ===
[23:47:56]   Scrolling search results...
[23:48:04]   Extracting results...
[23:48:04]   No results found
[23:48:08] 
[23:48:08] === Taste Query [3/15]: winery Georgetown DC ===
[23:48:13]   Scrolling search results...
[23:48:19]   Extracting results...
[23:48:19]   Found 61 results
[23:51:28]   Added 43 new venues from query
[23:51:28]   [WEBSITE] Looking up: District Winery
[23:51:31]     Website: https://www.districtwinery.com
[23:51:35]   [WEBSITE] Looking up: Little Blackbird
[23:51:38]     Website: https://www.littleblackbirddc.com
[23:51:42]   [WEBSITE] Looking up: Potomac Wines & Spirits
[23:51:45]     Website: https://potomacwines.com
[23:51:48]   [WEBSITE] Looking up: Negus Winery
[23:51:52]     Website: https://neguswines.com
[23:51:55]   [WEBSITE] Looking up: Rocklands Farm Winery
[23:51:59]     Website: https://www.rocklandsfarmmd.com
[23:52:02]   [WEBSITE] Looking up: Wide World of Wines
[23:52:05]     Website: https://www.wideworldofwines.com
[23:52:09]   [WEBSITE] Looking up: Vino Virginia Wine Tours
[23:52:12]     Website: https://vinovirginia.net
[23:52:16]   [WEBSITE] Looking up: St. Vincent Wine
[23:52:19]     Website: https://www.stvincentwine.com
[23:52:22]   [WEBSITE] Looking up: Vin Sur Vingt Wine Bar - DC
[23:52:25]     Website: https://www.vsvwinebars.com
[23:52:29]   [WEBSITE] Looking up: Cork Cleveland Park
[23:52:32]     Website: https://www.corkdc.com
[23:52:35]   [WEBSITE] Looking up: vineyard vines
[23:52:38]     Website: https://www.vineyardvines.com
[23:52:41]   [WEBSITE] Looking up: Grand Cata
[23:52:45]     Website: https://www.grandcata.com
[23:52:50]   [WEBSITE] Looking up: Hop, Cask & Barrel
[23:52:54]     Website: https://hopcaskandbarrel.com
[23:52:57]   [WEBSITE] Looking up: Hipstoricdc DC Winery Tours
[23:53:00]     Website: https://www.hipstoricdc.com
[23:53:04]   [WEBSITE] Looking up: Maxwell Park
[23:53:08]     Website: https://www.maxwellparkdc.com
[23:53:10]   [WEBSITE] Looking up: The Winery at Bull Run
[23:53:14]     Website: https://wineryatbullrun.com
[23:53:17]   [WEBSITE] Looking up: Filomena Ristorante
[23:53:20]     Website: https://www.filomena.com
[23:53:23]   [WEBSITE] Looking up: établi
[23:53:27]     Website: https://www.etablidc.com
[23:53:30]   [WEBSITE] Looking up: Lulu’s Wine Garden
[23:53:33]     Website: https://www.luluswinegarden.com
[23:53:37]   [WEBSITE] Looking up: Verified Spirits & Fine Wines
[23:53:41]     Website: https://verifiedwines.com
[23:53:44]   [WEBSITE] Looking up: Fiola Mare
[23:53:47]     Website: https://www.fiolamaredc.com
[23:53:50]   [WEBSITE] Looking up: Domestique Wine
[23:53:53]     Website: https://domestiquewine.com
[23:53:56]   [WEBSITE] Looking up: Imperial Wine And Spirits
[23:53:59]     Website: https://dcimperial.com
[23:54:04]   [WEBSITE] Looking up: Towne Wine &Liquor
[23:54:07]     Website: https://townewineliquor.com
[23:54:15]   [WEBSITE] Looking up: Calvert Woodley Fine Wines & Spirits
[23:54:18]     Website: https://calvertwoodley.com
[23:54:22]   [WEBSITE] Looking up: il Canale
[23:54:25]     Website: https://ilcanale.com
[23:54:28]   [WEBSITE] Looking up: The Eastern
[23:54:31]     Website: https://easternwinebar.com
[23:54:35]   [WEBSITE] Looking up: UOVO Wine Storage — Northeast DC
[23:54:38]     Website: https://uovo.com
[23:54:41]   [WEBSITE] Looking up: Sonoma Cellar
[23:54:45]     Website: https://www.mysonomacellar.com
[23:54:49]   [WEBSITE] Looking up: Easy Company
[23:54:52]     Website: https://www.easycowharf.com
[23:54:55]   [WEBSITE] Looking up: Georgetown Square Wine and Beer
[23:54:58]     Website: https://www.bethesdawine.com
[23:55:01]   [WEBSITE] Looking up: Cairo Wine & Liquor
[23:55:05]     Website: https://www.dcwineguy.com
[23:55:09]   [WEBSITE] Looking up: Wine Key Experience
[23:55:12]     Website: https://www.winekeyexperience.com
[23:55:15]   [WEBSITE] Looking up: Virginia & Washington DC Winery Tours
[23:55:18]     Website: https://www.spirited-tours.com
[23:55:23]   [WEBSITE] Looking up: DCANTER - Capitol Hill, DC
[23:55:26]     Website: https://www.dcanterwines.com
[23:55:29]   [WEBSITE] Looking up: Capital Wine School
[23:55:32]     Website: https://capitalwineschool.com
[23:55:36]   [WEBSITE] Looking up: Watergate Vintners & Spirits
[23:55:39]     Website: https://watergatespirits.com
[23:55:44]   [WEBSITE] Looking up: 1789 Restaurant
[23:55:47]     Website: https://www.1789restaurant.com
[23:55:51]   [WEBSITE] Looking up: UOVO Wine Storage — Northwest DC
[23:55:54]     Website: https://uovo.com
[23:55:58]   [WEBSITE] Looking up: DC Wine & Spirits
[23:56:01]     Website: https://www.dcwineandspirits.com
[23:56:04]   [WEBSITE] Looking up: Arcay Chocolates
[23:56:07]     Website: https://arcaychocolates.com
[23:56:11]   [WEBSITE] Looking up: Metro Wine & Spirits
[23:56:14]     Website: https://www.metrowinedc.com
[23:56:17]   [WEBSITE] Looking up: Sip City DC Spirits and Wine
[23:56:20]     Website: https://dcsipcity.com
[23:56:32] 
[23:56:32] === Taste Query [4/15]: winery Dupont Circle DC ===
[23:56:38]   Scrolling search results...
[23:56:46]   Extracting results...
[23:56:46]   Found 61 results
[23:59:29]   Added 26 new venues from query
[23:59:29]   [WEBSITE] Looking up: Cork Wine Bar and Market
[23:59:33]     Website: https://www.corkdc.com
[23:59:37]   [WEBSITE] Looking up: Nido Wine Shop + Market
[23:59:40]     Website: https://www.nidodc.com
[23:59:43]   [WEBSITE] Looking up: Nero
[23:59:46]     Website: https://www.nerowashdc.com
[23:59:50]   [WEBSITE] Looking up: Connecticut Ave Wine & Liquor
[23:59:53]     Website: https://www.dupontwine.com
[23:59:56]   [WEBSITE] Looking up: Gemini — Wine Shop + Dinner
[23:59:59]     Website: https://www.happygeminidc.com
[00:00:03]   [WEBSITE] Looking up: Cork & Fork Fine Wine Merchants
[00:00:06]     Website: https://corkandfork.co
[00:00:10]   [WEBSITE] Looking up: 1 West Dupont Circle Wines & Liquors
[00:00:13]     Website: https://pstreetwines.com
[00:00:16]   [WEBSITE] Looking up: Exotic Wine and Spirits
[00:00:20]     Website: https://exoticwinespirits.com
[00:00:24]   [WEBSITE] Looking up: Era Wine Bar
[00:00:27]     Website: https://www.erawinebar.com
[00:00:30]   [WEBSITE] Looking up: Georgian Wine
[00:00:33]     Website: https://www.georgianwinehouse.com
[00:00:37]   [WEBSITE] Looking up: The Wine Concierge
[00:00:41]     Website: https://thewineconcierge.co
[00:00:44]   [WEBSITE] Looking up: The Dabney Cellar
[00:00:47]     Website: https://www.thedabneycellar.com
[00:00:51]   [WEBSITE] Looking up: Kramers
[00:00:54]     Website: https://www.kramers.com
[00:00:58]   [WEBSITE] Looking up: Barkada Wine and Cocktail Bar
[00:01:01]     Website: https://www.barkadawinebar.com
[00:01:04]   [WEBSITE] Looking up: ala
[00:01:08]     Website: https://www.ala-dc.com
[00:01:10]   [WEBSITE] Looking up: Sherry's Wine & Spirits
[00:01:14]     Website: https://sherryswine.com
[00:01:17]   [WEBSITE] Looking up: Cleveland Park Fine Wines & Spirits
[00:01:20]     Website: https://clevelandparkwines.us
[00:01:23]   [WEBSITE] Looking up: Spirits & Spice Washington D.C
[00:01:26]     Website: https://spiritsandspice.com
[00:01:30]   [WEBSITE] Looking up: Lady Bird, THE Roof Top Event Space
[00:01:33]     Website: https://www.ladybirddc.com
[00:01:36]   [WEBSITE] Looking up: Wine & Butter Cafe & Market
[00:01:39]     Website: http://www.wineandbutterdc.com
[00:01:42]   [WEBSITE] Looking up: Rosemarino D'Italia I Dupont Circle
[00:01:45]     Website: https://www.rosemarinoditalia.com
[00:01:49]   [WEBSITE] Looking up: S&R Wine and Liquor
[00:01:52]     Website: https://srliquors.com
[00:01:55]   [WEBSITE] Looking up: Boogy & Peel
[00:01:58]     Website: https://boogyandpeel.com
[00:02:01]   [WEBSITE] Looking up: Reveler's Hour
[00:02:05]     Website: https://www.revelershour.com
[00:02:09]   [WEBSITE] Looking up: Irving Wine and Spirits
[00:02:12]     Website: https://www.irvingwineandspirits.com
[00:02:15]   [WEBSITE] Looking up: Uncorked Wine & Spirits
[00:02:18]     Website: https://uncorkeddc.com
[00:02:26] 
[00:02:27] === Taste Query [5/15]: winery Potomac MD ===
[00:02:33]   Scrolling search results...
[00:02:41]   Extracting results...
[00:02:42]   Found 48 results
[00:04:52]   Added 25 new venues from query
[00:04:52]   [WEBSITE] Looking up: Windridge Vineyards
[00:04:55]     Website: https://www.windridge.wine
[00:04:59]   [WEBSITE] Looking up: Thanksgiving Farm Winery
[00:05:02]     Website: https://www.thanksgivingfarm.com
[00:05:06]   [WEBSITE] Looking up: Penn Oaks Winery
[00:05:09]     Website: https://pennoakswinery.com
[00:05:12]   [WEBSITE] Looking up: Robin Hill Farm and Vineyards
[00:05:16]     Website: https://www.robinhillfarmandvineyards.com
[00:05:19]   [WEBSITE] Looking up: Boyd Cru Wines
[00:05:23]     Website: https://www.boydcruwines.com
[00:05:27]   [WEBSITE] Looking up: Potomac Point Winery & Vineyard
[00:05:30]     Website: https://www.potomacpointwinery.com
[00:05:33]   [WEBSITE] Looking up: New Market Plains Vineyards
[00:05:37]     Website: https://www.newmarketplains.com
[00:05:40]   [WEBSITE] Looking up: Janemark Winery & Vineyard
[00:05:43]     Website: https://janemarkwinery.com
[00:05:48]   [WEBSITE] Looking up: Old Westminster Winery
[00:05:51]     Website: https://www.oldwestminster.com
[00:05:55]   [WEBSITE] Looking up: Mazzaroth Vineyard
[00:05:58]     Website: https://mazzaroth.squarespace.com
[00:06:04]   [WEBSITE] Looking up: Xella Winery and Vineyard
[00:06:07]     Website: http://www.xellawine.com
[00:06:10]   [WEBSITE] Looking up: Big Cork Vineyards
[00:06:13]     Website: https://www.bigcorkvineyards.com
[00:06:17]   [WEBSITE] Looking up: Dove Valley Vineyard
[00:06:20]     Website: https://www.dovevalleywine.com
[00:06:32]   [WEBSITE] Looking up: Wheaton Winery
[00:06:36]     Website: https://www.wheatonmd.org
[00:06:39]   [WEBSITE] Looking up: McLean Wine Outlet
[00:06:42]     Website: https://thewineoutlets.com
[00:06:46]   [WEBSITE] Looking up: Catoctin Breeze Vineyard
[00:06:49]     Website: https://www.catoctinbreeze.com
[00:06:53]   [WEBSITE] Looking up: Pasadena Market Wine & Spirits
[00:06:56]     Website: https://www.pasadena-ws.com
[00:07:00]   [WEBSITE] Looking up: MoCo's Founding Farmers
[00:07:03]     Website: https://www.wearefoundingfarmers.com
[00:07:07]   [WEBSITE] Looking up: Wine Junction Shop and Bar
[00:07:11]     Website: https://winejunction.net
[00:07:15]   [WEBSITE] Looking up: Magothy Wine & Spirits
[00:07:19]     Website: https://magothywine.com
[00:07:22]   [WEBSITE] Looking up: Montgomery County Oak Barrel & Vine
[00:07:25]     Website: https://pikedistrict.org
[00:07:29]   [WEBSITE] Looking up: Downtown Crown Wine and Beer
[00:07:33]     Website: https://www.downtowncrownwine.com
[00:07:36]   [WEBSITE] Looking up: Westlake Wine & Beer
[00:07:40]     Website: https://www.gotoliquorstore.com
[00:07:44]   [WEBSITE] Looking up: Total Wine & More
[00:07:47]     Website: https://www.totalwine.com
[00:07:51]   [WEBSITE] Looking up: Potomac Beer & Wine
[00:07:55]     Website: https://potomacwines.com
[00:08:05] 
[00:08:05] === Taste Query [6/15]: winery Bethesda MD ===
[00:08:10]   Scrolling search results...
[00:08:17]   Extracting results...
[00:08:17]   Found 64 results
[00:11:11]   Added 17 new venues from query
[00:11:11]   [WEBSITE] Looking up: Tin Lizzie Wineworks
[00:11:14]     Website: https://tinlizziewineworks.com
[00:11:17]   [WEBSITE] Looking up: Willowcroft Farm Vineyards
[00:11:21]     Website: https://willowcroftwine.com
[00:11:24]   [WEBSITE] Looking up: Harford Vineyard & Winery
[00:11:27]     Website: https://www.harfordvineyard.com
[00:11:30]   [WEBSITE] Looking up: Paradise Springs Winery
[00:11:34]     Website: https://paradisespringswinery.com
[00:11:38]   [WEBSITE] Looking up: The Organic Butcher of Bethesda
[00:11:41]     Website: https://www.theorganicbutcher.com
[00:11:44]   [WEBSITE] Looking up: Montgomery Farm Women's Cooperative Market
[00:11:47]     Website: https://marylandsbest.maryland.gov
[00:11:51]   [WEBSITE] Looking up: District Winery
[00:11:55]     Website: https://www.districtwinery.com
[00:11:58]   [WEBSITE] Looking up: Red Shedman Farm Brewery and Hop Yard
[00:12:02]     Website: https://www.visitfrederick.org
[00:12:05]   [WEBSITE] Looking up: ala | Bethesda
[00:12:08]     Website: https://www.ala-dc.com
[00:12:12]   [WEBSITE] Looking up: Butchers Alley
[00:12:15]     Website: https://www.butchersalley.com
[00:12:20]   [WEBSITE] Looking up: Bethesda Beer & Wine
[00:12:24]     Website: https://capitalbeerwine.com
[00:12:27]   [WEBSITE] Looking up: Medium Rare
[00:12:30]     Website: https://www.mediumrarerestaurant.com
[00:12:34]   [WEBSITE] Looking up: Woodmont Market
[00:12:37]     Website: https://www.atly.com
[00:12:40]   [WEBSITE] Looking up: Vace Italian Delicatessen
[00:12:43]     Website: https://vaceitaliandeli.com
[00:12:47]   [WEBSITE] Looking up: Lilit Cafe | Beer & Wine Store
[00:12:50]     Website: https://www.lilitcafe.com
[00:12:53]   [WEBSITE] Looking up: Grape Escape Kentlands
[00:12:56]     Website: https://linktr.ee
[00:12:59]   [WEBSITE] Looking up: Grand Cata
[00:13:03]     Website: https://www.grandcata.com
[00:13:15] 
[00:13:16] === Taste Query [7/15]: winery Chevy Chase MD ===
[00:13:22]   Scrolling search results...
[00:13:30]   Extracting results...
[00:13:30]   Found 51 results
[00:15:54]   Added 14 new venues from query
[00:15:54]   [WEBSITE] Looking up: EuroAlcoUS
[00:15:57]     Website: https://www.euroalcous.com
[00:16:01]   [WEBSITE] Looking up: Craft Beer & Wine
[00:16:04]     Website: https://fenwickbeerandwine.com
[00:16:08]   [WEBSITE] Looking up: Beer Wine and Co.
[00:16:11]     Website: https://beerwineandco.company.site
[00:16:14]   [WEBSITE] Looking up: Clyopatra Winery & Vineyard
[00:16:18]     Website: https://clyopatrawineryvineyard.com
[00:16:22]   [WEBSITE] Looking up: Magruder's
[00:16:25]     Website: https://progressivegrocer.com
[00:16:29]   [WEBSITE] Looking up: Chevy Chase Wine & Spirits
[00:16:32]     Website: https://chevychasewine.com
[00:16:35]   [WEBSITE] Looking up: Verified Spirits & Fine Wines
[00:16:39]     Website: https://verifiedwines.com
[00:16:42]   [WEBSITE] Looking up: Boordy Vineyards Inc
[00:16:45]     Website: https://boordy.com
[00:16:49]   [WEBSITE] Looking up: Friendship Beer and Wine Deli
[00:16:52]     Website: https://www.friendshipwine.com
[00:16:56]   [WEBSITE] Looking up: Calvert Woodley Fine Wines & Spirits
[00:16:59]     Website: https://calvertwoodley.com
[00:17:02]   [WEBSITE] Looking up: HOP N GRAPE
[00:17:06]     Website: https://www.hop-and-grape.com
[00:17:10]   [WEBSITE] Looking up: Sheffield Wine & Liquor Shoppe
[00:17:13]     Website: https://local.yahoo.com
[00:17:17]   [WEBSITE] Looking up: Dok Khao Thai Chevy Chase
[00:17:20]     Website: https://dokkhao.com
[00:17:23]   [WEBSITE] Looking up: Sushiko
[00:17:26]     Website: https://www.sushikorestaurants.com
[00:17:38] 
[00:17:38] === Taste Query [8/15]: winery Great Falls VA ===
[00:17:45]   Scrolling search results...
[00:17:53]   Extracting results...
[00:17:53]   Found 7 results
[00:18:15]   Added 5 new venues from query
[00:18:15]   [WEBSITE] Looking up: Rocklands Farm Winery
[00:18:18]     Website: https://www.rocklandsfarmmd.com
[00:18:21]   [WEBSITE] Looking up: Old Farm Winery at Hartland
[00:18:24]     Website: https://oldfarmwineryhartland.com
[00:18:29]   [WEBSITE] Looking up: Paradise Springs Winery
[00:18:32]     Website: https://paradisespringswinery.com
[00:18:35]   [WEBSITE] Looking up: Negus Winery
[00:18:38]     Website: https://neguswines.com
[00:18:41]   [WEBSITE] Looking up: The Winery at Bull Run
[00:18:45]     Website: https://wineryatbullrun.com
[00:18:54] 
[00:18:54] === Taste Query [9/15]: winery McLean VA ===
[00:19:01]   Scrolling search results...
[00:19:08]   Extracting results...
[00:19:08]   Found 7 results
[00:19:30]   Added 3 new venues from query
[00:19:30]   [WEBSITE] Looking up: McLean Wine Outlet
[00:19:33]     Website: https://thewineoutlets.com
[00:19:36]   [WEBSITE] Looking up: Wine Junction Shop and Bar
[00:19:39]     Website: https://winejunction.net
[00:19:44]   [WEBSITE] Looking up: Chain Bridge Cellars
[00:19:47]     Website: https://www.cbcwine.com
[00:19:56] 
[00:19:56] === Taste Query [10/15]: winery Alexandria VA ===
[00:20:04]   Scrolling search results...
[00:20:10]   Extracting results...
[00:20:10]   Found 7 results
[00:20:28]   Added 3 new venues from query
[00:20:28]   [WEBSITE] Looking up: Vino Virginia Wine Tours
[00:20:31]     Website: https://vinovirginia.net
[00:20:34]   [WEBSITE] Looking up: District Winery
[00:20:37]     Website: https://www.districtwinery.com
[00:20:41]   [WEBSITE] Looking up: DCANTER - Old Town Alexandria, VA
[00:20:44]     Website: https://www.dcanterwines.com
[00:20:54] 
[00:20:54] === Taste Query [11/15]: winery Reston VA ===
[00:21:01]   Scrolling search results...
[00:21:10]   Extracting results...
[00:21:10]   Found 5 results
[00:21:22]   Added 3 new venues from query
[00:21:22]   [WEBSITE] Looking up: Cooper’s Hawk Winery & Restaurant
[00:21:25]     Website: https://chwinery.com
[00:21:28]   [WEBSITE] Looking up: Sixty Vines Reston
[00:21:32]     Website: https://www.sixtyvines.com
[00:21:35]   [WEBSITE] Looking up: The Wine Cabinet
[00:21:38]     Website: https://www.thewinecabinet.com
[00:21:46] 
[00:21:46] === Taste Query [12/15]: winery Middleburg VA ===
[00:21:55]   Scrolling search results...
[00:22:03]   Extracting results...
[00:22:03]   Found 7 results
[00:22:22]   Added 1 new venues from query
[00:22:22]   [WEBSITE] Looking up: Chrysalis Vineyards at The Ag District
[00:22:25]     Website: https://www.chrysaliswine.com
[00:22:35] 
[00:22:35] === Taste Query [13/15]: winery Leesburg VA ===
[00:22:42]   Scrolling search results...
[00:22:50]   Extracting results...
[00:22:50]   Found 7 results
[00:23:09]   Added 4 new venues from query
[00:23:09]   [WEBSITE] Looking up: Casanel Vineyards & Winery
[00:23:13]     Website: https://www.casanelvineyards.com
[00:23:17]   [WEBSITE] Looking up: Willowcroft Farm Vineyards
[00:23:20]     Website: https://willowcroftwine.com
[00:23:24]   [WEBSITE] Looking up: Hidden Brook Winery
[00:23:27]     Website: http://www.hiddenbrookwinery.com
[00:23:31]   [WEBSITE] Looking up: Fleetwood Farm Winery
[00:23:34]     Website: https://fleetwoodfarmwinery.com
[00:23:42] 
[00:23:42] === Taste Query [14/15]: winery St. Michaels MD ===
[00:23:49]   Scrolling search results...
[00:23:57]   Extracting results...
[00:23:57]   No results found
[00:24:02] 
[00:24:02] === Taste Query [15/15]: winery Easton MD ===
[00:24:10]   Scrolling search results...
[00:24:17]   Extracting results...
[00:24:17]   No results found
[00:24:21]   MAX_QUERIES=15 reached — stopping.
[00:24:21] Calculating distances for new venues...
[00:25:12]   Distances calculated: 0
[00:25:12] 
[00:25:12] === Taste Discovery Complete ===
[00:25:12]   Queries run: 15
[00:25:12]   Venues added: 159
[00:25:12]   Queries remaining: 406

[14:50:22] === Venue Discovery Started ===
[14:50:22] Fetching past gigs...
[14:50:25] Found 70 past gigs
[14:50:25] Fetching existing venues for dedup...
[14:50:28] Existing venues: 2259
[14:50:28]   SKIP (already discovered): L'Auberge Chez Francois
[14:50:28]   SKIP (already discovered): The Inn at Perry Cabin
[14:50:28]   SKIP (already discovered): The Maryland Club
[14:50:28]   SKIP (already discovered): Black Ankle Vineyards
[14:50:28]   SKIP (already discovered): Royal Restaurant
[14:50:28]   SKIP (already discovered): Good Spirit Farm Winery
[14:50:28]   SKIP (already discovered): Chesapeake Manor Vineyard
[14:50:28]   SKIP (already discovered): Elkridge Furnace Inn
[14:50:28]   SKIP (already discovered): Xella Winery and Vineyard
[14:50:28]   SKIP (already discovered): Twin Oaks Tavern Winery
[14:50:28]   SKIP (already discovered): Windridge Vineyards
[14:50:28]   SKIP (already discovered): University Club
[14:50:28]   SKIP (already discovered): The Farmhouse Tuscan
[14:50:28]   SKIP (already discovered): Big Cork Vineyards
[14:50:28]   SKIP (already discovered): Savage Mill Mall
[14:50:28]   SKIP (already discovered): Trueman Vineyards
[14:50:28]   SKIP (already discovered): Williams Gap Vineyard
[14:50:28]   SKIP (already discovered): Hello Betty Bethesda
[14:50:28]   SKIP (already discovered): The Madison Hotel
[14:50:28]   SKIP (already discovered): Belle Haven Country Club
[14:50:28]   SKIP (already discovered): Casanel Vineyards & Winery
[14:50:28]   SKIP (already discovered): Chrysalis Vineyards at The Ag District
[14:50:28]   SKIP (already discovered): Corteau Winery
[14:50:28]   SKIP (already discovered): Penn Oaks Winery
[14:50:28]   SKIP (already discovered): Pizza Pomodoro
[14:50:28]   SKIP (already discovered): Hidden Brook Winery
[14:50:28]   SKIP (already discovered): Simple Theory Wine Co
[14:50:28]   SKIP (already discovered): Brightview Perry Hall
[14:50:28]   SKIP (already discovered): Lake Anne Coffee House & Wine Bar
[14:50:28]   SKIP (already discovered): Gaylord National Harbor
[14:50:28]   SKIP (already discovered): Woodberry Kitchen
[14:50:28]   SKIP (already discovered): Great Sage
[14:50:28]   SKIP (already discovered): Cosmos Club DC
[14:50:28]   SKIP (already discovered): Doukénie Winery
[14:50:28]   SKIP (already discovered): State Plaza Hotel DC
[14:50:28]   SKIP (already discovered): Hyatt Cambridge
[14:50:28]   SKIP (already discovered): Greenhill Vineyards
[14:50:28]   SKIP (already discovered): Loudoun Golf & Country Club
[14:50:28]   SKIP (already discovered): Creek's Edge Winery
[14:50:28]   SKIP (already discovered): The Milton Inn
[14:50:28]   SKIP (already discovered): Country Club of Fairfax
[14:50:28]   SKIP (already discovered): Century Club Hagerstown
[14:50:28]   SKIP (already discovered): Rock Spring Farm
[14:50:28]   SKIP (already discovered): Janemark Winery & Vineyard
[14:50:28]   SKIP (already discovered): Alma Cocina Latina
[14:50:28]   SKIP (already discovered): Omni Shoreham Hotel
[14:50:28]   SKIP (already discovered): Knoxie's Table
[14:50:28]   SKIP (already discovered): 1757 Golf Club
[14:50:28]   SKIP (already discovered): Holly Hills Country Club
[14:50:28]   SKIP (already discovered): Conrad Washington DC
[14:50:28]   SKIP (already discovered): Pirouette Restaurant & Wine Shop
[14:50:28]   SKIP (already discovered): Le Méridien Arlington
[14:50:28]   SKIP (already discovered): Dulles Town Center
[14:50:28]   SKIP (already discovered): Hidden Hills Farm and Vineyard
[14:50:28]   SKIP (already discovered): Maritime Museum St Michaels
[14:50:28]   SKIP (already discovered): Chartwell Golf & Country Club
[14:50:28]   SKIP (already discovered): Ruse
[14:50:28]   SKIP (already discovered): InGrano Bistro Bakery
[14:50:28]   SKIP (already discovered): Kent Manor Inn
[14:50:28]   SKIP (already discovered): Army Navy Country Club
[14:50:28]   SKIP (already discovered): River Bend Country Club
[14:50:28]   SKIP (already discovered): City Tavern DC
[14:50:28]   SKIP (already discovered): Baltimore Country Club
[14:50:28]   SKIP (already discovered): Vino and Pasta
[14:50:28]   SKIP (already discovered): 50 West Vineyards
[14:50:28]   SKIP (already discovered): The Galley Restaurant & Bar
[14:50:28]   SKIP (already discovered): Wylder Hotel Tilghman Island
[14:50:28]   SKIP (already discovered): Bistrot Lepic
[14:50:28]   SKIP (already discovered): Sunset Hills Winery
[14:50:28]   SKIP (already discovered): The Oaks Waterfront Hotel
[14:50:28] Cleaning up discovered_gigs.txt...
[14:51:47] 
[14:51:47] === Discovery Complete — Total new venues: 0 ===

[14:51:52] === Taste Discovery Mode Started ===
[14:51:52] MAX_QUERIES=15
[14:51:52] Fetching existing venues + past gigs for dedup...
[14:51:59] Existing venues + past gigs: 0
[14:51:59] Generating search queries from taste profile...
[14:51:59] Generated 406 queries (15 will run this session)
[14:51:59] 
[14:51:59] === Taste Query [1/15]: winery Annapolis MD ===
[14:52:04]   Scrolling search results...
[14:52:10]   Extracting results...
[14:52:10]   No results found
[14:52:13] 
[14:52:13] === Taste Query [2/15]: winery Roland Park Baltimore MD ===
[14:52:18]   Scrolling search results...
[14:52:25]   Extracting results...
[14:52:25]   Found 52 results
[14:54:20]   Added 14 new venues from query
[14:54:20]   [WEBSITE] Looking up: Charm City Meadworks @ Peabody Heights Brewery
[14:54:24]     Website: https://charmcitymeadworks.com
[14:54:27]   [WEBSITE] Looking up: Noir Sunshine Winery
[14:54:30]     Website: https://www.noirsunshinewine.com
[14:54:34]   [WEBSITE] Looking up: DeJon Vineyard
[14:54:37]     Website: https://dejonvineyard.com
[14:54:40]   [WEBSITE] Looking up: Rawlings Conservatory
[14:54:44]     Website: https://rawlingsconservatory.org
[14:54:47]   [WEBSITE] Looking up: Bull House Winery
[14:54:50]     Website: https://www.bullhousewinery.com
[14:54:54]   [WEBSITE] Looking up: Cylburn Arboretum
[14:54:57]     Website: https://cylburn.org
[14:55:01]   [WEBSITE] Looking up: North Charles Fine Wines
[14:55:04]     Website: https://www.tfewines.com
[14:55:08]   [WEBSITE] Looking up: Charm City Wine School
[14:55:11]     Website: https://www.charmcitywineschool.com
[14:55:14]   [WEBSITE] Looking up: Union Craft Brewing
[14:55:18]     Website: https://www.unioncraftbrewing.com
[14:55:21]   [WEBSITE] Looking up: BSC Cocktail Gallery
[14:55:24]     Website: https://baltimorespiritsco.com
[14:55:28]   [WEBSITE] Looking up: ZaVino Italian Marketplace
[14:55:31]     Website: https://www.zavinomarketplace.com
[14:55:35]   [WEBSITE] Looking up: Waverly Brewing Company
[14:55:38]     Website: https://waverlybrewing.com
[14:55:41]   [WEBSITE] Looking up: The Wine Collective
[14:55:45]     Website: https://winecollective.vin
[14:55:48]   [WEBSITE] Looking up: Broken Spoke Vineyard & Winery
[14:55:51]     Website: https://www.brokenspokewinery.com
[14:56:03] 
[14:56:03] === Taste Query [3/15]: yacht club Georgetown DC ===
[14:56:09]   Scrolling search results...
[14:56:17]   Extracting results...
[14:56:17]   Found 44 results
[14:58:12]   Added 37 new venues from query
[14:58:12]   [WEBSITE] Looking up: Port of Washington Yacht Club
[14:58:15]     Website: https://www.powyc.org
[14:58:19]   [WEBSITE] Looking up: Washington Yacht Club
[14:58:22]     Website: https://historicsites.dcpreservation.org
[14:58:25]   [WEBSITE] Looking up: District Yacht Club Inc
[14:58:28]     Website: https://districtyachtclub.org
[14:58:31]   [WEBSITE] Looking up: Have Yachts Club
[14:58:35]     Website: https://haveyachtsclub.com
[14:58:38]   [WEBSITE] Looking up: Georgetown Yacht Club
[14:58:42]     Website: https://www.georgetownclub.org
[14:58:45]   [WEBSITE] Looking up: Oasis Boat Club
[14:58:49]     Website: https://member.theoasisboatclub.com
[14:58:52]   [WEBSITE] Looking up: Potomac Tiki Club
[14:58:55]     Website: https://seasuitecruises.com
[14:58:59]   [WEBSITE] Looking up: Washington Sailing Marina
[14:59:02]     Website: https://capital.adventuresunbound.com
[14:59:06]   [WEBSITE] Looking up: Carefree Boat Club at The Wharf
[14:59:09]     Website: https://carefreeboats.com
[14:59:12]   [WEBSITE] Looking up: Pentagon Sailing Club
[14:59:16]     Website: https://pentagonsailing.org
[14:59:20]   [WEBSITE] Looking up: Freedom Boat Club - Washington, DC (@ Washington Marina)
[14:59:23]     Website: https://www.freedomboatclub.com
[14:59:27]   [WEBSITE] Looking up: Eastern Power Boat Club
[14:59:30]     Website: https://easternpowerboatclub.com
[14:59:34]   [WEBSITE] Looking up: Freedom Boat Club - Washington, DC (@ Yards Marina)
[14:59:37]     Website: https://www.freedomboatclub.com
[14:59:40]   [WEBSITE] Looking up: The Yards Marina
[14:59:43]     Website: https://www.yardsmarina.com
[14:59:47]   [WEBSITE] Looking up: Daingerfield Island Sailing Club
[14:59:50]     Website: https://discsailing.org
[14:59:53]   [WEBSITE] Looking up: Georgetown Yacht Haven
[14:59:56]     Website: https://gyhaven.com
[15:00:00]   [WEBSITE] Looking up: Potomac Paddle Club - Navy Yard
[15:00:03]     Website: https://seasuitecruises.com
[15:00:06]   [WEBSITE] Looking up: Washington Canoe Club
[15:00:10]     Website: https://www.washingtoncanoeclub.org
[15:00:13]   [WEBSITE] Looking up: Nautiste
[15:00:16]     Website: https://www.nautiste.com
[15:00:19]   [WEBSITE] Looking up: Thompson Boat Center (TBC)
[15:00:23]     Website: https://capital.adventuresunbound.com
[15:00:26]   [WEBSITE] Looking up: Anacostia Community Boathouse
[15:00:29]     Website: https://www.anacostiaboathouse.org
[15:00:33]   [WEBSITE] Looking up: DC Dragon Boat Club
[15:00:36]     Website: https://dcdragonboat.org
[15:00:39]   [WEBSITE] Looking up: NAUTI BUOY YACHT CLUB
[15:00:42]     Website: https://nbyachtclub.com
[15:00:46]   [WEBSITE] Looking up: Adventures Unbound
[15:00:50]     Website: https://capital.adventuresunbound.com
[15:00:54]   [WEBSITE] Looking up: 007 Sailing
[15:00:57]     Website: https://www.fox5dc.com
[15:01:00]   [WEBSITE] Looking up: YACHTSY
[15:01:04]     Website: https://bookyachtsy.com
[15:01:07]   [WEBSITE] Looking up: The Wharf Marina
[15:01:11]     Website: https://www.wharfdcmarina.com
[15:01:18]   [WEBSITE] Looking up: Adventures Unbound
[15:01:21]     Website: https://capital.adventuresunbound.com
[15:01:25]   [WEBSITE] Looking up: Carefree Boat Club at National Harbor
[15:01:28]     Website: https://carefreeboats.com
[15:01:31]   [WEBSITE] Looking up: DC Sail
[15:01:35]     Website: https://www.dcsail.org
[15:01:38]   [WEBSITE] Looking up: Waterfront Lux Charters - Yacht rentals in DC
[15:01:41]     Website: https://waterfrontluxcharters.com
[15:01:45]   [WEBSITE] Looking up: Reflections DC
[15:01:49]     Website: https://www.reflectionsdc.com
[15:01:52]   [WEBSITE] Looking up: Party Boat DC /Capital Riverboats
[15:01:55]     Website: https://partyboatdc.com
[15:01:58]   [WEBSITE] Looking up: National Harbor Marina
[15:02:02]     Website: https://nationalharbormarinadc.com
[15:02:06]   [WEBSITE] Looking up: Potomac Paddle Club - The Wharf
[15:02:09]     Website: https://seasuitecruises.com
[15:02:13]   [WEBSITE] Looking up: Dc Boating House
[15:02:16]     Website: https://capital.adventuresunbound.com
[15:02:19]   [WEBSITE] Looking up: CAPITAL YACHT MANAGEMENT
[15:02:23]     Website: https://www.capitalyachtclub.com
[15:02:33] 
[15:02:33] === Taste Query [4/15]: yacht club Dupont Circle DC ===
[15:02:38]   Scrolling search results...
[15:02:45]   Extracting results...
[15:02:45]   Found 30 results
[15:04:11]   Added 3 new venues from query
[15:04:11]   [WEBSITE] Looking up: Adventures Unbound
[15:04:14]     Website: https://capital.adventuresunbound.com
[15:04:17]   [WEBSITE] Looking up: Unity Boat Club
[15:04:21]     Website: https://unityboatclub.org
[15:04:24]   [WEBSITE] Looking up: TBC Racing
[15:04:27]     Website: https://tbcracing.org
[15:04:36] 
[15:04:36] === Taste Query [5/15]: yacht club Potomac MD ===
[15:04:42]   Scrolling search results...
[15:04:51]   Extracting results...
[15:04:51]   Found 59 results
[15:07:26]   Added 22 new venues from query
[15:07:26]   [WEBSITE] Looking up: West River Yacht Club
[15:07:29]     Website: https://www.westriveryachtclub.com
[15:07:33]   [WEBSITE] Looking up: North Point Yacht Club
[15:07:37]     Website: https://marinas.com
[15:07:41]   [WEBSITE] Looking up: Pleasant Yacht Club
[15:07:44]     Website: https://mypyc.org
[15:07:47]   [WEBSITE] Looking up: Annapolis Yacht Club Sailing Center
[15:07:51]     Website: https://www.annapolisyc.com
[15:07:54]   [WEBSITE] Looking up: Parklawn Sailing Association
[15:07:58]     Website: https://parklawnsailingassociation.org
[15:08:01]   [WEBSITE] Looking up: Corsica River Yacht Club
[15:08:04]     Website: https://cryc.org
[15:08:08]   [WEBSITE] Looking up: Rock Hall Yacht Club
[15:08:12]     Website: https://www.rockhallyachtclub.org
[15:08:15]   [WEBSITE] Looking up: Severna Park Boat Club
[15:08:18]     Website: https://severnaparkyachtbasin.com
[15:08:22]   [WEBSITE] Looking up: Annapolis Boat Club
[15:08:25]     Website: https://annapolisboatclub.com
[15:08:28]   [WEBSITE] Looking up: Choptank River Yacht Club
[15:08:31]     Website: https://carolinecryc.com
[15:08:35]   [WEBSITE] Looking up: Ferry Point Yacht Club
[15:08:38]     Website: https://www.atlanticmarinasmd.com
[15:08:41]   [WEBSITE] Looking up: Otter Point Yacht Club
[15:08:44]     Website: https://www.otterpointyachtclub.org
[15:08:48]   [WEBSITE] Looking up: CBYRA
[15:08:51]     Website: https://cbyra.org
[15:08:54]   [WEBSITE] Looking up: Bush River Yacht Club
[15:08:58]     Website: https://bushriveryc.org
[15:09:01]   [WEBSITE] Looking up: Cambridge Yacht Club Inc
[15:09:04]     Website: https://cambridgeyachtclub.com
[15:09:08]   [WEBSITE] Looking up: Fairfax Yacht Club
[15:09:11]     Website: https://fairfaxyachtclub.com
[15:09:14]   [WEBSITE] Looking up: Nauti Buoy Yacht Club Boat Rental
[15:09:17]     Website: https://nbyachtclub.com
[15:09:22]   [WEBSITE] Looking up: West River Yacht Harbour
[15:09:25]     Website: http://www.westriveryachtharbour.org
[15:09:28]   [WEBSITE] Looking up: Occoquan Yacht Club
[15:09:32]     Website: https://www.baltimoreyachtclub.org
[15:09:35]   [WEBSITE] Looking up: Fort Washington Marina
[15:09:38]     Website: https://www.nps.gov
[15:09:41]   [WEBSITE] Looking up: Herrington Harbour South
[15:09:45]     Website: https://www.herringtonharbour.com
[15:09:48]   [WEBSITE] Looking up: Corinthian Yacht Club
[15:09:51]     Website: https://cycchesapeake.com
[15:10:00] 
[15:10:00] === Taste Query [6/15]: yacht club Bethesda MD ===
[15:10:05]   Scrolling search results...
[15:10:12]   Extracting results...
[15:10:13]   Found 16 results
[15:10:51]   Added 4 new venues from query
[15:10:51]   [WEBSITE] Looking up: Baltimore Yacht Club
[15:10:55]     Website: https://www.baltimoreyachtclub.org
[15:10:58]   [WEBSITE] Looking up: Belvedere Yacht Club
[15:11:01]     Website: https://www.belvedereyachtclub.org
[15:11:04]   [WEBSITE] Looking up: Eastern Yacht Club
[15:11:07]     Website: https://easternyachtclub.com
[15:11:11]   [WEBSITE] Looking up: Kent Island Yacht Club
[15:11:14]     Website: https://www.kiyc.org
[15:11:24] 
[15:11:24] === Taste Query [7/15]: yacht club Chevy Chase MD ===
[15:11:29]   Scrolling search results...
[15:11:37]   Extracting results...
[15:11:38]   Found 50 results
[15:13:43]   Added 14 new venues from query
[15:13:43]   [WEBSITE] Looking up: Selby Bay Yacht Club
[15:13:46]     Website: https://www.scyachtclub.com
[15:13:49]   [WEBSITE] Looking up: Crescent Yacht Club
[15:13:52]     Website: https://www.crescentyachtclub.com
[15:13:55]   [WEBSITE] Looking up: Bowleys Point Yacht Club
[15:13:59]     Website: https://www.bowleyspointyc.org
[15:14:02]   [WEBSITE] Looking up: Middle River Yacht Club
[15:14:05]     Website: https://www.middleriveryachtclub.com
[15:14:08]   [WEBSITE] Looking up: Harbor Hills Yacht Club
[15:14:11]     Website: https://www.harborhills.org
[15:14:15]   [WEBSITE] Looking up: Bodkin Yacht Club Inc.
[15:14:18]     Website: https://www.bodkinyachtclub.com
[15:14:22]   [WEBSITE] Looking up: Forked Creek Yacht Club
[15:14:25]     Website: https://forkedcreekyachtclub.com
[15:14:28]   [WEBSITE] Looking up: Sue Haven Yacht Club Inc
[15:14:31]     Website: https://suehavenshyc.wixsite.com
[15:14:35]   [WEBSITE] Looking up: Annapolis Maryland Capital Yacht Club - Trident Marine Group
[15:14:38]     Website: https://trident-marine.com
[15:14:42]   [WEBSITE] Looking up: The Woman's Club of Chevy Chase, MD
[15:14:45]     Website: https://wcccmaryland.org
[15:14:48]   [WEBSITE] Looking up: Hartge Yacht Harbor
[15:14:52]     Website: https://hartgeyachtharbor.com
[15:14:55]   [WEBSITE] Looking up: North East River Yacht Club
[15:14:59]     Website: https://neryc.com
[15:15:02]   [WEBSITE] Looking up: Chesapeake Yacht Center
[15:15:05]     Website: https://chesapeakeyachtcenter.com
[15:15:09]   [WEBSITE] Looking up: Hartge Yacht Yard
[15:15:12]     Website: https://www.hartgeyard.com
[15:15:24] 
[15:15:24] === Taste Query [8/15]: yacht club Great Falls VA ===
[15:15:30]   Scrolling search results...
[15:15:37]   Extracting results...
[15:15:37]   Found 12 results
[15:16:05]   Added 4 new venues from query
[15:16:05]   [WEBSITE] Looking up: Dahlgren Yacht Club
[15:16:08]     Website: https://dahlgrenyachtclub.org
[15:16:11]   [WEBSITE] Looking up: Rappahannock River Yacht Club
[15:16:15]     Website: https://www.virginiasriverrealm.com
[15:16:18]   [WEBSITE] Looking up: Aquia Harbour Yacht Club
[15:16:21]     Website: https://www.ahyc.org
[15:16:24]   [WEBSITE] Looking up: Mount Vernon Yacht Club
[15:16:28]     Website: https://mvyc.net
[15:16:38] 
[15:16:38] === Taste Query [9/15]: yacht club McLean VA ===
[15:16:44]   Scrolling search results...
[15:16:51]   Extracting results...
[15:16:51]   Found 19 results
[15:17:36]   Added 6 new venues from query
[15:17:36]   [WEBSITE] Looking up: Lake Anna Yacht Club
[15:17:39]     Website: https://www.lakeannayachtclub.com
[15:17:43]   [WEBSITE] Looking up: Norfolk Yacht & Country Club
[15:17:46]     Website: https://www.norfolkyacht.com
[15:17:49]   [WEBSITE] Looking up: Fishing Bay Yacht Club
[15:17:52]     Website: https://www.fbyc.net
[15:17:56]   [WEBSITE] Looking up: Hampton Yacht Club
[15:17:59]     Website: https://www.hamptonyc.com
[15:18:03]   [WEBSITE] Looking up: Seaford Yacht Club
[15:18:06]     Website: https://seafordyachtclub.com
[15:18:09]   [WEBSITE] Looking up: Fairview Beach Yacht Club
[15:18:12]     Website: https://marinas.com
[15:18:23] 
[15:18:23] === Taste Query [10/15]: yacht club Alexandria VA ===
[15:18:30]   Scrolling search results...
[15:18:37]   Extracting results...
[15:18:37]   Found 5 results
[15:18:48]   Added 0 new venues from query
[15:18:53] 
[15:18:53] === Taste Query [11/15]: yacht club Reston VA ===
[15:19:00]   Scrolling search results...
[15:19:07]   Extracting results...
[15:19:07]   Found 8 results
[15:19:25]   Added 0 new venues from query
[15:19:31] 
[15:19:31] === Taste Query [12/15]: yacht club Middleburg VA ===
[15:19:35]   Scrolling search results...
[15:19:42]   Extracting results...
[15:19:42]   Found 3 results
[15:19:49]   Added 1 new venues from query
[15:19:49]   [WEBSITE] Looking up: Lovettsville Yacht Club
[15:19:53]     Website: https://dycboat.com
[15:20:04] 
[15:20:04] === Taste Query [13/15]: yacht club Leesburg VA ===
[15:20:10]   Scrolling search results...
[15:20:18]   Extracting results...
[15:20:18]   Found 33 results
[15:21:36]   Added 13 new venues from query
[15:21:36]   [WEBSITE] Looking up: Road Yachts
[15:21:39]     Website: https://www.roadyachts.net
[15:21:42]   [WEBSITE] Looking up: Leesburg Boat Club
[15:21:46]     Website: https://www.leesburgboatclub.com
[15:21:49]   [WEBSITE] Looking up: Mathews Yacht Club
[15:21:52]     Website: https://www.mathewsyachtclub.org
[15:21:55]   [WEBSITE] Looking up: Ware River Yacht Club
[15:21:59]     Website: https://www.wryc.org
[15:22:02]   [WEBSITE] Looking up: York River Yacht Club
[15:22:05]     Website: https://www.yryc.org
[15:22:08]   [WEBSITE] Looking up: Gatling Pointe Yacht Club
[15:22:12]     Website: https://gpyachtclub.com
[15:22:15]   [WEBSITE] Looking up: Loudoun County Chapter of the Izaak Walton League of America
[15:22:18]     Website: https://www.lcciwla.org
[15:22:21]   [WEBSITE] Looking up: Yankee Point Yacht Club Inc
[15:22:25]     Website: https://carolinecryc.com
[15:22:28]   [WEBSITE] Looking up: Indian Creek Yacht & Country Club
[15:22:31]     Website: https://www.icycc.com
[15:22:34]   [WEBSITE] Looking up: Fort Loudoun Yacht Club
[15:22:38]     Website: https://fortloudounyachtclub.com
[15:22:41]   [WEBSITE] Looking up: Regatta Point Yachting Center
[15:22:45]     Website: https://www.regattapointyc.com
[15:22:48]   [WEBSITE] Looking up: Old Point Comfort Yacht Club
[15:22:51]     Website: https://www.opcyc.org
[15:22:54]   [WEBSITE] Looking up: Everglow Candles
[15:22:57]     Website: http://www.everglowcandles.live
[15:23:05] 
[15:23:05] === Taste Query [14/15]: yacht club St. Michaels MD ===
[15:23:13]   Scrolling search results...
[15:23:21]   Extracting results...
[15:23:21]   No results found
[15:23:25] 
[15:23:25] === Taste Query [15/15]: yacht club Easton MD ===
[15:23:33]   Scrolling search results...
[15:23:40]   Extracting results...
[15:23:40]   No results found
[15:23:43]   MAX_QUERIES=15 reached — stopping.
[15:23:43] Calculating distances for new venues...
[15:24:32]   Distances calculated: 0
[15:24:32] 
[15:24:32] === Taste Discovery Complete ===
[15:24:32]   Queries run: 15
[15:24:32]   Venues added: 118
[15:24:32]   Queries remaining: 391

[14:06:19] === Venue Discovery Started ===
[14:06:19] Fetching past gigs...
[14:06:22] Found 70 past gigs
[14:06:22] Fetching existing venues for dedup...
[14:06:26] Existing venues: 2289
[14:06:26]   SKIP (already discovered): L'Auberge Chez Francois
[14:06:26]   SKIP (already discovered): The Inn at Perry Cabin
[14:06:26]   SKIP (already discovered): The Maryland Club
[14:06:26]   SKIP (already discovered): Black Ankle Vineyards
[14:06:26]   SKIP (already discovered): Royal Restaurant
[14:06:26]   SKIP (already discovered): Good Spirit Farm Winery
[14:06:26]   SKIP (already discovered): Chesapeake Manor Vineyard
[14:06:26]   SKIP (already discovered): Elkridge Furnace Inn
[14:06:26]   SKIP (already discovered): Xella Winery and Vineyard
[14:06:26]   SKIP (already discovered): Twin Oaks Tavern Winery
[14:06:26]   SKIP (already discovered): Windridge Vineyards
[14:06:26]   SKIP (already discovered): University Club
[14:06:26]   SKIP (already discovered): The Farmhouse Tuscan
[14:06:26]   SKIP (already discovered): Big Cork Vineyards
[14:06:26]   SKIP (already discovered): Savage Mill Mall
[14:06:26]   SKIP (already discovered): Trueman Vineyards
[14:06:26]   SKIP (already discovered): Williams Gap Vineyard
[14:06:26]   SKIP (already discovered): Hello Betty Bethesda
[14:06:26]   SKIP (already discovered): The Madison Hotel
[14:06:26]   SKIP (already discovered): Belle Haven Country Club
[14:06:26]   SKIP (already discovered): Casanel Vineyards & Winery
[14:06:26]   SKIP (already discovered): Chrysalis Vineyards at The Ag District
[14:06:26]   SKIP (already discovered): Corteau Winery
[14:06:26]   SKIP (already discovered): Penn Oaks Winery
[14:06:26]   SKIP (already discovered): Pizza Pomodoro
[14:06:26]   SKIP (already discovered): Hidden Brook Winery
[14:06:26]   SKIP (already discovered): Simple Theory Wine Co
[14:06:26]   SKIP (already discovered): Brightview Perry Hall
[14:06:26]   SKIP (already discovered): Lake Anne Coffee House & Wine Bar
[14:06:26]   SKIP (already discovered): Gaylord National Harbor
[14:06:26]   SKIP (already discovered): Woodberry Kitchen
[14:06:26]   SKIP (already discovered): Great Sage
[14:06:26]   SKIP (already discovered): Cosmos Club DC
[14:06:26]   SKIP (already discovered): Doukénie Winery
[14:06:26]   SKIP (already discovered): State Plaza Hotel DC
[14:06:26]   SKIP (already discovered): Hyatt Cambridge
[14:06:26]   SKIP (already discovered): Greenhill Vineyards
[14:06:26]   SKIP (already discovered): Loudoun Golf & Country Club
[14:06:26]   SKIP (already discovered): Creek's Edge Winery
[14:06:26]   SKIP (already discovered): The Milton Inn
[14:06:26]   SKIP (already discovered): Country Club of Fairfax
[14:06:26]   SKIP (already discovered): Century Club Hagerstown
[14:06:26]   SKIP (already discovered): Rock Spring Farm
[14:06:26]   SKIP (already discovered): Janemark Winery & Vineyard
[14:06:26]   SKIP (already discovered): Alma Cocina Latina
[14:06:26]   SKIP (already discovered): Omni Shoreham Hotel
[14:06:26]   SKIP (already discovered): Knoxie's Table
[14:06:26]   SKIP (already discovered): 1757 Golf Club
[14:06:26]   SKIP (already discovered): Holly Hills Country Club
[14:06:26]   SKIP (already discovered): Conrad Washington DC
[14:06:26]   SKIP (already discovered): Pirouette Restaurant & Wine Shop
[14:06:26]   SKIP (already discovered): Le Méridien Arlington
[14:06:26]   SKIP (already discovered): Dulles Town Center
[14:06:26]   SKIP (already discovered): Hidden Hills Farm and Vineyard
[14:06:26]   SKIP (already discovered): Maritime Museum St Michaels
[14:06:26]   SKIP (already discovered): Chartwell Golf & Country Club
[14:06:26]   SKIP (already discovered): Ruse
[14:06:26]   SKIP (already discovered): InGrano Bistro Bakery
[14:06:26]   SKIP (already discovered): Kent Manor Inn
[14:06:26]   SKIP (already discovered): Army Navy Country Club
[14:06:26]   SKIP (already discovered): River Bend Country Club
[14:06:26]   SKIP (already discovered): City Tavern DC
[14:06:26]   SKIP (already discovered): Baltimore Country Club
[14:06:26]   SKIP (already discovered): Vino and Pasta
[14:06:26]   SKIP (already discovered): 50 West Vineyards
[14:06:26]   SKIP (already discovered): The Galley Restaurant & Bar
[14:06:26]   SKIP (already discovered): Wylder Hotel Tilghman Island
[14:06:26]   SKIP (already discovered): Bistrot Lepic
[14:06:26]   SKIP (already discovered): Sunset Hills Winery
[14:06:26]   SKIP (already discovered): The Oaks Waterfront Hotel
[14:06:26] Cleaning up discovered_gigs.txt...
[14:06:30] 
[14:06:30] === Discovery Complete — Total new venues: 0 ===

[14:06:38] === Taste Discovery Mode Started ===
[14:06:38] MAX_QUERIES=16
[14:06:38] Fetching existing venues + past gigs for dedup...
[14:06:45] Existing venues + past gigs: 0
[14:06:45] Generating search queries from taste profile...
[14:06:45] Generated 391 queries (16 will run this session)
[14:06:45] 
[14:06:45] === Taste Query [1/16]: yacht club Annapolis MD ===
[14:06:50]   Scrolling search results...
[14:06:56]   Extracting results...
[14:06:56]   Found 5 results
[14:07:08]   Added 1 new venues from query
[14:07:08]   [WEBSITE] Looking up: Annapolis Yacht Club Activity Center
[14:07:12]     Website: https://www.annapolisyc.com
[14:07:23] 
[14:07:23] === Taste Query [2/16]: yacht club Roland Park Baltimore MD ===
[14:07:29]   Scrolling search results...
[14:07:36]   Extracting results...
[14:07:36]   Found 30 results
[14:08:56]   Added 15 new venues from query
[14:08:56]   [WEBSITE] Looking up: Anchorage Marina
[14:08:59]     Website: https://www.anchoragemarina.com
[14:09:03]   [WEBSITE] Looking up: Universal Sailing Club
[14:09:07]     Website: https://universalsailingclub.org
[14:09:10]   [WEBSITE] Looking up: Belts Wharf Landing Yacht Club
[14:09:14]     Website: https://beltswharf.com
[14:09:18]   [WEBSITE] Looking up: Port Covington Marina
[14:09:21]     Website: https://www.portcovingtonmarina.com
[14:09:25]   [WEBSITE] Looking up: Baltimore Dragon Boat Club
[14:09:28]     Website: https://baltimoredragonboatclub.com
[14:09:31]   [WEBSITE] Looking up: Downtown Sailing Center
[14:09:34]     Website: https://downtownsailing.org
[14:09:38]   [WEBSITE] Looking up: Lighthouse Point Marina
[14:09:41]     Website: https://newlhp.com
[14:09:45]   [WEBSITE] Looking up: Peninsula Sailors
[14:09:48]     Website: https://sailbp.com
[14:09:52]   [WEBSITE] Looking up: Paddle Club Baltimore
[14:09:55]     Website: https://seasuitecruises.com
[14:09:58]   [WEBSITE] Looking up: White Rocks Marina
[14:10:02]     Website: https://whiterocksmarina.com
[14:10:06]   [WEBSITE] Looking up: Floating Kneads Charters
[14:10:09]     Website: https://www.floatingkneads.com
[14:10:14]   [WEBSITE] Looking up: City Cruises
[14:10:17]     Website: https://www.cityexperiences.com
[14:10:21]   [WEBSITE] Looking up: Harbor East Marina
[14:10:24]     Website: https://harboreastmarina.com
[14:10:27]   [WEBSITE] Looking up: Reveur Sauvage Private Yacht Club & Charters
[14:10:31]     Website: https://baltimore.org
[14:10:34]   [WEBSITE] Looking up: Midtown Yacht Club
[14:10:37]     Website: https://www.baltimoresun.com
[14:10:46] 
[14:10:46] === Taste Query [3/16]: fine dining restaurant Charlottesville VA ===
[14:10:52]   Scrolling search results...
[14:11:01]   Extracting results...
[14:11:01]   Found 42 results
[14:12:42]   Added 33 new venues from query
[14:12:42]   [WEBSITE] Looking up: The Ivy Inn Restaurant
[14:12:45]     Website: https://www.ivyinnrestaurant.com
[14:12:48]   [WEBSITE] Looking up: C & O Restaurant
[14:12:51]     Website: https://www.candorestaurant.com
[14:12:54]   [WEBSITE] Looking up: Black Cow Chophouse
[14:12:58]     Website: https://www.blackcowchophouse.com
[14:13:01]   [WEBSITE] Looking up: Hamiltons' at First & Main
[14:13:04]     Website: https://www.hamiltonsrestaurant.com
[14:13:08]   [WEBSITE] Looking up: Orzo Kitchen & Wine Bar
[14:13:11]     Website: http://orzokitchen.com
[14:13:14]   [WEBSITE] Looking up: Duner's
[14:13:18]     Website: https://www.dunersrestaurant.com
[14:13:21]   [WEBSITE] Looking up: The Mill Room
[14:13:24]     Website: https://www.boarsheadresort.com
[14:13:27]   [WEBSITE] Looking up: Aberdeen Barn Steak House
[14:13:30]     Website: https://www.aberdeenbarn.net
[14:13:34]   [WEBSITE] Looking up: Tavola
[14:13:37]     Website: https://tavolavino.com
[14:13:41]   [WEBSITE] Looking up: Mas
[14:13:44]     Website: https://news.va.gov
[14:13:47]   [WEBSITE] Looking up: Melting Pot
[14:13:51]     Website: https://www.meltingpot.com
[14:13:54]   [WEBSITE] Looking up: Public Fish & Oyster
[14:13:57]     Website: https://www.publicfo.com
[14:14:02]   [WEBSITE] Looking up: Broadcloth
[14:14:05]     Website: https://www.broadclothrestaurant.com
[14:14:08]   [WEBSITE] Looking up: Birch and Bloom
[14:14:11]     Website: https://www.birchandbloomrestaurant.com
[14:14:15]   [WEBSITE] Looking up: Smyrna
[14:14:18]     Website: https://www.smyrnacville.com
[14:14:21]   [WEBSITE] Looking up: The Jervey
[14:14:25]     Website: https://www.thejervey.com
[14:14:28]   [WEBSITE] Looking up: Birdhouse
[14:14:31]     Website: https://www.birdhouse-charlottesville.com
[14:14:34]   [WEBSITE] Looking up: Mockingbird
[14:14:37]     Website: https://www.mockingbird-cville.com
[14:14:40]   [WEBSITE] Looking up: Soul Food Joint
[14:14:43]     Website: https://www.soulfoodjoint.com
[14:14:47]   [WEBSITE] Looking up: Taqueria El Comalito
[14:14:51]     Website: https://foresyteapp.com
[14:14:54]   [WEBSITE] Looking up: El Ranchero Restaurant Charlottesville
[14:14:57]     Website: https://elrancherorestaurantcharlottesvilleva.com
[14:15:01]   [WEBSITE] Looking up: The Good Sport
[14:15:04]     Website: https://www.thegoodsporttaproom.com
[14:15:07]   [WEBSITE] Looking up: CONMOLE
[14:15:10]     Website: https://www.conmole.com
[14:15:13]   [WEBSITE] Looking up: Bar Tomas
[14:15:16]     Website: https://3.4K+
[14:15:20]   [WEBSITE] Looking up: Mariscos El Barco
[14:15:23]     Website: https://www.mariscoselbarcova.com
[14:15:26]   [WEBSITE] Looking up: Bulpan Korean BBQ
[14:15:29]     Website: https://bulpanbbq.com
[14:15:33]   [WEBSITE] Looking up: Tastings of Charlottesville
[14:15:36]     Website: https://www.tastingsofcville.com
[14:15:40]   [WEBSITE] Looking up: Remy's La Mejor Llc
[14:15:44]     Website: https://www.cbs19news.com
[14:15:47]   [WEBSITE] Looking up: Emmet's Restaurant
[14:15:50]     Website: https://www.visitcharlottesville.org
[14:15:53]   [WEBSITE] Looking up: El Ciruelo
[14:15:57]     Website: https://el-ciruelo.placejoys.com
[14:16:00]   [WEBSITE] Looking up: Alamo Drafthouse Cinema Charlottesville
[14:16:04]     Website: https://drafthouse.com
[14:16:07]   [WEBSITE] Looking up: Beijing Station
[14:16:11]     Website: https://beijingstation.com
[14:16:14]   [WEBSITE] Looking up: Red Hub Food Co.
[14:16:17]     Website: https://redhubfoodco.com
[14:16:29] 
[14:16:29] === Taste Query [4/16]: fine dining restaurant Shepherdstown WV ===
[14:16:33]   Scrolling search results...
[14:16:40]   Extracting results...
[14:16:41]   Found 3 results
[14:16:49]   Added 2 new venues from query
[14:16:49]   [WEBSITE] Looking up: Press Room
[14:16:52]     Website: https://pressroomwv.com
[14:16:55]   [WEBSITE] Looking up: Bavarian Inn, Resort and Brewing Company
[14:16:58]     Website: https://www.bavarianinnwv.com
[14:17:06] 
[14:17:06] === Taste Query [5/16]: fine dining restaurant Greenville DE ===
[14:17:11]   Scrolling search results...
[14:17:18]   Extracting results...
[14:17:18]   Found 16 results
[14:18:01]   Added 14 new venues from query
[14:18:01]   [WEBSITE] Looking up: The House of William and Merry
[14:18:04]     Website: https://www.williamandmerry.com
[14:18:07]   [WEBSITE] Looking up: La Fia Bistro
[14:18:11]     Website: https://www.lafiawilmington.com
[14:18:15]   [WEBSITE] Looking up: Harry's Savoy Grill
[14:18:18]     Website: https://www.harryshospitalitygroup.com
[14:18:21]   [WEBSITE] Looking up: Sullivan's Steakhouse
[14:18:24]     Website: https://www.sullivanssteakhouse.com
[14:18:27]   [WEBSITE] Looking up: Walter's Steakhouse
[14:18:30]     Website: https://www.walters-steakhouse.com
[14:18:34]   [WEBSITE] Looking up: Krazy Kat's
[14:18:37]     Website: https://krazykatsde.com
[14:18:40]   [WEBSITE] Looking up: Le Cavalier
[14:18:43]     Website: https://www.lecavalierde.com
[14:18:46]   [WEBSITE] Looking up: Bardea Steak
[14:18:49]     Website: https://www.bardeasteak.com
[14:18:54]   [WEBSITE] Looking up: Halls Chophouse Greenville
[14:18:57]     Website: https://hallschophousegvl.com
[14:19:00]   [WEBSITE] Looking up: Heirloom
[14:19:04]     Website: http://www.heirloomdelaware.com
[14:19:06]   [WEBSITE] Looking up: Banks' Seafood Kitchen and Raw Bar
[14:19:10]     Website: https://www.banksseafoodkitchen.com
[14:19:13]   [WEBSITE] Looking up: Snuff Mill Restaurant, Butchery & Wine Bar
[14:19:17]     Website: https://www.snuffmillbutchery.com
[14:19:21]   [WEBSITE] Looking up: Blackwall Barn & Lodge Wilmington
[14:19:24]     Website: https://www.barnandlodge.com
[14:19:27]   [WEBSITE] Looking up: Jack’s on Main
[14:19:31]     Website: https://jacksonmainrestaurant.com
[14:19:43] 
[14:19:43] === Taste Query [6/16]: fine dining restaurant Wilmington DE ===
[14:19:49]   Scrolling search results...
[14:19:56]   Extracting results...
[14:19:57]   Found 13 results
[14:20:24]   Added 2 new venues from query
[14:20:24]   [WEBSITE] Looking up: La Fête
[14:20:27]     Website: https://3.9K+
[14:20:30]   [WEBSITE] Looking up: Culinaria Restaurant
[14:20:33]     Website: http://www.culinariarestaurant.com
[14:20:42] 
[14:20:42] === Taste Query [7/16]: fine dining restaurant Kennett Square PA ===
[14:20:46]   Scrolling search results...
[14:20:52]   Extracting results...
[14:20:53]   Found 5 results
[14:21:05]   Added 3 new venues from query
[14:21:05]   [WEBSITE] Looking up: 1906 at Longwood Gardens
[14:21:08]     Website: https://longwoodgardens.org
[14:21:12]   [WEBSITE] Looking up: Sweet Amelia's
[14:21:15]     Website: https://sweetameliasksq.com
[14:21:18]   [WEBSITE] Looking up: Catherine's Restaurant
[14:21:22]     Website: https://mainlinetoday.com
[14:21:31] 
[14:21:31] === Taste Query [8/16]: fine dining restaurant Bryn Mawr PA ===
[14:21:37]   Scrolling search results...
[14:21:44]   Extracting results...
[14:21:44]   Found 17 results
[14:22:25]   Added 10 new venues from query
[14:22:25]   [WEBSITE] Looking up: Dua Restaurant
[14:22:28]     Website: https://duarest.com
[14:22:31]   [WEBSITE] Looking up: DePaul's Table Steakhouse
[14:22:35]     Website: https://www.depaulstable.com
[14:22:38]   [WEBSITE] Looking up: Otto By Polpo
[14:22:41]     Website: https://www.ottobypolpo.com
[14:22:44]   [WEBSITE] Looking up: Savona Restaurant
[14:22:47]     Website: https://www.savonarestaurant.com
[14:22:50]   [WEBSITE] Looking up: Fleming’s Prime Steakhouse & Wine Bar
[14:22:53]     Website: https://www.flemingssteakhouse.com
[14:22:57]   [WEBSITE] Looking up: Jean-Georges Philadelphia
[14:23:00]     Website: https://www.jean-georgesphiladelphia.com
[14:23:03]   [WEBSITE] Looking up: 333 Belrose
[14:23:07]     Website: https://www.333belrose.com
[14:23:10]   [WEBSITE] Looking up: Manorah
[14:23:14]     Website: http://food.orders.co
[14:23:17]   [WEBSITE] Looking up: Hu's Kitchen?
[14:23:20]     Website: https://huskitchen.com
[14:23:24]   [WEBSITE] Looking up: Aroma on Ford
[14:23:27]     Website: https://www.aromaonford.com
[14:23:35] 
[14:23:35] === Taste Query [9/16]: fine dining restaurant Rehoboth Beach DE ===
[14:23:42]   Scrolling search results...
[14:23:49]   Extracting results...
[14:23:49]   Found 18 results
[14:24:35]   Added 16 new venues from query
[14:24:35]   [WEBSITE] Looking up: Blue Moon
[14:24:38]     Website: https://bluemoonrehoboth.com
[14:24:41]   [WEBSITE] Looking up: 1776 Steakhouse
[14:24:44]     Website: https://1776steakhouse.com
[14:24:48]   [WEBSITE] Looking up: Back Porch Café
[14:24:51]     Website: https://www.backporchcafe.com
[14:24:54]   [WEBSITE] Looking up: The Federal Rehoboth
[14:24:57]     Website: https://www.thefederalrehoboth.com
[14:25:00]   [WEBSITE] Looking up: Lupo Italian Kitchen
[14:25:03]     Website: https://lupoitaliankitchen.com
[14:25:07]   [WEBSITE] Looking up: The Cultured Pearl Restaurant & Sushi Bar
[14:25:10]     Website: https://www.culturedpearl.us
[14:25:14]   [WEBSITE] Looking up: Blackwall at the Beach
[14:25:17]     Website: https://www.blackwallhitchrehoboth.com
[14:25:21]   [WEBSITE] Looking up: Henlopen City Oyster House
[14:25:24]     Website: https://www.hcoysterhouse.com
[14:25:28]   [WEBSITE] Looking up: Drift Seafood & Raw Bar
[14:25:31]     Website: https://www.driftrb.com
[14:25:34]   [WEBSITE] Looking up: The Pines Coastal Tavern
[14:25:37]     Website: https://www.thepinesrb.com
[14:25:41]   [WEBSITE] Looking up: 302 Social Eatery and Barroom
[14:25:44]     Website: https://www.302socialrehoboth.com
[14:25:48]   [WEBSITE] Looking up: The Market at 59 Baltimore
[14:25:51]     Website: https://www.themarket59.com
[14:25:54]   [WEBSITE] Looking up: Harbour Restaurant at Canal Square
[14:25:58]     Website: https://www.harbourlewes.com
[14:26:00]   [WEBSITE] Looking up: Red Square Caviar Bar
[14:26:04]     Website: https://redsquarecaviar.com
[14:26:07]   [WEBSITE] Looking up: One Coastal
[14:26:10]     Website: https://www.onecoastal.com
[14:26:14]   [WEBSITE] Looking up: KAJA ASIAN
[14:26:17]     Website: https://kajaasian.com
[14:26:26] 
[14:26:26] === Taste Query [10/16]: fine dining restaurant Lancaster PA ===
[14:26:30]   Scrolling search results...
[14:26:38]   Extracting results...
[14:26:38]   Found 20 results
[14:27:36]   Added 16 new venues from query
[14:27:36]   [WEBSITE] Looking up: The Belvedere Inn
[14:27:40]     Website: https://www.belvederelancaster.com
[14:27:43]   [WEBSITE] Looking up: John J Jeffries Restaurant
[14:27:46]     Website: https://johnjjeffries.com
[14:27:50]   [WEBSITE] Looking up: The Log Cabin Restaurant
[14:27:53]     Website: https://logcabin1933.com
[14:27:57]   [WEBSITE] Looking up: Cork & Cap Restaurant
[14:28:00]     Website: https://www.corkandcaprestaurant.com
[14:28:03]   [WEBSITE] Looking up: Gibraltar Restaurant
[14:28:07]     Website: https://www.gibraltargrille.com
[14:28:10]   [WEBSITE] Looking up: LUCA
[14:28:13]     Website: https://lucalancaster.com
[14:28:17]   [WEBSITE] Looking up: C'est La Vie
[14:28:20]     Website: https://www.clvlancaster.com
[14:28:23]   [WEBSITE] Looking up: Josephine's Downtown
[14:28:26]     Website: https://www.josephinesdowntown.com
[14:28:29]   [WEBSITE] Looking up: The Imperial Restaurant
[14:28:33]     Website: https://www.theimperialrestaurant.com
[14:28:36]   [WEBSITE] Looking up: The Gaucho's Way Brazilian Steakhouse
[14:28:39]     Website: https://www.thegauchosway.com
[14:28:42]   [WEBSITE] Looking up: Plough
[14:28:45]     Website: https://ploughrestaurant.com
[14:28:48]   [WEBSITE] Looking up: Bistro 2two2
[14:28:52]     Website: https://edenresort.com
[14:28:55]   [WEBSITE] Looking up: X Marks The Spot
[14:28:59]     Website: https://xmarksthespotphilly.com
[14:29:02]   [WEBSITE] Looking up: Champagne Sunday Brunch at the Eden Resort & Suites
[14:29:05]     Website: https://edenresort.com
[14:29:09]   [WEBSITE] Looking up: Double C
[14:29:12]     Website: https://doublec.us
[14:29:15]   [WEBSITE] Looking up: Kefi at Yorgos
[14:29:18]     Website: https://yorgoslancaster.com
[14:29:28] 
[14:29:28] === Taste Query [11/16]: fine dining restaurant Ellicott City MD ===
[14:29:36]   Scrolling search results...
[14:29:42]   Extracting results...
[14:29:43]   Found 2 results
[14:29:50]   Added 2 new venues from query
[14:29:50]   [WEBSITE] Looking up: Grille 620
[14:29:54]     Website: https://www.grille620.com
[14:29:57]   [WEBSITE] Looking up: The Iron Bridge Wine Company
[14:30:01]     Website: https://www.ironbridgewines.com
[14:30:12] 
[14:30:12] === Taste Query [12/16]: fine dining restaurant Severna Park MD ===
[14:47:05]   Scrolling search results...
[15:00:03]   Extracting results...
[15:00:03]   Found 9 results
[15:00:29]   Added 1 new venues from query
[15:00:29]   [WEBSITE] Looking up: Ginza Steak house &sushi bar
[15:00:32]     Website: https://ginzasushihouse.com
[15:00:40] 
[15:00:40] === Taste Query [13/16]: fine dining restaurant Vienna VA ===
[15:07:21]   Scrolling search results...
[15:07:28]   Extracting results...
[15:07:28]   Found 7 results
[15:07:28]   Added 0 new venues from query
[15:24:05] 
[15:24:05] === Taste Query [14/16]: fine dining restaurant Herndon VA ===
[15:40:52]   Scrolling search results...
[15:57:33]   Extracting results...
[15:57:33]   No results found
[16:13:30] 
[16:13:30] === Taste Query [15/16]: fine dining restaurant Chadds Ford PA ===
[16:44:49]   Scrolling search results...
[17:01:09]   Extracting results...
[17:01:09]   No results found
[17:01:12] 
[17:01:12] === Taste Query [16/16]: fine dining restaurant Oxford MD ===
[17:34:12]   Scrolling search results...
[17:51:36]   Extracting results...
[17:51:36]   No results found
[18:02:09]   MAX_QUERIES=16 reached — stopping.
[18:02:09] Calculating distances for new venues...
[18:02:09]   Distances calculated: 0
[18:02:09] 
[18:02:09] === Taste Discovery Complete ===
[18:02:09]   Queries run: 16
[18:02:09]   Venues added: 115
[18:02:09]   Queries remaining: 375

[01:10:48] === Taste Discovery Mode Started ===
[01:10:48] MAX_QUERIES=17
[01:10:48] Fetching existing venues + past gigs for dedup...
[01:10:55] Existing venues + past gigs: 0
[01:10:55] Generating search queries from taste profile...
[01:10:55] Generated 375 queries (17 will run this session)
[01:10:55] 
[01:10:55] === Taste Query [1/17]: historic fine dining restaurant Charlottesville VA ===
[01:11:00]   Scrolling search results...
[01:11:09]   Extracting results...
[01:11:09]   No results found
[01:11:12] 
[01:11:12] === Taste Query [2/17]: historic fine dining restaurant Shepherdstown WV ===
[01:11:17]   Scrolling search results...
[01:11:26]   Extracting results...
[01:11:26]   Found 7 results
[01:11:49]   Added 3 new venues from query
[01:11:49]   [WEBSITE] Looking up: Alma Bea
[01:11:52]     Website: https://8.5K+
[01:11:55]   [WEBSITE] Looking up: Rumsey Tavern
[01:11:59]     Website: https://www.rumseytavern.com
[01:12:02]   [WEBSITE] Looking up: Entler Hotel
[01:12:05]     Website: https://historicshepherdstown.com
[01:12:14] 
[01:12:14] === Taste Query [3/17]: historic fine dining restaurant Greenville DE ===
[01:12:19]   Scrolling search results...
[01:12:27]   Extracting results...
[01:12:27]   Found 15 results
[01:13:10]   Added 8 new venues from query
[01:13:10]   [WEBSITE] Looking up: Between the Trees
[01:13:14]     Website: https://www.imdb.com
[01:13:17]   [WEBSITE] Looking up: The Copper Dram
[01:13:20]     Website: https://www.copperdram.com
[01:13:23]   [WEBSITE] Looking up: BBC Tavern and Grill
[01:13:27]     Website: https://www.bbctavernandgrill.com
[01:13:30]   [WEBSITE] Looking up: Columbus Inn
[01:13:33]     Website: https://columbusinn.net
[01:13:36]   [WEBSITE] Looking up: The Marshallton Steakhouse
[01:13:40]     Website: https://themarshallton.com
[01:13:43]   [WEBSITE] Looking up: Buckley's Tavern
[01:13:46]     Website: https://buckleystavern.com
[01:13:50]   [WEBSITE] Looking up: Scalessa's "My Way" Old School Italian Kitchen
[01:13:53]     Website: https://www.scalessas.com
[01:13:57]   [WEBSITE] Looking up: Zollies Jazz Cucina
[01:14:00]     Website: https://zolliesjazzcucina.com
[01:14:08] 
[01:14:08] === Taste Query [4/17]: historic fine dining restaurant Wilmington DE ===
[01:14:15]   Scrolling search results...
[01:14:21]   Extracting results...
[01:14:21]   Found 57 results
[01:17:09]   Added 35 new venues from query
[01:17:09]   [WEBSITE] Looking up: Eclipse Bistro
[01:17:12]     Website: https://www.eclipsebistro.com
[01:17:16]   [WEBSITE] Looking up: Bardea Food & Drink
[01:17:19]     Website: https://www.bardeafoodanddrink.com
[01:17:22]   [WEBSITE] Looking up: Mrs. Robino's Restaurant
[01:17:25]     Website: https://mrsrobinos.com
[01:17:29]   [WEBSITE] Looking up: DORCEA
[01:17:32]     Website: https://dorcea.com
[01:17:36]   [WEBSITE] Looking up: Docklands Riverfront
[01:17:40]     Website: https://docklandsriverfront.com
[01:17:43]   [WEBSITE] Looking up: Vincente's Restaurant
[01:17:46]     Website: http://www.vincentesrestaurant.com
[01:17:49]   [WEBSITE] Looking up: The Farmhouse
[01:17:53]     Website: https://www.thefarmhousede.com
[01:17:56]   [WEBSITE] Looking up: Tonic Seafood & Steak
[01:17:59]     Website: https://www.tonicsns.com
[01:18:03]   [WEBSITE] Looking up: Keem's Cuisine
[01:18:06]     Website: https://www.keemscuisine.com
[01:18:10]   [WEBSITE] Looking up: Cavanaugh's Restaurant
[01:18:14]     Website: https://www.cavanaughswilmington.com
[01:18:17]   [WEBSITE] Looking up: Vita Nova Restaurant
[01:18:20]     Website: https://lerner.udel.edu
[01:18:24]   [WEBSITE] Looking up: Luigi Vitrone's Pastabilities
[01:18:27]     Website: https://ljvpastabilities.com
[01:18:31]   [WEBSITE] Looking up: Ristorante Attilio
[01:18:34]     Website: https://ristoranteattilio.com
[01:18:38]   [WEBSITE] Looking up: HOTEL DU PONT
[01:18:41]     Website: https://www.hoteldupont.com
[01:18:44]   [WEBSITE] Looking up: K & R International Restaurant & Bar
[01:18:48]     Website: https://8.2K+
[01:18:52]   [WEBSITE] Looking up: Taverna Rustic Italian Wilmington
[01:18:55]     Website: https://www.tavernapdg.com
[01:18:59]   [WEBSITE] Looking up: Capers & Lemons
[01:19:02]     Website: https://www.capersandlemons.com
[01:19:06]   [WEBSITE] Looking up: Big Fish Grill on the Riverfront
[01:19:09]     Website: https://bigfishriverfront.com
[01:19:14]   [WEBSITE] Looking up: Chelsea Tavern
[01:19:17]     Website: https://chelseatavern.com
[01:19:21]   [WEBSITE] Looking up: Nemours Estate
[01:19:24]     Website: https://www.nemoursestate.org
[01:19:27]   [WEBSITE] Looking up: Rodney Square
[01:19:31]     Website: https://www.wilmingtonde.gov
[01:19:34]   [WEBSITE] Looking up: The Post
[01:19:37]     Website: https://www.thepost1715.com
[01:19:41]   [WEBSITE] Looking up: The Quoin Hotel
[01:19:44]     Website: https://thequoinhotel.com
[01:19:48]   [WEBSITE] Looking up: Mendenhall Inn Restaurant
[01:19:52]     Website: https://www.mendenhallinn.com
[01:19:56]   [WEBSITE] Looking up: The Inn at Montchanin Village & Spa - A Historic Hotel of America
[01:19:59]     Website: https://montchanin.com
[01:20:03]   [WEBSITE] Looking up: River Rock Kitchen
[01:20:06]     Website: https://www.riverrockkitchen.com
[01:20:10]   [WEBSITE] Looking up: Urban Kitchen
[01:20:13]     Website: https://urbankitchende.com
[01:20:16]   [WEBSITE] Looking up: Merchant Bar
[01:20:20]     Website: https://www.merchantbarwilmington.com
[01:20:24]   [WEBSITE] Looking up: Wilma's
[01:20:27]     Website: https://www.goodtimewilmas.com
[01:20:30]   [WEBSITE] Looking up: Timothy's Riverfront Grill
[01:20:34]     Website: https://riverfrontde.mytimothysrestaurants.com
[01:20:37]   [WEBSITE] Looking up: Mary's Kountry Kitchen
[01:20:41]     Website: https://marys-kountry-kitchen.com
[01:20:44]   [WEBSITE] Looking up: The Reef Seafood & Steak
[01:20:48]     Website: https://thereefde.com
[01:20:52]   [WEBSITE] Looking up: Corner Bistro
[01:20:55]     Website: http://www.mybistro.com
[01:20:58]   [WEBSITE] Looking up: DE.CO Food Hall
[01:21:01]     Website: https://www.decowilmington.com
[01:21:05]   [WEBSITE] Looking up: Goobers Diner
[01:21:08]     Website: https://goobersdiner-de.com
[01:21:18] 
[01:21:18] === Taste Query [5/17]: historic fine dining restaurant Kennett Square PA ===
[01:21:24]   Scrolling search results...
[01:21:32]   Extracting results...
[01:21:32]   Found 59 results
[01:24:29]   Added 36 new venues from query
[01:24:29]   [WEBSITE] Looking up: Talula's Table
[01:24:32]     Website: https://talulastable.com
[01:24:35]   [WEBSITE] Looking up: La Verona Restaurant
[01:24:39]     Website: https://laveronapa.com
[01:24:42]   [WEBSITE] Looking up: The Stone Barn
[01:24:45]     Website: http://www.thestonebarn.com
[01:24:48]   [WEBSITE] Looking up: Trattoria La Tavola
[01:24:52]     Website: https://trattorialatavolakennett.com
[01:24:55]   [WEBSITE] Looking up: Letty's Tavern
[01:24:58]     Website: https://www.lettystavern.com
[01:25:02]   [WEBSITE] Looking up: The Marshalton Inn
[01:25:06]     Website: https://thefourdogstavern.com
[01:25:09]   [WEBSITE] Looking up: The Creamery of Kennett Square Restaurant & Beer Garden
[01:25:12]     Website: https://www.kennettcreamery.com
[01:25:16]   [WEBSITE] Looking up: Historic Dilworthtown
[01:25:19]     Website: https://www.thedilworthtown.com
[01:25:23]   [WEBSITE] Looking up: Kennett House
[01:25:27]     Website: https://www.zillow.com
[01:25:31]   [WEBSITE] Looking up: Hearth Kitchen - Kennett Square
[01:25:34]     Website: https://www.hearthkitchenksq.com
[01:25:37]   [WEBSITE] Looking up: Ground Provisions
[01:25:41]     Website: https://www.groundprovisionspa.com
[01:25:44]   [WEBSITE] Looking up: Philter
[01:25:47]     Website: https://philtercoffee.com
[01:25:51]   [WEBSITE] Looking up: Farmer & Co
[01:25:54]     Website: https://www.farmerand.co
[01:25:58]   [WEBSITE] Looking up: Lily Asian Cuisine
[01:26:01]     Website: https://www.lilysushiandgrill.com
[01:26:04]   [WEBSITE] Looking up: Artelo Hotel
[01:26:08]     Website: https://www.arteloksq.com
[01:26:11]   [WEBSITE] Looking up: Giordano's
[01:26:15]     Website: https://www.giordanoksq.com
[01:26:19]   [WEBSITE] Looking up: Braeloch Brewing
[01:26:22]     Website: https://braelochbrewing.beer
[01:26:26]   [WEBSITE] Looking up: Victory Brewing Company Kennett Square
[01:26:29]     Website: https://kennettsquare.victorybeer.com
[01:26:33]   [WEBSITE] Looking up: Hangry Bear Creamery
[01:26:36]     Website: https://www.hangrybearcreamery.com
[01:26:40]   [WEBSITE] Looking up: GuGu Asian Table
[01:26:43]     Website: https://www.guguasiantable.com
[01:26:47]   [WEBSITE] Looking up: Hank's Place - Chadds Ford
[01:26:51]     Website: https://hanksplacechaddsford.com
[01:26:55]   [WEBSITE] Looking up: Country Butcher
[01:26:58]     Website: https://www.countrybutcherksq.com
[01:27:02]   [WEBSITE] Looking up: Main Fountain Garden
[01:27:05]     Website: https://longwoodgardens.org
[01:27:08]   [WEBSITE] Looking up: Peirce-du Pont House
[01:27:12]     Website: https://longwoodgardens.org
[01:27:15]   [WEBSITE] Looking up: The Pear
[01:27:18]     Website: https://www.thepeardilworthtown.com
[01:27:22]   [WEBSITE] Looking up: The Bookhouse Hotel
[01:27:25]     Website: https://thebookhousehotel.com
[01:27:28]   [WEBSITE] Looking up: Taste Kennett Food Tours
[01:27:32]     Website: https://www.tastekennett.com
[01:27:35]   [WEBSITE] Looking up: Wasabi 3
[01:27:39]     Website: https://www.wasabi3pa.com
[01:27:42]   [WEBSITE] Looking up: La Peña Mexicana
[01:27:45]     Website: https://penamexicanataqueria.com
[01:27:49]   [WEBSITE] Looking up: Hood's BBQ
[01:27:52]     Website: https://hoodsbbq.com
[01:27:55]   [WEBSITE] Looking up: Double AA Burgers
[01:27:59]     Website: https://www.toasttab.com
[01:28:02]   [WEBSITE] Looking up: The Café
[01:28:05]     Website: https://cafe315.com
[01:28:09]   [WEBSITE] Looking up: Pat's Pizza Kennett Square
[01:28:12]     Website: https://www.pats.pizza
[01:28:15]   [WEBSITE] Looking up: Italian Water Garden
[01:28:19]     Website: https://longwoodgardens.org
[01:28:22]   [WEBSITE] Looking up: Sang Tong Thai - Kennett Square
[01:28:26]     Website: https://sangtongthai.com
[01:28:29]   [WEBSITE] Looking up: Buddy's Burgers, Breasts & Fries
[01:28:32]     Website: https://www.buddysbbf.com
[01:28:43] 
[01:28:43] === Taste Query [6/17]: historic fine dining restaurant Bryn Mawr PA ===
[01:28:48]   Scrolling search results...
[01:28:55]   Extracting results...
[01:28:55]   Found 59 results
[01:31:25]   Added 36 new venues from query
[01:31:25]   [WEBSITE] Looking up: General Warren
[01:31:28]     Website: https://www.generalwarren.com
[01:31:31]   [WEBSITE] Looking up: William Penn Inn
[01:31:34]     Website: https://www.williampenninn.com
[01:31:38]   [WEBSITE] Looking up: Bar Avalon Bryn Mawr
[01:31:41]     Website: https://www.avalonrestaurant.net
[01:31:45]   [WEBSITE] Looking up: Fraschetta BYOB
[01:31:48]     Website: https://fraschetta.net
[01:31:52]   [WEBSITE] Looking up: Ripplewood Whiskey & Craft
[01:31:55]     Website: https://www.ripplewoodbar.com
[01:31:58]   [WEBSITE] Looking up: Exit 13
[01:32:02]     Website: https://exit13gastrobar.com
[01:32:05]   [WEBSITE] Looking up: La Cabra Brewing Smokehouse
[01:32:08]     Website: https://www.lacabrabrewing.com
[01:32:12]   [WEBSITE] Looking up: Kimberton Inn
[01:32:15]     Website: https://www.kimbertoninn.com
[01:32:19]   [WEBSITE] Looking up: La Maison
[01:32:22]     Website: https://martinskitchen.com
[01:32:26]   [WEBSITE] Looking up: Hook & Ladder Sky Bar
[01:32:29]     Website: https://www.hookandladderskybar.com
[01:32:33]   [WEBSITE] Looking up: The Farmer's Daughter Bar & Restaurant
[01:32:37]     Website: https://www.farmersdaughterpa.com
[01:32:41]   [WEBSITE] Looking up: Creed's Seafood & Steaks
[01:32:44]     Website: https://www.creedskop.com
[01:32:47]   [WEBSITE] Looking up: Joey Chops
[01:32:51]     Website: https://www.joeychops.com
[01:32:54]   [WEBSITE] Looking up: Duling-Kurtz House & Country Inn
[01:32:57]     Website: https://www.dulingkurtz.com
[01:33:01]   [WEBSITE] Looking up: Eddie V's Prime Seafood
[01:33:04]     Website: https://www.eddiev.com
[01:33:08]   [WEBSITE] Looking up: Antonella's Italian Kitchen
[01:33:11]     Website: https://antonellasitaliankitchen.com
[01:33:15]   [WEBSITE] Looking up: Lola's Garden
[01:33:19]     Website: https://www.lolasgardenrestaurant.com
[01:33:22]   [WEBSITE] Looking up: Don Mezcal Mexican Grill
[01:33:25]     Website: https://www.donmezcaltrevose.com
[01:33:29]   [WEBSITE] Looking up: Garrett Hill Ale House
[01:33:32]     Website: https://www.garretthillalehouse.com
[01:33:35]   [WEBSITE] Looking up: Bubba's Steaks and Shakes Bryn Mawr
[01:33:38]     Website: https://bubbassteaksandshakes.com
[01:33:41]   [WEBSITE] Looking up: Lourdas Greek Taverna
[01:33:45]     Website: https://lourdasgreekrestaurant.com
[01:33:49]   [WEBSITE] Looking up: Cedar Hollow Inn Restaurant & Bar
[01:33:52]     Website: https://www.cedarhollowinn.com
[01:33:55]   [WEBSITE] Looking up: Bloom Southern Kitchen
[01:33:58]     Website: https://www.bloomsouthernkitchen.com
[01:34:02]   [WEBSITE] Looking up: The Temperance House
[01:34:05]     Website: https://temperancehouse.com
[01:34:08]   [WEBSITE] Looking up: Blue Bell Inn
[01:34:11]     Website: https://bluebellinn.com
[01:34:15]   [WEBSITE] Looking up: Spring House Tavern
[01:34:18]     Website: https://springhousetavern.com
[01:34:22]   [WEBSITE] Looking up: Bocelli Italian Restaurant
[01:34:26]     Website: https://bocelliitalianrestaurantpa.com
[01:34:29]   [WEBSITE] Looking up: Ironworks at Pencoyd Landing
[01:34:33]     Website: https://www.ironworks-pa.com
[01:34:35]   [WEBSITE] Looking up: The Copper Crow
[01:34:38]     Website: https://coppercrowhorsham.com
[01:34:42]   [WEBSITE] Looking up: Johnny's Pizza Bryn Mawr
[01:34:45]     Website: https://www.johnnyspizzabrynmawr.com
[01:34:49]   [WEBSITE] Looking up: Bay Pony Inn
[01:34:53]     Website: https://bayponyinnpa.com
[01:34:56]   [WEBSITE] Looking up: La Stalla
[01:35:00]     Website: https://lastallarestaurant.com
[01:35:04]   [WEBSITE] Looking up: Parc Bistro
[01:35:07]     Website: https://parcbistro.net
[01:35:11]   [WEBSITE] Looking up: The Farm House Restaurant
[01:35:14]     Website: https://www.skippackfarmhouse.com
[01:35:17]   [WEBSITE] Looking up: Turning Point of Bryn Mawr
[01:35:20]     Website: https://turningpointrestaurants.com
[01:35:24]   [WEBSITE] Looking up: Alessandro's Wood Fired Italian & Bar
[01:35:27]     Website: https://www.alessandros.com
[01:35:38] 
[01:35:38] === Taste Query [7/17]: historic fine dining restaurant Rehoboth Beach DE ===
[01:35:45]   Scrolling search results...
[01:35:52]   Extracting results...
[01:35:52]   Found 58 results
[01:38:42]   Added 40 new venues from query
[01:38:42]   [WEBSITE] Looking up: La Fable
[01:38:46]     Website: https://www.megancollective.com
[01:38:49]   [WEBSITE] Looking up: Eden
[01:38:52]     Website: https://edenrestaurant.com
[01:39:02]   [WEBSITE] Looking up: Houston White Co.
[01:39:06]     Website: https://www.houstonwhite.com
[01:39:10]   [WEBSITE] Looking up: Above the Dunes
[01:39:13]     Website: https://abovethedunes.com
[01:39:17]   [WEBSITE] Looking up: Shorebreak Lodge
[01:39:20]     Website: https://shorebreaklodge.com
[01:39:24]   [WEBSITE] Looking up: Salt Air
[01:39:28]     Website: https://saltairrestaurant.com
[01:39:32]   [WEBSITE] Looking up: Somewhere
[01:39:35]     Website: https://www.somewhereatthebeach.com
[01:39:38]   [WEBSITE] Looking up: The Blue Hen
[01:39:41]     Website: https://www.thebluehenrehoboth.com
[01:39:45]   [WEBSITE] Looking up: Michy's Relaxed Dining
[01:39:49]     Website: https://www.michysrelaxeddining.com
[01:39:52]   [WEBSITE] Looking up: Dogfish Head Chesapeake & Maine
[01:39:55]     Website: https://www.dogfish.com
[01:39:58]   [WEBSITE] Looking up: The Libation Room
[01:40:02]     Website: https://summerhouserehoboth.com
[01:40:05]   [WEBSITE] Looking up: Bramble & Brine at the Buttery
[01:40:09]     Website: https://www.bramble-brine.com
[01:40:11]   [WEBSITE] Looking up: Summer House
[01:40:15]     Website: https://summerhouserehoboth.com
[01:40:19]   [WEBSITE] Looking up: Nalu
[01:40:22]     Website: https://nalusurfbar.com
[01:40:26]   [WEBSITE] Looking up: Bluecoast Seafood Grill & Raw Bar Rehoboth
[01:40:29]     Website: https://www.bluecoastrehoboth.com
[01:40:33]   [WEBSITE] Looking up: The Cultured Pearl Restaurant & Sushi Bar
[01:40:36]     Website: https://www.culturedpearl.us
[01:40:39]   [WEBSITE] Looking up: DiFebo’s Restaurant Rehoboth
[01:40:42]     Website: https://www.difebos.com
[01:40:45]   [WEBSITE] Looking up: Purple Parrot Grill Beach Haus & Biergarten
[01:40:49]     Website: https://www.ppgrill.com
[01:40:53]   [WEBSITE] Looking up: Crushers
[01:40:56]     Website: https://www.crushersbar.com
[01:40:59]   [WEBSITE] Looking up: Big Fish Grill Rehoboth
[01:41:02]     Website: https://bigfishgrill.com
[01:41:05]   [WEBSITE] Looking up: Gus & Gus Place
[01:41:08]     Website: https://5.3K+
[01:41:12]   [WEBSITE] Looking up: Mason's Famous Lobster Rolls
[01:41:15]     Website: https://www.masonslobster.com
[01:41:18]   [WEBSITE] Looking up: Obie's By the Sea
[01:41:22]     Website: https://obiesrehoboth.com
[01:41:26]   [WEBSITE] Looking up: Mariachi Restaurant
[01:41:29]     Website: https://mariachirehobothde.com
[01:41:33]   [WEBSITE] Looking up: FINS Fish House & Raw Bar
[01:41:36]     Website: https://www.finsrawbar.com
[01:41:40]   [WEBSITE] Looking up: Bodhi Kitchen
[01:41:43]     Website: https://www.bodhirb.com
[01:41:46]   [WEBSITE] Looking up: fifty nine
[01:41:50]     Website: https://www.fiftyninerehoboth.com
[01:41:53]   [WEBSITE] Looking up: Sazio
[01:41:56]     Website: https://saziorehoboth.com
[01:42:01]   [WEBSITE] Looking up: Rigby's Bar & Grill
[01:42:04]     Website: https://www.rigbysrehoboth.com
[01:42:07]   [WEBSITE] Looking up: Claws Seafood House - Rehoboth Beach
[01:42:10]     Website: https://www.clawsseafoodhouse.com
[01:42:14]   [WEBSITE] Looking up: Lewes Oyster House
[01:42:17]     Website: https://lewesoyster.com
[01:42:20]   [WEBSITE] Looking up: Dalmata Italiano
[01:42:23]     Website: https://www.dalmataitaliano.com
[01:42:26]   [WEBSITE] Looking up: Zogg's Raw Bar & Grill
[01:42:29]     Website: https://www.zoggsbar.com
[01:42:33]   [WEBSITE] Looking up: Crystal Restaurant
[01:42:36]     Website: https://www.visitdelaware.com
[01:42:40]   [WEBSITE] Looking up: Crab House
[01:42:44]     Website: https://crabhouserehoboth.com
[01:42:47]   [WEBSITE] Looking up: Harvest Tide Steakhouse, Lewes, DE
[01:42:50]     Website: https://harvesttide.co
[01:42:53]   [WEBSITE] Looking up: Café Papillon
[01:42:56]     Website: https://3.1K+
[01:43:01]   [WEBSITE] Looking up: Aqua Bar & Grill
[01:43:04]     Website: https://aquarehoboth.com
[01:43:07]   [WEBSITE] Looking up: Downtown Bethany Blues
[01:43:10]     Website: https://downtownbluesrehoboth.com
[01:43:14]   [WEBSITE] Looking up: Robin Hood Restaurant
[01:43:17]     Website: https://foodieelitist.com
[01:43:28] 
[01:43:28] === Taste Query [8/17]: historic fine dining restaurant Lancaster PA ===
[01:43:37]   Scrolling search results...
[01:43:45]   Extracting results...
[01:43:45]   Found 7 results
[01:44:01]   Added 2 new venues from query
[01:44:01]   [WEBSITE] Looking up: Horse Inn
[01:44:04]     Website: https://horseinnlancaster.com
[01:44:07]   [WEBSITE] Looking up: The Greenfield Restaurant & Bar
[01:44:10]     Website: https://www.thegreenfieldrestaurant.com
[01:44:22] 
[01:44:22] === Taste Query [9/17]: historic fine dining restaurant Ellicott City MD ===
[01:44:28]   Scrolling search results...
[01:44:36]   Extracting results...
[01:44:37]   Found 7 results
[01:44:55]   Added 5 new venues from query
[01:44:55]   [WEBSITE] Looking up: The Elkridge Furnace Inn
[01:44:59]     Website: https://www.elkridgefurnaceinn.com
[01:45:02]   [WEBSITE] Looking up: Manor Hill Tavern
[01:45:06]     Website: https://www.manorhilltavern.com
[01:45:10]   [WEBSITE] Looking up: UMI Sushi - Ellicott City
[01:45:13]     Website: https://www.umisushimd.com
[01:45:16]   [WEBSITE] Looking up: Alexandra's Restaurant
[01:45:19]     Website: https://www.alexandrasrestaurant.com
[01:45:22]   [WEBSITE] Looking up: Mad Chef Kitchen & Bar
[01:45:26]     Website: https://www.madchefkitchen.com
[01:45:37] 
[01:45:37] === Taste Query [10/17]: historic fine dining restaurant Severna Park MD ===
[01:45:43]   Scrolling search results...
[01:45:50]   Extracting results...
[01:45:50]   Found 7 results
[01:46:05]   Added 1 new venues from query
[01:46:05]   [WEBSITE] Looking up: The Social
[01:46:08]     Website: https://thesocialsp.com
[01:46:20] 
[01:46:20] === Taste Query [11/17]: historic fine dining restaurant Vienna VA ===
[01:46:27]   Scrolling search results...
[01:46:34]   Extracting results...
[01:46:34]   Found 7 results
[01:46:49]   Added 1 new venues from query
[01:46:49]   [WEBSITE] Looking up: Evelyn Rose
[01:46:53]     Website: https://www.evelynrosevienna.com
[01:47:04] 
[01:47:04] === Taste Query [12/17]: historic fine dining restaurant Herndon VA ===
[01:47:11]   Scrolling search results...
[01:47:17]   Extracting results...
[01:47:17]   Found 7 results
[01:47:36]   Added 4 new venues from query
[01:47:36]   [WEBSITE] Looking up: Zeffirelli Ristorante Italiano
[01:47:40]     Website: https://www.zeffirelliva.com
[01:47:43]   [WEBSITE] Looking up: Maharani Palace Fine Indian Cuisine & Bar
[01:47:46]     Website: https://www.maharanipalace.com
[01:47:50]   [WEBSITE] Looking up: Anatolian Bistro
[01:47:53]     Website: https://anatolianbistro.com
[01:47:56]   [WEBSITE] Looking up: Bole Bole Ethiopian Kitchen & Bar
[01:47:59]     Website: https://bolebolerestaurant.com
[01:48:09] 
[01:48:09] === Taste Query [13/17]: historic fine dining restaurant Chadds Ford PA ===
[01:48:17]   Scrolling search results...
[01:48:24]   Extracting results...
[01:48:25]   Found 7 results
[01:48:39]   Added 0 new venues from query
[01:48:46] 
[01:48:46] === Taste Query [14/17]: historic fine dining restaurant Oxford MD ===
[01:48:54]   Scrolling search results...
[01:49:00]   Extracting results...
[01:49:01]   Found 7 results
[01:49:17]   Added 5 new venues from query
[01:49:17]   [WEBSITE] Looking up: The Milton Inn
[01:49:21]     Website: https://www.themiltoninn.com
[01:49:25]   [WEBSITE] Looking up: Pope's Tavern
[01:49:28]     Website: https://www.oxfordinn.net
[01:49:32]   [WEBSITE] Looking up: Salter's Tap Room and Tavern
[01:49:35]     Website: https://www.visitmaryland.org
[01:49:38]   [WEBSITE] Looking up: Oxford Inn
[01:49:41]     Website: https://www.oxfordinn.net
[01:49:44]   [WEBSITE] Looking up: The Smokehouse Restaurant at Antrim 1844
[01:49:48]     Website: https://www.antrim1844.com
[01:49:58] 
[01:49:58] === Taste Query [15/17]: French restaurant Charlottesville VA ===
[01:50:06]   Scrolling search results...
[01:50:13]   Extracting results...
[01:50:13]   Found 7 results
[01:50:23]   Added 2 new venues from query
[01:50:23]   [WEBSITE] Looking up: Petit Pois Restaurant
[01:50:27]     Website: https://www.petitpoisrestaurant.com
[01:50:30]   [WEBSITE] Looking up: Bizou
[01:50:33]     Website: https://www.bizoudowntown.com
[01:50:42] 
[01:50:42] === Taste Query [16/17]: French restaurant Shepherdstown WV ===
[01:50:49]   Scrolling search results...
[01:50:56]   Extracting results...
[01:50:56]   No results found
[01:51:01] 
[01:51:01] === Taste Query [17/17]: French restaurant Greenville DE ===
[01:51:10]   Scrolling search results...
[01:51:16]   Extracting results...
[01:51:16]   No results found
[01:51:20]   MAX_QUERIES=17 reached — stopping.
[01:51:20] Calculating distances for new venues...
[01:52:24]   Distances calculated: 0
[01:52:24] 
[01:52:24] === Taste Discovery Complete ===
[01:52:24]   Queries run: 17
[01:52:24]   Venues added: 178
[01:52:24]   Queries remaining: 358

[12:53:55] === Taste Discovery Mode Started ===
[12:53:55] MAX_QUERIES=18
[12:53:55] Fetching existing venues + past gigs for dedup...
[12:54:21] Existing venues + past gigs: 0
[12:54:21] Generating search queries from taste profile...
[12:54:21] Generated 358 queries (18 will run this session)
[12:54:21] 
[12:54:21] === Taste Query [1/18]: French restaurant Wilmington DE ===
[12:54:26]   Scrolling search results...
[12:54:34]   Extracting results...
[12:54:34]   Found 7 results
[12:54:50]   Added 1 new venues from query
[12:54:50]   [WEBSITE] Looking up: Park Café
[12:54:53]     Website: https://www.parkcafede.com
[12:55:03] 
[12:55:03] === Taste Query [2/18]: French restaurant Kennett Square PA ===
[12:55:08]   Scrolling search results...
[12:55:16]   Extracting results...
[12:55:16]   Found 58 results
[12:57:26]   Added 19 new venues from query
[12:57:27]   [WEBSITE] Looking up: Mary Pat's Provisions
[12:57:30]     Website: https://marypats.com
[12:57:33]   [WEBSITE] Looking up: Creek Side Diner
[12:57:36]     Website: https://creeksidediner.shop
[12:57:39]   [WEBSITE] Looking up: PureBread Deli - Kennett
[12:57:43]     Website: https://purebreaddeli.com
[12:57:46]   [WEBSITE] Looking up: The Francis Hotel & Suites
[12:57:49]     Website: https://thefrancisksq.com
[12:57:53]   [WEBSITE] Looking up: Chaikhana Chai
[12:57:56]     Website: https://chaikhanachai.com
[12:57:59]   [WEBSITE] Looking up: Kennett Chicken
[12:58:03]     Website: https://www.kaboburritos.com
[12:58:06]   [WEBSITE] Looking up: Crème
[12:58:09]     Website: https://www.seriouseats.com
[12:58:13]   [WEBSITE] Looking up: La Tartine
[12:58:16]     Website: https://www.latartinewc.com
[12:58:19]   [WEBSITE] Looking up: Chefs Haven
[12:58:23]     Website: https://chefshaven.com
[12:58:26]   [WEBSITE] Looking up: Antonia's Pizzeria
[12:58:29]     Website: https://www.antoniaspizzeriaksq.com
[12:58:33]   [WEBSITE] Looking up: Michoacana Grill
[12:58:36]     Website: https://michoacanagrillkennett.com
[12:58:47]   [WEBSITE] Looking up: Archie's
[12:58:50]     Website: https://archiesoncarson.com
[12:58:53]   [WEBSITE] Looking up: El poblano
[12:58:56]     Website: https://lapoblanamexicangrill.com
[12:58:59]   [WEBSITE] Looking up: Antojitos Mi Tierra
[12:59:03]     Website: https://8.9K+
[12:59:06]   [WEBSITE] Looking up: Perkins American Food Co.
[12:59:09]     Website: https://www.perkinsrestaurants.com
[12:59:12]   [WEBSITE] Looking up: Applebee's Grill + Bar
[12:59:16]     Website: https://restaurants.applebees.com
[12:59:19]   [WEBSITE] Looking up: Kaboburritos
[12:59:22]     Website: https://www.kaboburritos.com
[12:59:26]   [WEBSITE] Looking up: Panadería y Taquería Morelos
[12:59:29]     Website: https://panaderiaytaqueriamorelos.gotoeat.net
[12:59:33]   [WEBSITE] Looking up: El Ranchero Mexican Restaurant
[12:59:37]     Website: https://1.5K+
[12:59:45] 
[12:59:45] === Taste Query [3/18]: French restaurant Bryn Mawr PA ===
[12:59:50]   Scrolling search results...
[12:59:56]   Extracting results...
[12:59:56]   Found 54 results
[13:02:10]   Added 26 new venues from query
[13:02:10]   [WEBSITE] Looking up: Angelo’s Café Bryn Mawr
[13:02:13]     Website: https://angelo-s-caf-bryn-mawr.wheree.com
[13:02:17]   [WEBSITE] Looking up: Tous les Jours - Haverford
[13:02:20]     Website: https://tljus.com
[13:02:23]   [WEBSITE] Looking up: Matines Café - Wayne
[13:02:26]     Website: https://matinescafe.com
[13:02:30]   [WEBSITE] Looking up: Gullifty's
[13:02:33]     Website: https://gulliftys.com
[13:02:36]   [WEBSITE] Looking up: Delice et Chocolat - Ardmore
[13:02:40]     Website: https://www.delicechocolat.com
[13:02:43]   [WEBSITE] Looking up: Angelo’s Café Lancaster County Farmers Market
[13:02:47]     Website: https://www.lancastercountyfarmersmarket.com
[13:02:50]   [WEBSITE] Looking up: La Provence
[13:02:53]     Website: https://www.laprovenceambler.com
[13:02:57]   [WEBSITE] Looking up: Provenance
[13:03:00]     Website: https://provenancephl.com
[13:03:03]   [WEBSITE] Looking up: Love & Honey Fried Chicken- Bryn Mawr, PA
[13:03:06]     Website: https://www.loveandhoneyfriedchicken.com
[13:03:09]   [WEBSITE] Looking up: Bunha Faun Restaurant
[13:03:13]     Website: https://bunhafaunrestaurant.com
[13:03:16]   [WEBSITE] Looking up: The Blue Elephant Wayne
[13:03:19]     Website: https://www.blueelephantwayne.com
[13:03:22]   [WEBSITE] Looking up: Lovebird
[13:03:25]     Website: https://www.lovebirdpa.com
[13:03:29]   [WEBSITE] Looking up: Fond
[13:03:32]     Website: https://www.fondbyob.com
[13:03:37]   [WEBSITE] Looking up: The Silverspoon
[13:03:41]     Website: https://silverspoonwayne.com
[13:03:44]   [WEBSITE] Looking up: Jolene's
[13:03:47]     Website: https://joleneswc.com
[13:03:51]   [WEBSITE] Looking up: Matines Café
[13:03:54]     Website: https://matinescafe.com
[13:03:58]   [WEBSITE] Looking up: Flip & Bailey's
[13:04:01]     Website: https://www.flipandbaileys.com
[13:04:04]   [WEBSITE] Looking up: My Loup
[13:04:08]     Website: https://www.myloupphl.com
[13:04:12]   [WEBSITE] Looking up: La Colombe Coffee Workshop
[13:04:15]     Website: https://www.lacolombe.com
[13:04:18]   [WEBSITE] Looking up: Cozy Lounge
[13:04:21]     Website: https://www.cozypa.com
[13:04:25]   [WEBSITE] Looking up: The Little Blue Owl Baking Company
[13:04:28]     Website: https://littleblueowlbaking.com
[13:04:33]   [WEBSITE] Looking up: Christopher's a Neighborhood Place
[13:04:36]     Website: https://christophersaneighborhoodplace.com
[13:04:40]   [WEBSITE] Looking up: El Limon Bryn Mawr
[13:04:43]     Website: https://ellimontaquerias.com
[13:04:47]   [WEBSITE] Looking up: Flakely Gluten Free BRYN MAWR
[13:04:50]     Website: https://www.flakelygf.com
[13:04:53]   [WEBSITE] Looking up: Mabu Kitchen
[13:04:57]     Website: https://mabukitchenphilly.com
[13:05:00]   [WEBSITE] Looking up: June BYOB
[13:05:04]     Website: https://junebyob.com
[13:05:14] 
[13:05:14] === Taste Query [4/18]: French restaurant Rehoboth Beach DE ===
[13:05:21]   Scrolling search results...
[13:05:29]   Extracting results...
[13:05:29]   No results found
[13:05:32] 
[13:05:32] === Taste Query [5/18]: French restaurant Lancaster PA ===
[13:05:39]   Scrolling search results...
[13:05:46]   Extracting results...
[13:05:46]   Found 5 results
[13:05:59]   Added 2 new venues from query
[13:05:59]   [WEBSITE] Looking up: Vécu
[13:06:02]     Website: https://26eastlancaster.com
[13:06:06]   [WEBSITE] Looking up: Citronnelle
[13:06:09]     Website: https://lancasteronline.com
[13:06:18] 
[13:06:18] === Taste Query [6/18]: French restaurant Ellicott City MD ===
[13:06:22]   Scrolling search results...
[13:06:28]   Extracting results...
[13:06:28]   No results found
[13:06:33] 
[13:06:33] === Taste Query [7/18]: French restaurant Severna Park MD ===
[13:06:38]   Scrolling search results...
[13:06:44]   Extracting results...
[13:06:44]   No results found
[13:06:48] 
[13:06:48] === Taste Query [8/18]: French restaurant Vienna VA ===
[13:06:53]   Scrolling search results...
[13:07:01]   Extracting results...
[13:07:02]   Found 2 results
[13:07:05]   Added 1 new venues from query
[13:07:05]   [WEBSITE] Looking up: Le Bistro VA
[13:07:08]     Website: https://www.lebistrova.com
[13:07:19] 
[13:07:19] === Taste Query [9/18]: French restaurant Herndon VA ===
[13:07:24]   Scrolling search results...
[13:07:30]   Extracting results...
[13:07:30]   Found 2 results
[13:07:32]   Added 0 new venues from query
[13:07:39] 
[13:07:39] === Taste Query [10/18]: French restaurant Chadds Ford PA ===
[13:07:44]   Scrolling search results...
[13:07:50]   Extracting results...
[13:07:50]   Found 38 results
[13:09:16]   Added 13 new venues from query
[13:09:16]   [WEBSITE] Looking up: Mistral French & Fast
[13:09:19]     Website: https://mistralfrenchandfast.com
[13:09:23]   [WEBSITE] Looking up: The Crown Tavern
[13:09:26]     Website: https://crowninconcord.com
[13:09:29]   [WEBSITE] Looking up: Osteria Ama
[13:09:33]     Website: https://osteriaama-cf.com
[13:09:37]   [WEBSITE] Looking up: Avenue Kitchen
[13:09:40]     Website: https://www.avekitchen.com
[13:09:44]   [WEBSITE] Looking up: Nooddi - Thai Chef
[13:09:47]     Website: https://thaicheftoday.com
[13:09:51]   [WEBSITE] Looking up: Agave
[13:09:54]     Website: http://agavechaddsford.com
[13:09:58]   [WEBSITE] Looking up: Delco's Original Steaks & Hoagies
[13:10:01]     Website: https://delcosoriginalsteak.com
[13:10:05]   [WEBSITE] Looking up: La Baguette Magique
[13:10:08]     Website: https://6.6K+
[13:10:12]   [WEBSITE] Looking up: Margie's Cuisine
[13:10:15]     Website: https://www.margiescuisinellc.com
[13:10:20]   [WEBSITE] Looking up: Wild Wisteria
[13:10:23]     Website: https://pennsburyinn.hotels-pennsylvania.com
[13:10:27]   [WEBSITE] Looking up: Harvest Seasonal Grill - Glen Mills
[13:10:31]     Website: https://harvestseasonal.com
[13:10:36]   [WEBSITE] Looking up: Planchette Bistro and Creperie
[13:10:40]     Website: https://planchettebistro.com
[13:10:46]   [WEBSITE] Looking up: Koy Restaurant
[13:10:49]     Website: https://eatatkoy.com
[13:11:00] 
[13:11:00] === Taste Query [11/18]: French restaurant Oxford MD ===
[13:11:06]   Scrolling search results...
[13:11:13]   Extracting results...
[13:11:13]   Found 11 results
[13:11:39]   Added 1 new venues from query
[13:11:39]   [WEBSITE] Looking up: Scottish Highland Creamery
[13:11:42]     Website: https://scottishhighlandcreamery.com
[13:11:55] 
[13:11:55] === Taste Query [12/18]: European bistro Charlottesville VA ===
[13:12:00]   Scrolling search results...
[13:12:08]   Extracting results...
[13:12:08]   Found 38 results
[13:13:55]   Added 22 new venues from query
[13:13:55]   [WEBSITE] Looking up: Deen's Bistro
[13:13:58]     Website: https://deensbistro.dine.online
[13:14:02]   [WEBSITE] Looking up: Otto
[13:14:05]     Website: https://otto-cville.com
[13:14:10]   [WEBSITE] Looking up: Ethos Wine & Tea
[13:14:13]     Website: https://www.ethoswineandtea.com
[13:14:20]   [WEBSITE] Looking up: Birch + Bloom
[13:14:23]     Website: https://www.birchandbloomrestaurant.com
[13:14:27]   [WEBSITE] Looking up: Luce
[13:14:30]     Website: https://lucenorfolk.com
[13:14:33]   [WEBSITE] Looking up: Tilman's
[13:14:37]     Website: https://www.tilmanscheeseandwine.com
[13:14:40]   [WEBSITE] Looking up: Bavarian Chef
[13:14:44]     Website: https://thebavarianchef.com
[13:14:48]   [WEBSITE] Looking up: Pi-Napo Pizzeria
[13:14:51]     Website: https://pinapopizza.com
[13:14:55]   [WEBSITE] Looking up: Cou Cou Rachou
[13:14:58]     Website: https://www.coucourachou.com
[13:15:01]   [WEBSITE] Looking up: Petite MarieBette
[13:15:05]     Website: http://www.mariebette.com
[13:15:09]   [WEBSITE] Looking up: Carmello's
[13:15:13]     Website: https://carmellosrestaurant.net
[13:15:17]   [WEBSITE] Looking up: matchbox
[13:15:20]     Website: https://www.matchboxrestaurants.com
[13:15:24]   [WEBSITE] Looking up: Feast Market & Café
[13:15:27]     Website: https://www.feastvirginia.com
[13:15:30]   [WEBSITE] Looking up: Tip Top Restaurant
[13:15:34]     Website: https://tiptoprestaurant.com
[13:15:38]   [WEBSITE] Looking up: Edelweiss Restaurant
[13:15:41]     Website: https://edelweissvirginia.com
[13:15:47]   [WEBSITE] Looking up: Albemarle Baking Co
[13:15:50]     Website: https://albemarlebakingco.com
[13:15:58]   [WEBSITE] Looking up: Mona Lisa Pasta Inc
[13:16:01]     Website: https://www.monalisapasta.com
[13:16:04]   [WEBSITE] Looking up: Crush Pad Wines
[13:16:08]     Website: https://www.crushpadcville.com
[13:16:11]   [WEBSITE] Looking up: Gabriele Rausse Winery
[13:16:15]     Website: https://www.gabrieleraussewinery.com
[13:16:18]   [WEBSITE] Looking up: Marigold by Jean-Georges
[13:16:21]     Website: https://www.marigoldjg.com
[13:16:26]   [WEBSITE] Looking up: Tasting Room & Taphouse at Mount Ida Reserve
[13:16:29]     Website: https://mountidareserve.com
[13:16:32]   [WEBSITE] Looking up: Lampo Neapolitan Pizzeria
[13:16:36]     Website: https://www.lampopizza.com
[13:16:45] 
[13:16:45] === Taste Query [13/18]: European bistro Shepherdstown WV ===
[13:16:52]   Scrolling search results...
[13:16:59]   Extracting results...
[13:16:59]   Found 2 results
[13:17:04]   Added 0 new venues from query
[13:17:09] 
[13:17:09] === Taste Query [14/18]: European bistro Greenville DE ===
[13:17:16]   Scrolling search results...
[13:17:24]   Extracting results...
[13:17:24]   Found 3 results
[13:17:31]   Added 0 new venues from query
[13:17:39] 
[13:17:39] === Taste Query [15/18]: European bistro Wilmington DE ===
[13:26:13]   Scrolling search results...
[13:43:02]   Extracting results...
[13:43:02]   No results found
[13:58:09] 
[13:58:09] === Taste Query [16/18]: European bistro Kennett Square PA ===
[14:25:43]   Scrolling search results...
[14:25:49]   Extracting results...
[14:25:49]   Found 16 results
[14:26:28]   Added 1 new venues from query
[14:26:28]   [WEBSITE] Looking up: Caffè Pura
[14:26:31]     Website: https://1.3K+
[14:26:41] 
[14:26:41] === Taste Query [17/18]: European bistro Bryn Mawr PA ===
[14:26:47]   Scrolling search results...
[14:26:55]   Extracting results...
[14:26:55]   Found 22 results
[14:27:52]   Added 9 new venues from query
[14:27:52]   [WEBSITE] Looking up: Cicala at the Divine Lorraine
[14:27:56]     Website: https://www.cicalarestaurant.com
[14:27:59]   [WEBSITE] Looking up: White House Tajine
[14:28:02]     Website: https://whtajine.com
[14:28:06]   [WEBSITE] Looking up: Rosalie
[14:28:09]     Website: https://rosaliewayne.com
[14:28:14]   [WEBSITE] Looking up: Settantatre Pasta & Provisions
[14:28:17]     Website: https://www.settantatrepasta73.com
[14:28:21]   [WEBSITE] Looking up: Carlino's Market
[14:28:24]     Website: https://www.carlinosmarket.com
[14:28:27]   [WEBSITE] Looking up: Tredici Italian Market
[14:28:30]     Website: https://www.trediciitalianmarket.com
[14:28:34]   [WEBSITE] Looking up: Nirvana Indian Bistro, Bryn Mawr
[14:28:37]     Website: https://nirvanabistropa.com
[14:28:41]   [WEBSITE] Looking up: Cornerstone & The Wine Shop at Cornerstone
[14:28:44]     Website: https://www.cornerstonewayne.com
[14:28:47]   [WEBSITE] Looking up: Enoteca Tredici
[14:28:51]     Website: https://1.4K+
[14:29:01] 
[14:29:01] === Taste Query [18/18]: European bistro Rehoboth Beach DE ===
[14:29:06]   Scrolling search results...
[14:29:13]   Extracting results...
[14:29:13]   Found 46 results
[14:31:17]   Added 18 new venues from query
[14:31:17]   [WEBSITE] Looking up: Sirocco Food & Drink
[14:31:21]     Website: https://siroccorehobothbeach.com
[14:31:24]   [WEBSITE] Looking up: Jam Bistro
[14:31:27]     Website: https://jambistro.com
[14:31:30]   [WEBSITE] Looking up: Pazzo Italiano
[14:31:34]     Website: https://www.eatpazzo.com
[14:31:37]   [WEBSITE] Looking up: Aroma Mediterranean Cuisine
[14:31:40]     Website: https://aromarb.com
[14:31:44]   [WEBSITE] Looking up: Semra's Mediterranean Grill
[14:31:47]     Website: https://www.semrasmediterranean.com
[14:31:51]   [WEBSITE] Looking up: Indigo
[14:31:55]     Website: https://www.indigodesouza.com
[14:31:58]   [WEBSITE] Looking up: RB Kabob & Grill
[14:32:01]     Website: https://www.rbkabobgrill.com
[14:32:05]   [WEBSITE] Looking up: Victoria's Restaurant
[14:32:08]     Website: https://boardwalkplaza.com
[14:32:12]   [WEBSITE] Looking up: The Local Bootlegging Co. (Formerly 302 The Local)
[14:32:15]     Website: https://302thelocal.com
[14:32:19]   [WEBSITE] Looking up: Agave Mexican Restaurant
[14:32:22]     Website: https://www.agaverestaurants.com
[14:32:26]   [WEBSITE] Looking up: Ava's Pizzeria & Wine Bar - Rehoboth Beach
[14:32:29]     Website: https://avaspizzeria.com
[14:32:32]   [WEBSITE] Looking up: Arena's Deli and Bar
[14:32:35]     Website: https://www.arenasdeliandbar.com
[14:32:39]   [WEBSITE] Looking up: Chocolate Wave
[14:32:42]     Website: https://1.7K+
[14:32:46]   [WEBSITE] Looking up: Stingray Sushi Bar + Asian Grill
[14:32:49]     Website: https://stingrayrestaurant.com
[14:32:53]   [WEBSITE] Looking up: Grandpa Mac
[14:32:56]     Website: https://www.grandpamac.com
[14:33:00]   [WEBSITE] Looking up: The Shops at Rehoboth Mews
[14:33:03]     Website: https://2.4K+
[14:33:06]   [WEBSITE] Looking up: Rehoboth Ale House Downtown
[14:33:10]     Website: https://rehobothalehouse.com
[14:33:13]   [WEBSITE] Looking up: Just In Thyme Restaurant
[14:33:16]     Website: https://rehobothfoodie.com
[14:33:26]   MAX_QUERIES=18 reached — stopping.
[14:33:26] Calculating distances for new venues...
[14:34:41]   Distances calculated: 0
[14:34:41] 
[14:34:41] === Taste Discovery Complete ===
[14:34:41]   Queries run: 18
[14:34:41]   Venues added: 113
[14:34:41]   Queries remaining: 340

[19:22:32] === Venue Discovery Started ===
[19:22:32] Fetching past gigs...
[19:22:35] Found 70 past gigs
[19:22:35] Fetching existing venues for dedup...
[19:22:37] Existing venues: 2630
[19:22:37]   SKIP (already discovered): L'Auberge Chez Francois
[19:22:37]   SKIP (already discovered): The Inn at Perry Cabin
[19:22:37]   SKIP (already discovered): The Maryland Club
[19:22:37]   SKIP (already discovered): Black Ankle Vineyards
[19:22:37]   SKIP (already discovered): Royal Restaurant
[19:22:37]   SKIP (already discovered): Good Spirit Farm Winery
[19:22:37]   SKIP (already discovered): Chesapeake Manor Vineyard
[19:22:37]   SKIP (already discovered): Elkridge Furnace Inn
[19:22:37]   SKIP (already discovered): Xella Winery and Vineyard
[19:22:37]   SKIP (already discovered): Twin Oaks Tavern Winery
[19:22:37]   SKIP (already discovered): Windridge Vineyards
[19:22:37]   SKIP (already discovered): University Club
[19:22:37]   SKIP (already discovered): The Farmhouse Tuscan
[19:22:37]   SKIP (already discovered): Big Cork Vineyards
[19:22:37]   SKIP (already discovered): Savage Mill Mall
[19:22:37]   SKIP (already discovered): Trueman Vineyards
[19:22:37]   SKIP (already discovered): Williams Gap Vineyard
[19:22:37]   SKIP (already discovered): Hello Betty Bethesda
[19:22:37]   SKIP (already discovered): The Madison Hotel
[19:22:37]   SKIP (already discovered): Belle Haven Country Club
[19:22:37]   SKIP (already discovered): Casanel Vineyards & Winery
[19:22:37]   SKIP (already discovered): Chrysalis Vineyards at The Ag District
[19:22:37]   SKIP (already discovered): Corteau Winery
[19:22:37]   SKIP (already discovered): Penn Oaks Winery
[19:22:37]   SKIP (already discovered): Pizza Pomodoro
[19:22:37]   SKIP (already discovered): Hidden Brook Winery
[19:22:37]   SKIP (already discovered): Simple Theory Wine Co
[19:22:37]   SKIP (already discovered): Brightview Perry Hall
[19:22:37]   SKIP (already discovered): Lake Anne Coffee House & Wine Bar
[19:22:37]   SKIP (already discovered): Gaylord National Harbor
[19:22:37]   SKIP (already discovered): Woodberry Kitchen
[19:22:37]   SKIP (already discovered): Great Sage
[19:22:37]   SKIP (already discovered): Cosmos Club DC
[19:22:37]   SKIP (already discovered): Doukénie Winery
[19:22:37]   SKIP (already discovered): State Plaza Hotel DC
[19:22:37]   SKIP (already discovered): Hyatt Cambridge
[19:22:37]   SKIP (already discovered): Greenhill Vineyards
[19:22:37]   SKIP (already discovered): Loudoun Golf & Country Club
[19:22:37]   SKIP (already discovered): Creek's Edge Winery
[19:22:37]   SKIP (already discovered): The Milton Inn
[19:22:37]   SKIP (already discovered): Country Club of Fairfax
[19:22:37]   SKIP (already discovered): Century Club Hagerstown
[19:22:37]   SKIP (already discovered): Rock Spring Farm
[19:22:37]   SKIP (already discovered): Janemark Winery & Vineyard
[19:22:37]   SKIP (already discovered): Alma Cocina Latina
[19:22:37]   SKIP (already discovered): Omni Shoreham Hotel
[19:22:37]   SKIP (already discovered): Knoxie's Table
[19:22:37]   SKIP (already discovered): 1757 Golf Club
[19:22:37]   SKIP (already discovered): Holly Hills Country Club
[19:22:37]   SKIP (already discovered): Conrad Washington DC
[19:22:37]   SKIP (already discovered): Pirouette Restaurant & Wine Shop
[19:22:37]   SKIP (already discovered): Le Méridien Arlington
[19:22:37]   SKIP (already discovered): Dulles Town Center
[19:22:37]   SKIP (already discovered): Hidden Hills Farm and Vineyard
[19:22:37]   SKIP (already discovered): Maritime Museum St Michaels
[19:22:37]   SKIP (already discovered): Chartwell Golf & Country Club
[19:22:37]   SKIP (already discovered): Ruse
[19:22:37]   SKIP (already discovered): InGrano Bistro Bakery
[19:22:37]   SKIP (already discovered): Kent Manor Inn
[19:22:37]   SKIP (already discovered): Army Navy Country Club
[19:22:37]   SKIP (already discovered): River Bend Country Club
[19:22:37]   SKIP (already discovered): City Tavern DC
[19:22:37]   SKIP (already discovered): Baltimore Country Club
[19:22:37]   SKIP (already discovered): Vino and Pasta
[19:22:37]   SKIP (already discovered): 50 West Vineyards
[19:22:37]   SKIP (already discovered): The Galley Restaurant & Bar
[19:22:37]   SKIP (already discovered): Wylder Hotel Tilghman Island
[19:22:37]   SKIP (already discovered): Bistrot Lepic
[19:22:37]   SKIP (already discovered): Sunset Hills Winery
[19:22:37]   SKIP (already discovered): The Oaks Waterfront Hotel
[19:22:37] Cleaning up discovered_gigs.txt...
[19:22:42] 
[19:22:42] === Discovery Complete — Total new venues: 0 ===

[19:22:47] === Taste Discovery Mode Started ===
[19:22:47] MAX_QUERIES=25
[19:22:47] Fetching existing venues + past gigs for dedup...
[19:22:53] Existing venues + past gigs: 0
[19:22:53] Generating search queries from taste profile...
[19:22:53] Generated 340 queries (25 will run this session)
[19:22:53] 
[19:22:53] === Taste Query [1/25]: European bistro Lancaster PA ===
[19:22:58]   Scrolling search results...
[19:23:04]   Extracting results...
[19:23:04]   Found 50 results
[19:24:48]   Added 28 new venues from query
[19:24:48]   [WEBSITE] Looking up: Cabbage Hill Schnitzel Haus
[19:24:51]     Website: https://www.southernmarketlancaster.com
[19:24:54]   [WEBSITE] Looking up: European Grocery Store
[19:24:57]     Website: https://euromarketphiladelphia.com
[19:25:01]   [WEBSITE] Looking up: Sahara Bistro Shawarma
[19:25:04]     Website: https://www.saharabistroshawarma.com
[19:25:07]   [WEBSITE] Looking up: Bert & The Elephant
[19:25:10]     Website: https://bertandtheelephant.com
[19:25:13]   [WEBSITE] Looking up: Lancaster Brasserie
[19:25:17]     Website: https://lancasterbrasserie.com
[19:25:20]   [WEBSITE] Looking up: Ciro's Italian Bistro
[19:25:23]     Website: https://www.ciroslancaster.com
[19:25:27]   [WEBSITE] Looking up: Hometown Kitchen
[19:25:30]     Website: https://eatathometown.com
[19:25:34]   [WEBSITE] Looking up: Lombardo's Deli and Bistro
[19:25:37]     Website: https://www.lombardosrestaurant.com
[19:25:40]   [WEBSITE] Looking up: Neptune Diner
[19:25:44]     Website: https://www.theneptunediner.com
[19:25:46]   [WEBSITE] Looking up: Vine Bar
[19:25:50]     Website: https://vinebarvino.com
[19:25:53]   [WEBSITE] Looking up: Inna’s Pierogi Shop - Lancaster Central Market
[19:25:56]     Website: https://innaspierogishop.com
[19:26:00]   [WEBSITE] Looking up: Mandros
[19:26:03]     Website: https://www.mandrosimportedfoods.net
[19:26:06]   [WEBSITE] Looking up: Harvest Seasonal Grill - Lancaster
[19:26:09]     Website: https://harvestseasonal.com
[19:26:13]   [WEBSITE] Looking up: Himalayan Curry & Grill
[19:26:17]     Website: https://www.himalayanlancaster.com
[19:26:20]   [WEBSITE] Looking up: Souvlaki Boys Grill
[19:26:24]     Website: https://www.souvlakiboys.com
[19:26:26]   [WEBSITE] Looking up: Deli Grassi
[19:26:30]     Website: https://centralmarketlancaster.com
[19:26:33]   [WEBSITE] Looking up: El Pueblito
[19:26:36]     Website: https://www.elpueblitolancaster.com
[19:26:39]   [WEBSITE] Looking up: Piccolo Eatery
[19:26:43]     Website: https://3.7K+
[19:26:46]   [WEBSITE] Looking up: The Beer & Beverage Shoppe - Specialty Craft Beer Store
[19:26:49]     Website: https://tbbslancaster.com
[19:26:52]   [WEBSITE] Looking up: Tabarek Halal
[19:26:55]     Website: https://tabarekhalal.com
[19:26:59]   [WEBSITE] Looking up: Lancaster Marriott at Penn Square
[19:27:02]     Website: https://www.marriott.com
[19:27:05]   [WEBSITE] Looking up: The Inn At Leola Village - A Historic Hotel of America
[19:27:08]     Website: https://www.theinnatleolavillage.com
[19:27:11]   [WEBSITE] Looking up: The Village Haus
[19:27:15]     Website: https://thevillagehaus.com
[19:27:17]   [WEBSITE] Looking up: Pizzeria LUCA
[19:27:21]     Website: https://pizzerialucalancaster.com
[19:27:24]   [WEBSITE] Looking up: Kitchen Kettle Village
[19:27:27]     Website: https://www.kitchenkettle.com
[19:27:31]   [WEBSITE] Looking up: Eden Resort & Suites
[19:27:34]     Website: https://edenresort.com
[19:27:37]   [WEBSITE] Looking up: Asian Market
[19:27:40]     Website: https://asiancenterlanc.com
[19:27:43]   [WEBSITE] Looking up: Waffle House
[19:27:46]     Website: https://locations.wafflehouse.com
[19:27:56] 
[19:27:56] === Taste Query [2/25]: European bistro Ellicott City MD ===
[19:28:02]   Scrolling search results...
[19:28:10]   Extracting results...
[19:28:10]   Found 2 results
[19:28:13]   Added 1 new venues from query
[19:28:13]   [WEBSITE] Looking up: Tea Horse Sichuan Bistro 川知味
[19:28:17]     Website: https://www.teahorsemd.com
[19:28:25] 
[19:28:25] === Taste Query [3/25]: European bistro Severna Park MD ===
[19:28:30]   Scrolling search results...
[19:28:37]   Extracting results...
[19:28:37]   Found 13 results
[19:29:03]   Added 9 new venues from query
[19:29:03]   [WEBSITE] Looking up: Park Tavern
[19:29:06]     Website: https://www.parktavernsp.com
[19:29:12]   [WEBSITE] Looking up: Bei Jing Chinese Restaurant
[19:29:15]     Website: https://www.beijingchinesemd.com
[19:29:18]   [WEBSITE] Looking up: Mezeh Severna Park
[19:29:22]     Website: https://mezeh.com
[19:29:25]   [WEBSITE] Looking up: Squisito Pizza and Pasta - Severna Park
[19:29:28]     Website: https://squisitopizzaandpasta.com
[19:29:31]   [WEBSITE] Looking up: Jessica Zheng's East West Bistro - Chinese And Sushi Bar
[19:29:34]     Website: https://www.eastwestbistro.net
[19:29:37]   [WEBSITE] Looking up: Garry's Grill
[19:29:40]     Website: https://garrysgrill.com
[19:29:44]   [WEBSITE] Looking up: The Breakfast Shoppe
[19:29:47]     Website: https://thebreakfastshoppe.com
[19:29:51]   [WEBSITE] Looking up: Mi Pueblo II
[19:29:54]     Website: https://mipueblomd.com
[19:29:58]   [WEBSITE] Looking up: La Posta Pizzeria
[19:30:01]     Website: http://lapostapizzeria.com
[19:30:12] 
[19:30:12] === Taste Query [4/25]: European bistro Vienna VA ===
[19:30:17]   Scrolling search results...
[19:30:26]   Extracting results...
[19:30:26]   Found 3 results
[19:30:31]   Added 0 new venues from query
[19:30:38] 
[19:30:38] === Taste Query [5/25]: European bistro Herndon VA ===
[19:30:43]   Scrolling search results...
[19:30:50]   Extracting results...
[19:30:51]   No results found
[19:30:54] 
[19:30:54] === Taste Query [6/25]: European bistro Chadds Ford PA ===
[19:31:00]   Scrolling search results...
[19:31:08]   Extracting results...
[19:31:09]   Found 20 results
[19:31:51]   Added 4 new venues from query
[19:31:51]   [WEBSITE] Looking up: Black Cow Bistro
[19:31:54]     Website: https://delawarelive.com
[19:31:58]   [WEBSITE] Looking up: Cosmos Restaurant
[19:32:01]     Website: https://www.cosmosrestaurant.net
[19:32:04]   [WEBSITE] Looking up: European Republic
[19:32:08]     Website: https://www.oldcitydistrict.org
[19:32:11]   [WEBSITE] Looking up: Ravanesi Pizzeria, Inc.
[19:32:14]     Website: https://ravanesipizza.com
[19:32:24] 
[19:32:24] === Taste Query [7/25]: European bistro Oxford MD ===
[19:32:31]   Scrolling search results...
[19:32:37]   Extracting results...
[19:32:38]   Found 13 results

[19:32:59] === Taste Discovery Mode Started ===
[19:32:59] MAX_QUERIES=20
[19:32:59] Fetching existing venues + past gigs for dedup...
[19:33:05] Existing venues + past gigs: 0
[19:33:05] Generating search queries from taste profile...
[19:33:05] CITY_FILTER='Bethesda|Potomac|Chevy Chase|McLean|Great Falls|Alexandria|Reston|Georgetown|Dupont|Annapolis|Easton|Ellicott|Columbia|Roland Park|Severna Park|Vienna|Leesburg|Middleburg|Baltimore': filtered to 271 matching queries
[19:33:05] Generated 271 queries (20 will run this session)
[19:33:05] 
[19:33:05] === Taste Query [1/20]: private club Ellicott City MD ===
[19:33:11]   Scrolling search results...
[19:33:19]   Extracting results...
[19:33:19]   Found 54 results
[19:35:03]   Added 27 new venues from query
[19:35:03]   [WEBSITE] Looking up: Rolling Road Golf Club
[19:35:07]     Website: https://www.rollingroadgc.org
[19:35:10]   [WEBSITE] Looking up: Turf Valley Resort
[19:35:13]     Website: https://www.turfvalley.com
[19:35:18]   [WEBSITE] Looking up: The Dancel Y in Ellicott City
[19:35:21]     Website: https://ymaryland.org
[19:35:25]   [WEBSITE] Looking up: Turf Valley Golf Club
[19:35:29]     Website: https://www.turfvalley.com
[19:35:31]   [WEBSITE] Looking up: Tabu Social Club
[19:35:35]     Website: https://tabulife.com
[19:35:37]   [WEBSITE] Looking up: Hobbit's Glen Golf Club
[19:35:41]     Website: https://columbiaassociation.org
[19:35:43]   [WEBSITE] Looking up: JJ Golf Studio
[19:35:47]     Website: https://www.visithowardcounty.com
[19:35:50]   [WEBSITE] Looking up: Roger Carter Community Center
[19:35:53]     Website: https://www.howardcountymd.gov
[19:35:56]   [WEBSITE] Looking up: Club Pilates
[19:36:00]     Website: https://www.clubpilates.com
[19:36:03]   [WEBSITE] Looking up: Honey Plus Karaoke
[19:36:06]     Website: https://www.honeypluskaraoke.com
[19:36:10]   [WEBSITE] Looking up: Cattail Creek Country Club
[19:36:14]     Website: https://www.cattailcreekcc.com
[19:36:17]   [WEBSITE] Looking up: Waverly Woods Golf Club
[19:36:20]     Website: https://www.waverlywoods.com
[19:36:24]   [WEBSITE] Looking up: The Spa at Turf Valley
[19:36:28]     Website: https://www.turfvalley.com
[19:36:31]   [WEBSITE] Looking up: Kiwanis-Wallas Recreation Center
[19:36:34]     Website: https://www.visithowardcounty.com
[19:36:37]   [WEBSITE] Looking up: Sparrows Point Country Club
[19:36:41]     Website: https://www.sparrowspointcc.com
[19:36:44]   [WEBSITE] Looking up: Associated Gun Clubs of Baltimore, Inc.
[19:36:47]     Website: https://www.joinagcrange.org
[19:36:51]   [WEBSITE] Looking up: Glory Days Grill
[19:36:54]     Website: https://www.glorydaysgrill.com
[19:36:57]   [WEBSITE] Looking up: The 5 Mile House
[19:37:00]     Website: https://www.mdparty.com
[19:37:04]   [WEBSITE] Looking up: Fairway Hills Golf Club
[19:37:07]     Website: https://columbiaassociation.org
[19:37:10]   [WEBSITE] Looking up: Brickhouse Cardio Club
[19:37:13]     Website: https://brickhousecardioclub.net
[19:37:17]   [WEBSITE] Looking up: PADONIA
[19:37:20]     Website: https://padonia.com
[19:37:23]   [WEBSITE] Looking up: The Hub Sakaki Izakaya Bar and Karaoke
[19:37:26]     Website: https://hubktv.peblla.com
[19:37:29]   [WEBSITE] Looking up: Bare Bones Bar & Grill
[19:37:33]     Website: https://www.barebonesgrill.com
[19:37:36]   [WEBSITE] Looking up: Belmont Manor & Historic Park
[19:37:39]     Website: https://www.belmontmanormd.com
[19:37:43]   [WEBSITE] Looking up: Ellicott Distilling Co.
[19:37:46]     Website: https://www.ellicottdistilling.com
[19:37:49]   [WEBSITE] Looking up: The Links at Challedon
[19:37:52]     Website: https://thelinksatchalledon.com
[19:37:56]   [WEBSITE] Looking up: Hayfields Country Club
[19:37:59]     Website: https://www.hayfieldscc.com
[19:38:11] 
[19:38:11] === Taste Query [2/20]: private club Severna Park MD ===
[19:38:17]   Scrolling search results...
[19:38:23]   Extracting results...
[19:38:23]   Found 27 results
[19:39:05]   Added 10 new venues from query
[19:39:05]   [WEBSITE] Looking up: Elks Lodge #2482
[19:39:09]     Website: https://www.elks.org
[19:39:12]   [WEBSITE] Looking up: Severna Park Community Center
[19:39:16]     Website: https://www.spcommunitycenter.org
[19:39:19]   [WEBSITE] Looking up: Severna Park Community Center Aquatics
[19:39:22]     Website: https://www.spcommunitycenter.org
[19:39:24]   [WEBSITE] Looking up: Whitehurst Pirates Club
[19:39:28]     Website: https://playground-usa.nears.me
[19:39:31]   [WEBSITE] Looking up: Ferndale Community Club
[19:39:35]     Website: https://ferndale-community-club.wheree.com
[19:39:38]   [WEBSITE] Looking up: Alcove Event Studio
[19:39:41]     Website: https://www.alcoveeventstudio.com
[19:39:44]   [WEBSITE] Looking up: April's Table Catering & Events
[19:39:47]     Website: https://www.aprilstable.com
[19:39:50]   [WEBSITE] Looking up: Boone Station Hall
[19:39:53]     Website: https://www.spcommunitycenter.org
[19:39:57]   [WEBSITE] Looking up: Arden Beach
[19:40:01]     Website: https://www.ardenbeachesinc.com
[19:40:03]   [WEBSITE] Looking up: Hysteria Taphouse
[19:40:07]     Website: https://www.hysteriataphouse.com
[19:40:17] 
[19:40:17] === Taste Query [3/20]: private club Vienna VA ===
[19:40:23]   Scrolling search results...
[19:40:30]   Extracting results...
[19:40:30]   Found 7 results
[19:40:41]   Added 2 new venues from query
[19:40:41]   [WEBSITE] Looking up: The MBC
[19:40:45]     Website: https://mbc-va.com
[19:40:48]   [WEBSITE] Looking up: Am Hof 8 - Private Members Club
[19:40:51]     Website: https://amhof8.com
[19:41:01] 
[19:41:01] === Taste Query [4/20]: wine bar Ellicott City MD ===
[19:41:08]   Scrolling search results...
[19:41:16]   Extracting results...
[19:41:16]   Found 66 results
[19:43:28]   Added 42 new venues from query
[19:43:28]   [WEBSITE] Looking up: The Wine Bin
[19:43:31]     Website: https://www.winebinec.com
[19:43:34]   [WEBSITE] Looking up: The White Oak Tavern
[19:43:38]     Website: https://www.thewhiteoaktavern.com
[19:43:41]   [WEBSITE] Looking up: The Judge's Bench
[19:43:44]     Website: https://judgesbenchpub.com
[19:43:48]   [WEBSITE] Looking up: Old Line Kitchen & Wine Bar
[19:43:51]     Website: https://oldlinekitchen.com
[19:43:54]   [WEBSITE] Looking up: Petite Cellars
[19:43:57]     Website: https://www.petitecellars.com
[19:44:01]   [WEBSITE] Looking up: Backwater Books & Bibliopub
[19:44:05]     Website: https://backwaterbooks.com
[19:44:08]   [WEBSITE] Looking up: Manor Hill Beer Garden
[19:44:11]     Website: https://www.manorhilltavern.com
[19:44:14]   [WEBSITE] Looking up: HoCo Brew Hive
[19:44:18]     Website: https://www.hocobrewhive.com
[19:44:21]   [WEBSITE] Looking up: Tino's Italian Bistro & Wine Bar
[19:44:24]     Website: https://www.tinositalianbistro.com
[19:44:28]   [WEBSITE] Looking up: Phoenix Upper Main
[19:44:31]     Website: https://www.phoenixuppermain.com
[19:44:35]   [WEBSITE] Looking up: Leelynn's Dining Room and Lounge
[19:44:38]     Website: https://leelynns.com
[19:44:41]   [WEBSITE] Looking up: JUMAK
[19:44:45]     Website: https://www.seamless.com
[19:44:48]   [WEBSITE] Looking up: Shannon's Saloon
[19:44:52]     Website: https://shannonssaloon.com
[19:44:55]   [WEBSITE] Looking up: Micky’s Soju House
[19:44:58]     Website: https://www.mickyssojuhouse.com
[19:45:01]   [WEBSITE] Looking up: Honey Pig Hot Pot + Korean BBQ
[19:45:04]     Website: https://www.honeypigbbq.com
[19:45:07]   [WEBSITE] Looking up: Ranazul
[19:45:10]     Website: http://www.ranazul.us
[19:45:14]   [WEBSITE] Looking up: The Trolley Stop
[19:45:18]     Website: https://newtrolleystop.com
[19:45:22]   [WEBSITE] Looking up: Manor Hill Brewing
[19:45:25]     Website: https://www.manorhillbrewing.com
[19:45:28]   [WEBSITE] Looking up: Stella Notte Italian Restaurant
[19:45:31]     Website: https://www.stella-notte.com
[19:45:34]   [WEBSITE] Looking up: Coal Fire - Ellicott City
[19:45:37]     Website: https://coalfireonline.com
[19:45:40]   [WEBSITE] Looking up: The Mint Room
[19:45:43]     Website: http://www.themintroommd.com
[19:45:46]   [WEBSITE] Looking up: 5485 Restaurant and Bar
[19:45:50]     Website: https://www.hilton.com
[19:45:54]   [WEBSITE] Looking up: Village Green Spirit Shop
[19:45:57]     Website: https://village-green-spirit-shop.wheree.com
[19:46:00]   [WEBSITE] Looking up: Pinot's Palette
[19:46:03]     Website: https://www.pinotspalette.com
[19:46:06]   [WEBSITE] Looking up: All American Steakhouse
[19:46:09]     Website: https://theallamericansteakhouse.com
[19:46:12]   [WEBSITE] Looking up: Facci Ristorante of Turf Valley
[19:46:16]     Website: https://faccirestaurant.com
[19:46:19]   [WEBSITE] Looking up: JAM Eateries
[19:46:23]     Website: https://www.jameateries.com
[19:46:26]   [WEBSITE] Looking up: RegionAle
[19:46:29]     Website: https://regionalesandwich.com
[19:46:32]   [WEBSITE] Looking up: Niko Japanese Restaurant
[19:46:35]     Website: https://nikorestaurant.com
[19:46:38]   [WEBSITE] Looking up: Honey Pig Restaurant
[19:46:42]     Website: https://www.honeypigbbq.com
[19:46:45]   [WEBSITE] Looking up: Hot Pot Hero Ellicott City
[19:46:48]     Website: https://thehotpothero.com
[19:46:52]   [WEBSITE] Looking up: Facci Wood Fire Pizza Wine Bar of Maple Lawn
[19:46:55]     Website: https://faccirestaurant.com
[19:46:58]   [WEBSITE] Looking up: Graze Craze Ellicott City
[19:47:01]     Website: https://www.grazecraze.com
[19:47:05]   [WEBSITE] Looking up: Le's Nail Bar - Nail Salon Ellicott City MD
[19:47:08]     Website: https://www.lesnailbars.com
[19:47:11]   [WEBSITE] Looking up: Sushi Q6 Normandy
[19:47:15]     Website: http://www.sushiqmd.com
[19:47:17]   [WEBSITE] Looking up: ChoSun Hwaro
[19:47:20]     Website: https://www.chosunhwaro.com
[19:47:25]   [WEBSITE] Looking up: La Palapa Grill & Cantina
[19:47:29]     Website: https://www.lapalapagrill.com
[19:47:32]   [WEBSITE] Looking up: Outback Steakhouse
[19:47:35]     Website: https://locations.outback.com
[19:47:38]   [WEBSITE] Looking up: Xenia Greek Kouzina
[19:47:42]     Website: https://xeniagreekcouzina.com
[19:47:45]   [WEBSITE] Looking up: Trattoria Amore
[19:47:49]     Website: https://trattoriaamore.com
[19:47:52]   [WEBSITE] Looking up: Mi Casa Mexican Restaurant
[19:47:55]     Website: https://www.micasamd.com
[19:47:58]   [WEBSITE] Looking up: Sugarvale
[19:48:02]     Website: http://sugarvalebmore.com

[22:38:18] === Venue Discovery Started ===
[22:38:18] Fetching past gigs...
[22:38:21] Found 70 past gigs
[22:38:21] Fetching existing venues for dedup...
[22:38:23] Existing venues: 2845
[22:38:23]   SKIP (already discovered): L'Auberge Chez Francois
[22:38:23]   SKIP (already discovered): The Inn at Perry Cabin
[22:38:23]   SKIP (already discovered): The Maryland Club
[22:38:23]   SKIP (already discovered): Black Ankle Vineyards
[22:38:23]   SKIP (already discovered): Royal Restaurant
[22:38:23]   SKIP (already discovered): Good Spirit Farm Winery
[22:38:23]   SKIP (already discovered): Chesapeake Manor Vineyard
[22:38:23]   SKIP (already discovered): Elkridge Furnace Inn
[22:38:23]   SKIP (already discovered): Xella Winery and Vineyard
[22:38:23]   SKIP (already discovered): Twin Oaks Tavern Winery
[22:38:23]   SKIP (already discovered): Windridge Vineyards
[22:38:23]   SKIP (already discovered): University Club
[22:38:23]   SKIP (already discovered): The Farmhouse Tuscan
[22:38:23]   SKIP (already discovered): Big Cork Vineyards
[22:38:23]   SKIP (already discovered): Savage Mill Mall
[22:38:23]   SKIP (already discovered): Trueman Vineyards
[22:38:23]   SKIP (already discovered): Williams Gap Vineyard
[22:38:23]   SKIP (already discovered): Hello Betty Bethesda
[22:38:23]   SKIP (already discovered): The Madison Hotel
[22:38:23]   SKIP (already discovered): Belle Haven Country Club
[22:38:23]   SKIP (already discovered): Casanel Vineyards & Winery
[22:38:23]   SKIP (already discovered): Chrysalis Vineyards at The Ag District
[22:38:23]   SKIP (already discovered): Corteau Winery
[22:38:23]   SKIP (already discovered): Penn Oaks Winery
[22:38:23]   SKIP (already discovered): Pizza Pomodoro
[22:38:23]   SKIP (already discovered): Hidden Brook Winery
[22:38:23]   SKIP (already discovered): Simple Theory Wine Co
[22:38:23]   SKIP (already discovered): Brightview Perry Hall
[22:38:23]   SKIP (already discovered): Lake Anne Coffee House & Wine Bar
[22:38:23]   SKIP (already discovered): Gaylord National Harbor
[22:38:23]   SKIP (already discovered): Woodberry Kitchen
[22:38:23]   SKIP (already discovered): Great Sage
[22:38:23]   SKIP (already discovered): Cosmos Club DC
[22:38:23]   SKIP (already discovered): Doukénie Winery
[22:38:23]   SKIP (already discovered): State Plaza Hotel DC
[22:38:23]   SKIP (already discovered): Hyatt Cambridge
[22:38:23]   SKIP (already discovered): Greenhill Vineyards
[22:38:23]   SKIP (already discovered): Loudoun Golf & Country Club
[22:38:23]   SKIP (already discovered): Creek's Edge Winery
[22:38:23]   SKIP (already discovered): The Milton Inn
[22:38:23]   SKIP (already discovered): Country Club of Fairfax
[22:38:23]   SKIP (already discovered): Century Club Hagerstown
[22:38:23]   SKIP (already discovered): Rock Spring Farm
[22:38:23]   SKIP (already discovered): Janemark Winery & Vineyard
[22:38:23]   SKIP (already discovered): Alma Cocina Latina
[22:38:23]   SKIP (already discovered): Omni Shoreham Hotel
[22:38:23]   SKIP (already discovered): Knoxie's Table
[22:38:23]   SKIP (already discovered): 1757 Golf Club
[22:38:23]   SKIP (already discovered): Holly Hills Country Club
[22:38:23]   SKIP (already discovered): Conrad Washington DC
[22:38:23]   SKIP (already discovered): Pirouette Restaurant & Wine Shop
[22:38:23]   SKIP (already discovered): Le Méridien Arlington
[22:38:23]   SKIP (already discovered): Dulles Town Center
[22:38:23]   SKIP (already discovered): Hidden Hills Farm and Vineyard
[22:38:23]   SKIP (already discovered): Maritime Museum St Michaels
[22:38:23]   SKIP (already discovered): Chartwell Golf & Country Club
[22:38:23]   SKIP (already discovered): Ruse
[22:38:23]   SKIP (already discovered): InGrano Bistro Bakery
[22:38:23]   SKIP (already discovered): Kent Manor Inn
[22:38:23]   SKIP (already discovered): Army Navy Country Club
[22:38:23]   SKIP (already discovered): River Bend Country Club
[22:38:23]   SKIP (already discovered): City Tavern DC
[22:38:23]   SKIP (already discovered): Baltimore Country Club
[22:38:23]   SKIP (already discovered): Vino and Pasta
[22:38:23]   SKIP (already discovered): 50 West Vineyards
[22:38:23]   SKIP (already discovered): The Galley Restaurant & Bar
[22:38:23]   SKIP (already discovered): Wylder Hotel Tilghman Island
[22:38:23]   SKIP (already discovered): Bistrot Lepic
[22:38:23]   SKIP (already discovered): Sunset Hills Winery
[22:38:23]   SKIP (already discovered): The Oaks Waterfront Hotel
[22:38:23] Cleaning up discovered_gigs.txt...
[22:38:28] 
[22:38:28] === Discovery Complete — Total new venues: 0 ===

[22:50:46] === Venue Discovery Started ===
[22:50:46] Fetching past gigs...
[22:50:47] Found 70 past gigs
[22:50:47] Fetching existing venues for dedup...
[22:50:49] Existing venues: 2845
[22:50:49]   SKIP (already discovered): L'Auberge Chez Francois
[22:50:49]   SKIP (already discovered): The Inn at Perry Cabin
[22:50:49]   SKIP (already discovered): The Maryland Club
[22:50:49]   SKIP (already discovered): Black Ankle Vineyards
[22:50:49]   SKIP (already discovered): Royal Restaurant
[22:50:49]   SKIP (already discovered): Good Spirit Farm Winery
[22:50:49]   SKIP (already discovered): Chesapeake Manor Vineyard
[22:50:49]   SKIP (already discovered): Elkridge Furnace Inn
[22:50:49]   SKIP (already discovered): Xella Winery and Vineyard
[22:50:49]   SKIP (already discovered): Twin Oaks Tavern Winery
[22:50:49]   SKIP (already discovered): Windridge Vineyards
[22:50:49]   SKIP (already discovered): University Club
[22:50:49]   SKIP (already discovered): The Farmhouse Tuscan
[22:50:49]   SKIP (already discovered): Big Cork Vineyards
[22:50:49]   SKIP (already discovered): Savage Mill Mall
[22:50:49]   SKIP (already discovered): Trueman Vineyards
[22:50:49]   SKIP (already discovered): Williams Gap Vineyard
[22:50:49]   SKIP (already discovered): Hello Betty Bethesda
[22:50:49]   SKIP (already discovered): The Madison Hotel
[22:50:49]   SKIP (already discovered): Belle Haven Country Club
[22:50:49]   SKIP (already discovered): Casanel Vineyards & Winery
[22:50:49]   SKIP (already discovered): Chrysalis Vineyards at The Ag District
[22:50:49]   SKIP (already discovered): Corteau Winery
[22:50:49]   SKIP (already discovered): Penn Oaks Winery
[22:50:49]   SKIP (already discovered): Pizza Pomodoro
[22:50:49]   SKIP (already discovered): Hidden Brook Winery
[22:50:49]   SKIP (already discovered): Simple Theory Wine Co
[22:50:49]   SKIP (already discovered): Brightview Perry Hall
[22:50:49]   SKIP (already discovered): Lake Anne Coffee House & Wine Bar
[22:50:49]   SKIP (already discovered): Gaylord National Harbor
[22:50:49]   SKIP (already discovered): Woodberry Kitchen
[22:50:49]   SKIP (already discovered): Great Sage
[22:50:49]   SKIP (already discovered): Cosmos Club DC
[22:50:49]   SKIP (already discovered): Doukénie Winery
[22:50:49]   SKIP (already discovered): State Plaza Hotel DC
[22:50:49]   SKIP (already discovered): Hyatt Cambridge
[22:50:49]   SKIP (already discovered): Greenhill Vineyards
[22:50:49]   SKIP (already discovered): Loudoun Golf & Country Club
[22:50:49]   SKIP (already discovered): Creek's Edge Winery
[22:50:49]   SKIP (already discovered): The Milton Inn
[22:50:49]   SKIP (already discovered): Country Club of Fairfax
[22:50:49]   SKIP (already discovered): Century Club Hagerstown
[22:50:49]   SKIP (already discovered): Rock Spring Farm
[22:50:49]   SKIP (already discovered): Janemark Winery & Vineyard
[22:50:49]   SKIP (already discovered): Alma Cocina Latina
[22:50:49]   SKIP (already discovered): Omni Shoreham Hotel
[22:50:49]   SKIP (already discovered): Knoxie's Table
[22:50:49]   SKIP (already discovered): 1757 Golf Club
[22:50:49]   SKIP (already discovered): Holly Hills Country Club
[22:50:49]   SKIP (already discovered): Conrad Washington DC
[22:50:49]   SKIP (already discovered): Pirouette Restaurant & Wine Shop
[22:50:49]   SKIP (already discovered): Le Méridien Arlington
[22:50:49]   SKIP (already discovered): Dulles Town Center
[22:50:49]   SKIP (already discovered): Hidden Hills Farm and Vineyard
[22:50:49]   SKIP (already discovered): Maritime Museum St Michaels
[22:50:49]   SKIP (already discovered): Chartwell Golf & Country Club
[22:50:49]   SKIP (already discovered): Ruse
[22:50:49]   SKIP (already discovered): InGrano Bistro Bakery
[22:50:49]   SKIP (already discovered): Kent Manor Inn
[22:50:49]   SKIP (already discovered): Army Navy Country Club
[22:50:49]   SKIP (already discovered): River Bend Country Club
[22:50:49]   SKIP (already discovered): City Tavern DC
[22:50:50]   SKIP (already discovered): Baltimore Country Club
[22:50:50]   SKIP (already discovered): Vino and Pasta
[22:50:50]   SKIP (already discovered): 50 West Vineyards
[22:50:50]   SKIP (already discovered): The Galley Restaurant & Bar
[22:50:50]   SKIP (already discovered): Wylder Hotel Tilghman Island
[22:50:50]   SKIP (already discovered): Bistrot Lepic
[22:50:50]   SKIP (already discovered): Sunset Hills Winery
[22:50:50]   SKIP (already discovered): The Oaks Waterfront Hotel
[22:50:50] Cleaning up discovered_gigs.txt...
[22:50:55] 
[22:50:55] === Discovery Complete — Total new venues: 0 ===

[00:03:15] === Venue Discovery Started ===
[00:03:15] Fetching past gigs...
[00:03:18] Found 70 past gigs
[00:03:18] Fetching existing venues for dedup...
[00:03:22] Existing venues: 2845
[00:03:22]   SKIP (already discovered): L'Auberge Chez Francois
[00:03:22]   SKIP (already discovered): The Inn at Perry Cabin
[00:03:22]   SKIP (already discovered): The Maryland Club
[00:03:22]   SKIP (already discovered): Black Ankle Vineyards
[00:03:22]   SKIP (already discovered): Royal Restaurant
[00:03:22]   SKIP (already discovered): Good Spirit Farm Winery
[00:03:22]   SKIP (already discovered): Chesapeake Manor Vineyard
[00:03:22]   SKIP (already discovered): Elkridge Furnace Inn
[00:03:22]   SKIP (already discovered): Xella Winery and Vineyard
[00:03:22]   SKIP (already discovered): Twin Oaks Tavern Winery
[00:03:22]   SKIP (already discovered): Windridge Vineyards
[00:03:22]   SKIP (already discovered): University Club
[00:03:22]   SKIP (already discovered): The Farmhouse Tuscan
[00:03:22]   SKIP (already discovered): Big Cork Vineyards
[00:03:22]   SKIP (already discovered): Savage Mill Mall
[00:03:22]   SKIP (already discovered): Trueman Vineyards
[00:03:22]   SKIP (already discovered): Williams Gap Vineyard
[00:03:22]   SKIP (already discovered): Hello Betty Bethesda
[00:03:22]   SKIP (already discovered): The Madison Hotel
[00:03:22]   SKIP (already discovered): Belle Haven Country Club
[00:03:22]   SKIP (already discovered): Casanel Vineyards & Winery
[00:03:22]   SKIP (already discovered): Chrysalis Vineyards at The Ag District
[00:03:22]   SKIP (already discovered): Corteau Winery
[00:03:22]   SKIP (already discovered): Penn Oaks Winery
[00:03:22]   SKIP (already discovered): Pizza Pomodoro
[00:03:22]   SKIP (already discovered): Hidden Brook Winery
[00:03:22]   SKIP (already discovered): Simple Theory Wine Co
[00:03:22]   SKIP (already discovered): Brightview Perry Hall
[00:03:22]   SKIP (already discovered): Lake Anne Coffee House & Wine Bar
[00:03:22]   SKIP (already discovered): Gaylord National Harbor
[00:03:22]   SKIP (already discovered): Woodberry Kitchen
[00:03:22]   SKIP (already discovered): Great Sage
[00:03:22]   SKIP (already discovered): Cosmos Club DC
[00:03:22]   SKIP (already discovered): Doukénie Winery
[00:03:22]   SKIP (already discovered): State Plaza Hotel DC
[00:03:22]   SKIP (already discovered): Hyatt Cambridge
[00:03:22]   SKIP (already discovered): Greenhill Vineyards
[00:03:22]   SKIP (already discovered): Loudoun Golf & Country Club
[00:03:22]   SKIP (already discovered): Creek's Edge Winery
[00:03:22]   SKIP (already discovered): The Milton Inn
[00:03:22]   SKIP (already discovered): Country Club of Fairfax
[00:03:22]   SKIP (already discovered): Century Club Hagerstown
[00:03:22]   SKIP (already discovered): Rock Spring Farm
[00:03:22]   SKIP (already discovered): Janemark Winery & Vineyard
[00:03:22]   SKIP (already discovered): Alma Cocina Latina
[00:03:22]   SKIP (already discovered): Omni Shoreham Hotel
[00:03:22]   SKIP (already discovered): Knoxie's Table
[00:03:22]   SKIP (already discovered): 1757 Golf Club
[00:03:22]   SKIP (already discovered): Holly Hills Country Club
[00:03:22]   SKIP (already discovered): Conrad Washington DC
[00:03:22]   SKIP (already discovered): Pirouette Restaurant & Wine Shop
[00:03:22]   SKIP (already discovered): Le Méridien Arlington
[00:03:22]   SKIP (already discovered): Dulles Town Center
[00:03:22]   SKIP (already discovered): Hidden Hills Farm and Vineyard
[00:03:22]   SKIP (already discovered): Maritime Museum St Michaels
[00:03:22]   SKIP (already discovered): Chartwell Golf & Country Club
[00:03:22]   SKIP (already discovered): Ruse
[00:03:22]   SKIP (already discovered): InGrano Bistro Bakery
[00:03:22]   SKIP (already discovered): Kent Manor Inn
[00:03:22]   SKIP (already discovered): Army Navy Country Club
[00:03:22]   SKIP (already discovered): River Bend Country Club
[00:03:22]   SKIP (already discovered): City Tavern DC
[00:03:22]   SKIP (already discovered): Baltimore Country Club
[00:03:22]   SKIP (already discovered): Vino and Pasta
[00:03:22]   SKIP (already discovered): 50 West Vineyards
[00:03:22]   SKIP (already discovered): The Galley Restaurant & Bar
[00:03:22]   SKIP (already discovered): Wylder Hotel Tilghman Island
[00:03:22]   SKIP (already discovered): Bistrot Lepic
[00:03:22]   SKIP (already discovered): Sunset Hills Winery
[00:03:22]   SKIP (already discovered): The Oaks Waterfront Hotel
[00:03:22] Cleaning up discovered_gigs.txt...
[00:03:26] 
[00:03:26] === Discovery Complete — Total new venues: 0 ===

[21:57:50] === Venue Discovery Started ===
[21:57:50] Fetching past gigs...
[21:57:54] Found 70 past gigs
[21:57:54] Fetching existing venues for dedup...
[21:57:56] Existing venues: 2959
[21:57:56]   SKIP (already discovered): L'Auberge Chez Francois
[21:57:57]   SKIP (already discovered): The Inn at Perry Cabin
[21:57:57]   SKIP (already discovered): The Maryland Club
[21:57:57]   SKIP (already discovered): Black Ankle Vineyards
[21:57:57]   SKIP (already discovered): Royal Restaurant
[21:57:57]   SKIP (already discovered): Good Spirit Farm Winery
[21:57:57]   SKIP (already discovered): Chesapeake Manor Vineyard
[21:57:57]   SKIP (already discovered): Elkridge Furnace Inn
[21:57:57]   SKIP (already discovered): Xella Winery and Vineyard
[21:57:57]   SKIP (already discovered): Twin Oaks Tavern Winery
[21:57:57]   SKIP (already discovered): Windridge Vineyards
[21:57:57]   SKIP (already discovered): University Club
[21:57:57]   SKIP (already discovered): The Farmhouse Tuscan
[21:57:57]   SKIP (already discovered): Big Cork Vineyards
[21:57:57]   SKIP (already discovered): Savage Mill Mall
[21:57:57]   SKIP (already discovered): Trueman Vineyards
[21:57:57]   SKIP (already discovered): Williams Gap Vineyard
[21:57:57]   SKIP (already discovered): Hello Betty Bethesda
[21:57:57]   SKIP (already discovered): The Madison Hotel
[21:57:57]   SKIP (already discovered): Belle Haven Country Club
[21:57:57]   SKIP (already discovered): Casanel Vineyards & Winery
[21:57:57]   SKIP (already discovered): Chrysalis Vineyards at The Ag District
[21:57:57]   SKIP (already discovered): Corteau Winery
[21:57:57]   SKIP (already discovered): Penn Oaks Winery
[21:57:57]   SKIP (already discovered): Pizza Pomodoro
[21:57:57]   SKIP (already discovered): Hidden Brook Winery
[21:57:57]   SKIP (already discovered): Simple Theory Wine Co
[21:57:57]   SKIP (already discovered): Brightview Perry Hall
[21:57:57]   SKIP (already discovered): Lake Anne Coffee House & Wine Bar
[21:57:57]   SKIP (already discovered): Gaylord National Harbor
[21:57:57]   SKIP (already discovered): Woodberry Kitchen
[21:57:57]   SKIP (already discovered): Great Sage
[21:57:57]   SKIP (already discovered): Cosmos Club DC
[21:57:57]   SKIP (already discovered): Doukénie Winery
[21:57:57]   SKIP (already discovered): State Plaza Hotel DC
[21:57:57]   SKIP (already discovered): Hyatt Cambridge
[21:57:57]   SKIP (already discovered): Greenhill Vineyards
[21:57:57]   SKIP (already discovered): Loudoun Golf & Country Club
[21:57:57]   SKIP (already discovered): Creek's Edge Winery
[21:57:57]   SKIP (already discovered): The Milton Inn
[21:57:57]   SKIP (already discovered): Country Club of Fairfax
[21:57:57]   SKIP (already discovered): Century Club Hagerstown
[21:57:57]   SKIP (already discovered): Rock Spring Farm
[21:57:57]   SKIP (already discovered): Janemark Winery & Vineyard
[21:57:57]   SKIP (already discovered): Alma Cocina Latina
[21:57:57]   SKIP (already discovered): Omni Shoreham Hotel
[21:57:57]   SKIP (already discovered): Knoxie's Table
[21:57:57]   SKIP (already discovered): 1757 Golf Club
[21:57:57]   SKIP (already discovered): Holly Hills Country Club
[21:57:57]   SKIP (already discovered): Conrad Washington DC
[21:57:57]   SKIP (already discovered): Pirouette Restaurant & Wine Shop
[21:57:57]   SKIP (already discovered): Le Méridien Arlington
[21:57:57]   SKIP (already discovered): Dulles Town Center
[21:57:57]   SKIP (already discovered): Hidden Hills Farm and Vineyard
[21:57:57]   SKIP (already discovered): Maritime Museum St Michaels
[21:57:57]   SKIP (already discovered): Chartwell Golf & Country Club
[21:57:57]   SKIP (already discovered): Ruse
[21:57:57]   SKIP (already discovered): InGrano Bistro Bakery
[21:57:57]   SKIP (already discovered): Kent Manor Inn
[21:57:57]   SKIP (already discovered): Army Navy Country Club
[21:57:57]   SKIP (already discovered): River Bend Country Club
[21:57:57]   SKIP (already discovered): City Tavern DC
[21:57:57]   SKIP (already discovered): Baltimore Country Club
[21:57:57]   SKIP (already discovered): Vino and Pasta
[21:57:57]   SKIP (already discovered): 50 West Vineyards
[21:57:57]   SKIP (already discovered): The Galley Restaurant & Bar
[21:57:57]   SKIP (already discovered): Wylder Hotel Tilghman Island
[21:57:57]   SKIP (already discovered): Bistrot Lepic
[21:57:57]   SKIP (already discovered): Sunset Hills Winery
[21:57:57]   SKIP (already discovered): The Oaks Waterfront Hotel
[21:57:57] Cleaning up discovered_gigs.txt...
[21:58:01] 
[21:58:01] === Discovery Complete — Total new venues: 0 ===

[00:15:12] === Venue Discovery Started ===
[00:15:12] Fetching past gigs...
[00:15:15] Found 70 past gigs
[00:15:15] Fetching existing venues for dedup...
[00:15:19] Existing venues: 2959
[00:15:19]   SKIP (already discovered): L'Auberge Chez Francois
[00:15:19]   SKIP (already discovered): The Inn at Perry Cabin
[00:15:19]   SKIP (already discovered): The Maryland Club
[00:15:19]   SKIP (already discovered): Black Ankle Vineyards
[00:15:19]   SKIP (already discovered): Royal Restaurant
[00:15:19]   SKIP (already discovered): Good Spirit Farm Winery
[00:15:19]   SKIP (already discovered): Chesapeake Manor Vineyard
[00:15:19]   SKIP (already discovered): Elkridge Furnace Inn
[00:15:19]   SKIP (already discovered): Xella Winery and Vineyard
[00:15:19]   SKIP (already discovered): Twin Oaks Tavern Winery
[00:15:19]   SKIP (already discovered): Windridge Vineyards
[00:15:19]   SKIP (already discovered): University Club
[00:15:19]   SKIP (already discovered): The Farmhouse Tuscan
[00:15:19]   SKIP (already discovered): Big Cork Vineyards
[00:15:19]   SKIP (already discovered): Savage Mill Mall
[00:15:19]   SKIP (already discovered): Trueman Vineyards
[00:15:19]   SKIP (already discovered): Williams Gap Vineyard
[00:15:19]   SKIP (already discovered): Hello Betty Bethesda
[00:15:19]   SKIP (already discovered): The Madison Hotel
[00:15:19]   SKIP (already discovered): Belle Haven Country Club
[00:15:19]   SKIP (already discovered): Casanel Vineyards & Winery
[00:15:19]   SKIP (already discovered): Chrysalis Vineyards at The Ag District
[00:15:19]   SKIP (already discovered): Corteau Winery
[00:15:19]   SKIP (already discovered): Penn Oaks Winery
[00:15:19]   SKIP (already discovered): Pizza Pomodoro
[00:15:19]   SKIP (already discovered): Hidden Brook Winery
[00:15:19]   SKIP (already discovered): Simple Theory Wine Co
[00:15:19]   SKIP (already discovered): Brightview Perry Hall
[00:15:19]   SKIP (already discovered): Lake Anne Coffee House & Wine Bar
[00:15:19]   SKIP (already discovered): Gaylord National Harbor
[00:15:19]   SKIP (already discovered): Woodberry Kitchen
[00:15:19]   SKIP (already discovered): Great Sage
[00:15:19]   SKIP (already discovered): Cosmos Club DC
[00:15:19]   SKIP (already discovered): Doukénie Winery
[00:15:19]   SKIP (already discovered): State Plaza Hotel DC
[00:15:19]   SKIP (already discovered): Hyatt Cambridge
[00:15:19]   SKIP (already discovered): Greenhill Vineyards
[00:15:19]   SKIP (already discovered): Loudoun Golf & Country Club
[00:15:19]   SKIP (already discovered): Creek's Edge Winery
[00:15:19]   SKIP (already discovered): The Milton Inn
[00:15:19]   SKIP (already discovered): Country Club of Fairfax
[00:15:19]   SKIP (already discovered): Century Club Hagerstown
[00:15:19]   SKIP (already discovered): Rock Spring Farm
[00:15:19]   SKIP (already discovered): Janemark Winery & Vineyard
[00:15:19]   SKIP (already discovered): Alma Cocina Latina
[00:15:19]   SKIP (already discovered): Omni Shoreham Hotel
[00:15:19]   SKIP (already discovered): Knoxie's Table
[00:15:19]   SKIP (already discovered): 1757 Golf Club
[00:15:19]   SKIP (already discovered): Holly Hills Country Club
[00:15:19]   SKIP (already discovered): Conrad Washington DC
[00:15:19]   SKIP (already discovered): Pirouette Restaurant & Wine Shop
[00:15:20]   SKIP (already discovered): Le Méridien Arlington
[00:15:20]   SKIP (already discovered): Dulles Town Center
[00:15:20]   SKIP (already discovered): Hidden Hills Farm and Vineyard
[00:15:20]   SKIP (already discovered): Maritime Museum St Michaels
[00:15:20]   SKIP (already discovered): Chartwell Golf & Country Club
[00:15:20]   SKIP (already discovered): Ruse
[00:15:20]   SKIP (already discovered): InGrano Bistro Bakery
[00:15:20]   SKIP (already discovered): Kent Manor Inn
[00:15:20]   SKIP (already discovered): Army Navy Country Club
[00:15:20]   SKIP (already discovered): River Bend Country Club
[00:15:20]   SKIP (already discovered): City Tavern DC
[00:15:20]   SKIP (already discovered): Baltimore Country Club
[00:15:20]   SKIP (already discovered): Vino and Pasta
[00:15:20]   SKIP (already discovered): 50 West Vineyards
[00:15:20]   SKIP (already discovered): The Galley Restaurant & Bar
[00:15:20]   SKIP (already discovered): Wylder Hotel Tilghman Island
[00:15:20]   SKIP (already discovered): Bistrot Lepic
[00:15:20]   SKIP (already discovered): Sunset Hills Winery
[00:15:20]   SKIP (already discovered): The Oaks Waterfront Hotel
[00:15:20] Cleaning up discovered_gigs.txt...
[00:15:25] 
[00:15:25] === Discovery Complete — Total new venues: 0 ===

[22:21:51] === Venue Discovery Started ===
[22:21:51] Fetching past gigs...
[22:21:59] Found 70 past gigs
[22:21:59] Fetching existing venues for dedup...
[22:22:03] Existing venues: 2959
[22:22:03]   SKIP (already discovered): L'Auberge Chez Francois
[22:22:03]   SKIP (already discovered): The Inn at Perry Cabin
[22:22:03]   SKIP (already discovered): The Maryland Club
[22:22:03]   SKIP (already discovered): Black Ankle Vineyards
[22:22:03]   SKIP (already discovered): Royal Restaurant
[22:22:03]   SKIP (already discovered): Good Spirit Farm Winery
[22:22:03]   SKIP (already discovered): Chesapeake Manor Vineyard
[22:22:03]   SKIP (already discovered): Elkridge Furnace Inn
[22:22:03]   SKIP (already discovered): Xella Winery and Vineyard
[22:22:03]   SKIP (already discovered): Twin Oaks Tavern Winery
[22:22:03]   SKIP (already discovered): Windridge Vineyards
[22:22:03]   SKIP (already discovered): University Club
[22:22:03]   SKIP (already discovered): The Farmhouse Tuscan
[22:22:03]   SKIP (already discovered): Big Cork Vineyards
[22:22:03]   SKIP (already discovered): Savage Mill Mall
[22:22:03]   SKIP (already discovered): Trueman Vineyards
[22:22:03]   SKIP (already discovered): Williams Gap Vineyard
[22:22:03]   SKIP (already discovered): Hello Betty Bethesda
[22:22:03]   SKIP (already discovered): The Madison Hotel
[22:22:03]   SKIP (already discovered): Belle Haven Country Club
[22:22:03]   SKIP (already discovered): Casanel Vineyards & Winery
[22:22:03]   SKIP (already discovered): Chrysalis Vineyards at The Ag District
[22:22:03]   SKIP (already discovered): Corteau Winery
[22:22:03]   SKIP (already discovered): Penn Oaks Winery
[22:22:03]   SKIP (already discovered): Pizza Pomodoro
[22:22:03]   SKIP (already discovered): Hidden Brook Winery
[22:22:03]   SKIP (already discovered): Simple Theory Wine Co
[22:22:03]   SKIP (already discovered): Brightview Perry Hall
[22:22:03]   SKIP (already discovered): Lake Anne Coffee House & Wine Bar
[22:22:03]   SKIP (already discovered): Gaylord National Harbor
[22:22:03]   SKIP (already discovered): Woodberry Kitchen
[22:22:03]   SKIP (already discovered): Great Sage
[22:22:03]   SKIP (already discovered): Cosmos Club DC
[22:22:03]   SKIP (already discovered): Doukénie Winery
[22:22:03]   SKIP (already discovered): State Plaza Hotel DC
[22:22:03]   SKIP (already discovered): Hyatt Cambridge
[22:22:03]   SKIP (already discovered): Greenhill Vineyards
[22:22:03]   SKIP (already discovered): Loudoun Golf & Country Club
[22:22:03]   SKIP (already discovered): Creek's Edge Winery
[22:22:03]   SKIP (already discovered): The Milton Inn
[22:22:03]   SKIP (already discovered): Country Club of Fairfax
[22:22:03]   SKIP (already discovered): Century Club Hagerstown
[22:22:03]   SKIP (already discovered): Rock Spring Farm
[22:22:03]   SKIP (already discovered): Janemark Winery & Vineyard
[22:22:03]   SKIP (already discovered): Alma Cocina Latina
[22:22:03]   SKIP (already discovered): Omni Shoreham Hotel
[22:22:03]   SKIP (already discovered): Knoxie's Table
[22:22:03]   SKIP (already discovered): 1757 Golf Club
[22:22:03]   SKIP (already discovered): Holly Hills Country Club
[22:22:03]   SKIP (already discovered): Conrad Washington DC
[22:22:03]   SKIP (already discovered): Pirouette Restaurant & Wine Shop
[22:22:03]   SKIP (already discovered): Le Méridien Arlington
[22:22:03]   SKIP (already discovered): Dulles Town Center
[22:22:03]   SKIP (already discovered): Hidden Hills Farm and Vineyard
[22:22:03]   SKIP (already discovered): Maritime Museum St Michaels
[22:22:03]   SKIP (already discovered): Chartwell Golf & Country Club
[22:22:03]   SKIP (already discovered): Ruse
[22:22:03]   SKIP (already discovered): InGrano Bistro Bakery
[22:22:03]   SKIP (already discovered): Kent Manor Inn
[22:22:03]   SKIP (already discovered): Army Navy Country Club
[22:22:03]   SKIP (already discovered): River Bend Country Club
[22:22:03]   SKIP (already discovered): City Tavern DC
[22:22:03]   SKIP (already discovered): Baltimore Country Club
[22:22:03]   SKIP (already discovered): Vino and Pasta
[22:22:03]   SKIP (already discovered): 50 West Vineyards
[22:22:03]   SKIP (already discovered): The Galley Restaurant & Bar
[22:22:04]   SKIP (already discovered): Wylder Hotel Tilghman Island
[22:22:04]   SKIP (already discovered): Bistrot Lepic
[22:22:04]   SKIP (already discovered): Sunset Hills Winery
[22:22:04]   SKIP (already discovered): The Oaks Waterfront Hotel
[22:22:04] Cleaning up discovered_gigs.txt...
[22:22:10] 
[22:22:10] === Discovery Complete — Total new venues: 0 ===

[23:04:33] === Venue Discovery Started ===
[23:04:33] Fetching past gigs...
[23:04:36] Found 70 past gigs
[23:04:36] Fetching existing venues for dedup...
[23:04:39] Existing venues: 2959
[23:04:39]   SKIP (already discovered): L'Auberge Chez Francois
[23:04:39]   SKIP (already discovered): The Inn at Perry Cabin
[23:04:39]   SKIP (already discovered): The Maryland Club
[23:04:39]   SKIP (already discovered): Black Ankle Vineyards
[23:04:39]   SKIP (already discovered): Royal Restaurant
[23:04:39]   SKIP (already discovered): Good Spirit Farm Winery
[23:04:39]   SKIP (already discovered): Chesapeake Manor Vineyard
[23:04:39]   SKIP (already discovered): Elkridge Furnace Inn
[23:04:39]   SKIP (already discovered): Xella Winery and Vineyard
[23:04:39]   SKIP (already discovered): Twin Oaks Tavern Winery
[23:04:39]   SKIP (already discovered): Windridge Vineyards
[23:04:39]   SKIP (already discovered): University Club
[23:04:39]   SKIP (already discovered): The Farmhouse Tuscan
[23:04:39]   SKIP (already discovered): Big Cork Vineyards
[23:04:39]   SKIP (already discovered): Savage Mill Mall
[23:04:39]   SKIP (already discovered): Trueman Vineyards
[23:04:39]   SKIP (already discovered): Williams Gap Vineyard
[23:04:39]   SKIP (already discovered): Hello Betty Bethesda
[23:04:39]   SKIP (already discovered): The Madison Hotel
[23:04:39]   SKIP (already discovered): Belle Haven Country Club
[23:04:39]   SKIP (already discovered): Casanel Vineyards & Winery
[23:04:39]   SKIP (already discovered): Chrysalis Vineyards at The Ag District
[23:04:39]   SKIP (already discovered): Corteau Winery
[23:04:39]   SKIP (already discovered): Penn Oaks Winery
[23:04:39]   SKIP (already discovered): Pizza Pomodoro
[23:04:39]   SKIP (already discovered): Hidden Brook Winery
[23:04:39]   SKIP (already discovered): Simple Theory Wine Co
[23:04:39]   SKIP (already discovered): Brightview Perry Hall
[23:04:39]   SKIP (already discovered): Lake Anne Coffee House & Wine Bar
[23:04:39]   SKIP (already discovered): Gaylord National Harbor
[23:04:39]   SKIP (already discovered): Woodberry Kitchen
[23:04:39]   SKIP (already discovered): Great Sage
[23:04:39]   SKIP (already discovered): Cosmos Club DC
[23:04:39]   SKIP (already discovered): Doukénie Winery
[23:04:39]   SKIP (already discovered): State Plaza Hotel DC
[23:04:39]   SKIP (already discovered): Hyatt Cambridge
[23:04:39]   SKIP (already discovered): Greenhill Vineyards
[23:04:39]   SKIP (already discovered): Loudoun Golf & Country Club
[23:04:39]   SKIP (already discovered): Creek's Edge Winery
[23:04:39]   SKIP (already discovered): The Milton Inn
[23:04:39]   SKIP (already discovered): Country Club of Fairfax
[23:04:39]   SKIP (already discovered): Century Club Hagerstown
[23:04:39]   SKIP (already discovered): Rock Spring Farm
[23:04:39]   SKIP (already discovered): Janemark Winery & Vineyard
[23:04:39]   SKIP (already discovered): Alma Cocina Latina
[23:04:39]   SKIP (already discovered): Omni Shoreham Hotel
[23:04:39]   SKIP (already discovered): Knoxie's Table
[23:04:39]   SKIP (already discovered): 1757 Golf Club
[23:04:39]   SKIP (already discovered): Holly Hills Country Club
[23:04:39]   SKIP (already discovered): Conrad Washington DC
[23:04:39]   SKIP (already discovered): Pirouette Restaurant & Wine Shop
[23:04:39]   SKIP (already discovered): Le Méridien Arlington
[23:04:39]   SKIP (already discovered): Dulles Town Center
[23:04:39]   SKIP (already discovered): Hidden Hills Farm and Vineyard
[23:04:39]   SKIP (already discovered): Maritime Museum St Michaels
[23:04:39]   SKIP (already discovered): Chartwell Golf & Country Club
[23:04:39]   SKIP (already discovered): Ruse
[23:04:39]   SKIP (already discovered): InGrano Bistro Bakery
[23:04:39]   SKIP (already discovered): Kent Manor Inn
[23:04:39]   SKIP (already discovered): Army Navy Country Club
[23:04:39]   SKIP (already discovered): River Bend Country Club
[23:04:39]   SKIP (already discovered): City Tavern DC
[23:04:39]   SKIP (already discovered): Baltimore Country Club
[23:04:39]   SKIP (already discovered): Vino and Pasta
[23:04:39]   SKIP (already discovered): 50 West Vineyards
[23:04:39]   SKIP (already discovered): The Galley Restaurant & Bar
[23:04:39]   SKIP (already discovered): Wylder Hotel Tilghman Island
[23:04:39]   SKIP (already discovered): Bistrot Lepic
[23:04:39]   SKIP (already discovered): Sunset Hills Winery
[23:04:39]   SKIP (already discovered): The Oaks Waterfront Hotel
[23:04:39] Cleaning up discovered_gigs.txt...
[23:04:44] 
[23:04:44] === Discovery Complete — Total new venues: 0 ===

[00:37:16] === Venue Discovery Started ===
[00:37:16] Fetching past gigs...
[00:37:20] Found 70 past gigs
[00:37:20] Fetching existing venues for dedup...
[00:37:23] Existing venues: 2959
[00:37:23]   SKIP (already discovered): L'Auberge Chez Francois
[00:37:23]   SKIP (already discovered): The Inn at Perry Cabin
[00:37:23]   SKIP (already discovered): The Maryland Club
[00:37:23]   SKIP (already discovered): Black Ankle Vineyards
[00:37:23]   SKIP (already discovered): Royal Restaurant
[00:37:23]   SKIP (already discovered): Good Spirit Farm Winery
[00:37:23]   SKIP (already discovered): Chesapeake Manor Vineyard
[00:37:23]   SKIP (already discovered): Elkridge Furnace Inn
[00:37:23]   SKIP (already discovered): Xella Winery and Vineyard
[00:37:23]   SKIP (already discovered): Twin Oaks Tavern Winery
[00:37:23]   SKIP (already discovered): Windridge Vineyards
[00:37:23]   SKIP (already discovered): University Club
[00:37:23]   SKIP (already discovered): The Farmhouse Tuscan
[00:37:23]   SKIP (already discovered): Big Cork Vineyards
[00:37:23]   SKIP (already discovered): Savage Mill Mall
[00:37:23]   SKIP (already discovered): Trueman Vineyards
[00:37:23]   SKIP (already discovered): Williams Gap Vineyard
[00:37:23]   SKIP (already discovered): Hello Betty Bethesda
[00:37:23]   SKIP (already discovered): The Madison Hotel
[00:37:23]   SKIP (already discovered): Belle Haven Country Club
[00:37:23]   SKIP (already discovered): Casanel Vineyards & Winery
[00:37:23]   SKIP (already discovered): Chrysalis Vineyards at The Ag District
[00:37:23]   SKIP (already discovered): Corteau Winery
[00:37:23]   SKIP (already discovered): Penn Oaks Winery
[00:37:23]   SKIP (already discovered): Pizza Pomodoro
[00:37:23]   SKIP (already discovered): Hidden Brook Winery
[00:37:23]   SKIP (already discovered): Simple Theory Wine Co
[00:37:23]   SKIP (already discovered): Brightview Perry Hall
[00:37:23]   SKIP (already discovered): Lake Anne Coffee House & Wine Bar
[00:37:23]   SKIP (already discovered): Gaylord National Harbor
[00:37:23]   SKIP (already discovered): Woodberry Kitchen
[00:37:23]   SKIP (already discovered): Great Sage
[00:37:23]   SKIP (already discovered): Cosmos Club DC
[00:37:23]   SKIP (already discovered): Doukénie Winery
[00:37:23]   SKIP (already discovered): State Plaza Hotel DC
[00:37:23]   SKIP (already discovered): Hyatt Cambridge
[00:37:23]   SKIP (already discovered): Greenhill Vineyards
[00:37:23]   SKIP (already discovered): Loudoun Golf & Country Club
[00:37:23]   SKIP (already discovered): Creek's Edge Winery
[00:37:23]   SKIP (already discovered): The Milton Inn
[00:37:23]   SKIP (already discovered): Country Club of Fairfax
[00:37:23]   SKIP (already discovered): Century Club Hagerstown
[00:37:23]   SKIP (already discovered): Rock Spring Farm
[00:37:23]   SKIP (already discovered): Janemark Winery & Vineyard
[00:37:23]   SKIP (already discovered): Alma Cocina Latina
[00:37:23]   SKIP (already discovered): Omni Shoreham Hotel
[00:37:23]   SKIP (already discovered): Knoxie's Table
[00:37:23]   SKIP (already discovered): 1757 Golf Club
[00:37:23]   SKIP (already discovered): Holly Hills Country Club
[00:37:23]   SKIP (already discovered): Conrad Washington DC
[00:37:23]   SKIP (already discovered): Pirouette Restaurant & Wine Shop
[00:37:23]   SKIP (already discovered): Le Méridien Arlington
[00:37:23]   SKIP (already discovered): Dulles Town Center
[00:37:23]   SKIP (already discovered): Hidden Hills Farm and Vineyard
[00:37:23]   SKIP (already discovered): Maritime Museum St Michaels
[00:37:23]   SKIP (already discovered): Chartwell Golf & Country Club
[00:37:23]   SKIP (already discovered): Ruse
[00:37:23]   SKIP (already discovered): InGrano Bistro Bakery
[00:37:23]   SKIP (already discovered): Kent Manor Inn
[00:37:23]   SKIP (already discovered): Army Navy Country Club
[00:37:23]   SKIP (already discovered): River Bend Country Club
[00:37:23]   SKIP (already discovered): City Tavern DC
[00:37:23]   SKIP (already discovered): Baltimore Country Club
[00:37:23]   SKIP (already discovered): Vino and Pasta
[00:37:23]   SKIP (already discovered): 50 West Vineyards
[00:37:23]   SKIP (already discovered): The Galley Restaurant & Bar
[00:37:23]   SKIP (already discovered): Wylder Hotel Tilghman Island
[00:37:23]   SKIP (already discovered): Bistrot Lepic
[00:37:23]   SKIP (already discovered): Sunset Hills Winery
[00:37:23]   SKIP (already discovered): The Oaks Waterfront Hotel
[00:37:23] Cleaning up discovered_gigs.txt...
[00:37:28] 
[00:37:28] === Discovery Complete — Total new venues: 0 ===

[00:37:34] === Taste Discovery Mode Started ===
[00:37:34] MAX_QUERIES=23
[00:37:34] Fetching existing venues + past gigs for dedup...
[00:37:43] Existing venues + past gigs: 0
[00:37:43] Generating search queries from taste profile...
[00:37:43] Generated 331 queries (23 will run this session)
[00:37:43] 
[00:37:43] === Taste Query [1/23]: European bistro Oxford MD ===
[00:37:49]   Scrolling search results...
[00:37:55]   Extracting results...
[00:37:55]   Found 10 results
[00:38:14]   Added 0 new venues from query
[00:38:20] 
[00:38:20] === Taste Query [2/23]: private club Charlottesville VA ===
[00:38:24]   Scrolling search results...
[00:38:32]   Extracting results...
[00:38:33]   Found 30 results
[00:39:32]   Added 19 new venues from query
[00:39:32]   [WEBSITE] Looking up: Greencroft Club
[00:39:35]     Website: https://greencroftclub.com
[00:39:39]   [WEBSITE] Looking up: The Sports Club at Boar's Head Resort
[00:39:43]     Website: https://www.boarsheadresort.com
[00:39:46]   [WEBSITE] Looking up: Boar's Head Sports Club
[00:39:50]     Website: https://www.boarsheadresort.com
[00:39:54]   [WEBSITE] Looking up: The Space Downtown
[00:39:57]     Website: https://www.thespacedowntown.com
[00:40:00]   [WEBSITE] Looking up: Level 10
[00:40:03]     Website: https://www.hillandponton.com
[00:40:08]   [WEBSITE] Looking up: The Club at Glenmore
[00:40:12]     Website: https://www.theclubatglenmore.com
[00:40:15]   [WEBSITE] Looking up: The Bradbury
[00:40:18]     Website: https://thebradburydowntown.com
[00:40:23]   [WEBSITE] Looking up: Forest Lakes North Clubhouse
[00:40:26]     Website: https://forestlakes.net
[00:40:31]   [WEBSITE] Looking up: Old Metropolitan Hall
[00:40:34]     Website: https://oldmetropolitanhall.com
[00:40:37]   [WEBSITE] Looking up: Fry's Spring Beach Club
[00:40:40]     Website: https://frysspring.org
[00:40:43]   [WEBSITE] Looking up: The Center at Belvedere
[00:40:47]     Website: https://thecentercville.org
[00:40:50]   [WEBSITE] Looking up: The Southern Café and Music Hall
[00:40:54]     Website: https://www.thesoutherncville.com
[00:40:57]   [WEBSITE] Looking up: Oakhart Social
[00:41:00]     Website: https://www.oakhartsocial.com
[00:41:05]   [WEBSITE] Looking up: Boar's Head Resort
[00:41:09]     Website: https://www.boarsheadresort.com
[00:41:12]   [WEBSITE] Looking up: Uplift Training Club
[00:41:16]     Website: https://www.uplifttrainingclub.com
[00:41:19]   [WEBSITE] Looking up: ADAPT Sports Performance
[00:41:23]     Website: https://www.trainatadapt.com
[00:41:26]   [WEBSITE] Looking up: Knight's Gambit Vineyard
[00:41:30]     Website: https://www.knightsgambitvineyard.com
[00:41:33]   [WEBSITE] Looking up: Eagles 4345
[00:41:37]     Website: https://downtowncville.com
[00:41:40]   [WEBSITE] Looking up: Common House
[00:41:43]     Website: https://www.commonhouse.com
[00:41:54] 
[00:41:54] === Taste Query [3/23]: private club Shepherdstown WV ===
[00:42:00]   Scrolling search results...
[00:42:07]   Extracting results...
[00:42:07]   Found 15 results
[00:42:42]   Added 8 new venues from query
[00:42:42]   [WEBSITE] Looking up: Shepherdstown Community Club
[00:42:46]     Website: https://www.shepherdstowncommunityclub.org
[00:42:49]   [WEBSITE] Looking up: The Club at Cress Creek
[00:42:52]     Website: https://www.cresscreek.com
[00:42:55]   [WEBSITE] Looking up: J & D's Club
[00:42:59]     Website: https://jdclubwv.twupro.com
[00:43:02]   [WEBSITE] Looking up: NCTC Lounge
[00:43:06]     Website: https://www.fws.gov
[00:43:09]   [WEBSITE] Looking up: Shepherd University Wellness Center
[00:43:12]     Website: https://myshepherdwellness.com
[00:43:16]   [WEBSITE] Looking up: War Memorial Building
[00:43:19]     Website: https://www.wetzelcountywv.gov
[00:43:22]   [WEBSITE] Looking up: The Ground Lounge
[00:43:26]     Website: https://www.thegroundlounge.com
[00:43:29]   [WEBSITE] Looking up: The Mecklenburg Inn
[00:43:33]     Website: https://6.9K+
[00:43:44] 
[00:43:44] === Taste Query [4/23]: private club Greenville DE ===
[00:43:48]   Scrolling search results...
[00:43:55]   Extracting results...
[00:43:56]   No results found
[00:44:00] 
[00:44:00] === Taste Query [5/23]: private club Wilmington DE ===
[00:44:06]   Scrolling search results...
[00:44:13]   Extracting results...
[00:44:14]   Found 59 results
[00:46:24]   Added 38 new venues from query
[00:46:24]   [WEBSITE] Looking up: Wilmington Country Club
[00:46:27]     Website: https://www.wilmingtoncc.com
[00:46:30]   [WEBSITE] Looking up: Greenville Country Club
[00:46:34]     Website: https://greenvillecc.com
[00:46:37]   [WEBSITE] Looking up: Monday Club
[00:46:41]     Website: https://www.themondayclub.org
[00:46:44]   [WEBSITE] Looking up: Oakwood Valley Club
[00:46:47]     Website: https://amspools.com
[00:46:50]   [WEBSITE] Looking up: Fieldstone Golf Club
[00:46:54]     Website: https://www.fieldstonegolf.com
[00:46:58]   [WEBSITE] Looking up: St Anthony's Club
[00:47:01]     Website: https://st-anthonys-club.wheree.com
[00:47:06]   [WEBSITE] Looking up: Wilmington Turners
[00:47:10]     Website: https://turnersde.org
[00:47:13]   [WEBSITE] Looking up: Vicmead Hunt Club
[00:47:16]     Website: https://www.vicmead.com
[00:47:19]   [WEBSITE] Looking up: First Step Social Club
[00:47:23]     Website: https://www.novacircle.com
[00:47:26]   [WEBSITE] Looking up: Brandywine Club
[00:47:29]     Website: https://thebrandywineclub.com
[00:47:33]   [WEBSITE] Looking up: Ed Oliver Golf Club
[00:47:36]     Website: https://www.edolivergolfclub.com
[00:47:40]   [WEBSITE] Looking up: Westminster Club Inc
[00:47:43]     Website: https://www.westminsterswimclub.com
[00:47:46]   [WEBSITE] Looking up: White Clay Creek Country Club
[00:47:50]     Website: https://www.whiteclaycreek.com
[00:47:53]   [WEBSITE] Looking up: DAP
[00:47:57]     Website: http://dapclub.org
[00:48:01]   [WEBSITE] Looking up: Juniper by Tonic
[00:48:04]     Website: https://www.juniperbytonic.com
[00:48:07]   [WEBSITE] Looking up: Steppers Only Clubhouse
[00:48:11]     Website: https://1.9K+
[00:48:14]   [WEBSITE] Looking up: Torbert Street Social
[00:48:18]     Website: https://torbertsocial.com
[00:48:21]   [WEBSITE] Looking up: Back Nine Golf | Wilmington, DE
[00:48:25]     Website: https://thebackninegolf.com
[00:48:29]   [WEBSITE] Looking up: Paladin Sports & Social Club
[00:48:32]     Website: https://www.wellnessliving.com
[00:48:36]   [WEBSITE] Looking up: 9th mile galleria
[00:48:40]     Website: https://9thmilegalleria.net
[00:48:44]   [WEBSITE] Looking up: Bidermann Golf Course
[00:48:47]     Website: https://www.top100golfcourses.com
[00:48:51]   [WEBSITE] Looking up: Fraternal Order of Eagles #74
[00:48:55]     Website: https://fraternal-of-eagles-wilmington.edan.io
[00:48:59]   [WEBSITE] Looking up: Club Delaware T/G PR
[00:49:02]     Website: https://www.bibletimes.app
[00:49:06]   [WEBSITE] Looking up: Prince of Piedmont Lodge #475
[00:49:09]     Website: https://www.waze.com
[00:49:13]   [WEBSITE] Looking up: Brantwyn
[00:49:16]     Website: https://www.visitwilmingtonde.com
[00:49:20]   [WEBSITE] Looking up: Wilmington Trail Club
[00:49:24]     Website: https://wilmingtontrailclub.org
[00:49:27]   [WEBSITE] Looking up: Newark Country Club
[00:49:31]     Website: https://www.newarkcc.com
[00:49:34]   [WEBSITE] Looking up: C.R. Hummingbird to Mars
[00:49:38]     Website: https://catherinerooneys.com
[00:49:41]   [WEBSITE] Looking up: Delaware Rifle & Pistol Club
[00:49:45]     Website: https://delawarerifleandpistolclub.wildapricot.org
[00:49:54]   [WEBSITE] Looking up: West End Rod & Gun Club Inc
[00:49:58]     Website: https://www.charitynavigator.org
[00:50:01]   [WEBSITE] Looking up: Creek Links
[00:50:04]     Website: https://creeklinks.com
[00:50:08]   [WEBSITE] Looking up: BlueBallRoom Dance Studio
[00:50:12]     Website: https://blueballroom.net
[00:50:16]   [WEBSITE] Looking up: Deerfield
[00:50:19]     Website: https://www.deerfieldgolfclub.com
[00:50:22]   [WEBSITE] Looking up: Sakima Country Club
[00:50:26]     Website: https://sakimacc.com
[00:50:29]   [WEBSITE] Looking up: Goldfish Swim School - North Wilmington
[00:50:32]     Website: https://goldfishswimschool.com
[00:50:36]   [WEBSITE] Looking up: Chase Center on the Riverfront
[00:50:40]     Website: https://centerontheriverfront.com
[00:50:44]   [WEBSITE] Looking up: Delcastle Golf Club
[00:50:47]     Website: https://www.delcastlegc.com
[00:50:51]   [WEBSITE] Looking up: Loyal Order of Moose
[00:50:54]     Website: https://www.mooseintl.org
[00:51:05] 
[00:51:05] === Taste Query [6/23]: private club Kennett Square PA ===
[00:51:11]   Scrolling search results...
[00:51:19]   Extracting results...
[00:51:19]   Found 17 results
[00:52:05]   Added 12 new venues from query
[00:52:05]   [WEBSITE] Looking up: The Cypress Club Kennett
[00:52:08]     Website: https://thecypressclubkennett.com
[00:52:12]   [WEBSITE] Looking up: Italian-American Citizens League
[00:52:15]     Website: https://iaclkennett.com
[00:52:19]   [WEBSITE] Looking up: Kennett Square Golf & Country Club
[00:52:22]     Website: https://www.ksgcc.com
[00:52:26]   [WEBSITE] Looking up: Hartefeld National
[00:52:29]     Website: https://www.invitedclubs.com
[00:52:33]   [WEBSITE] Looking up: Radley Run Country Club
[00:52:37]     Website: https://www.radleyruncountryclub.com
[00:52:41]   [WEBSITE] Looking up: Penn Oaks Golf Club
[00:52:45]     Website: https://pennoaksgolfclub.com
[00:52:48]   [WEBSITE] Looking up: Inniscrone Golf Club
[00:52:52]     Website: https://www.inniscronegolfclub.com
[00:52:56]   [WEBSITE] Looking up: Work2gether - Kennett Square
[00:52:59]     Website: https://www.work2gether.space
[00:53:03]   [WEBSITE] Looking up: Concord Country Club
[00:53:06]     Website: https://www.concordclub.org
[00:53:10]   [WEBSITE] Looking up: Coatesville Country Club
[00:53:13]     Website: https://www.coatesvillecountryclub.com
[00:53:17]   [WEBSITE] Looking up: Kendal-Crosslands Communities
[00:53:21]     Website: https://www.kendal-crosslands.org
[00:53:24]   [WEBSITE] Looking up: Veterans of Foreign Wars Post 5467 & Banquet Hall
[00:53:28]     Website: https://1.1K+
[00:53:39] 
[00:53:39] === Taste Query [7/23]: private club Bryn Mawr PA ===
[00:53:46]   Scrolling search results...
[00:53:52]   Extracting results...
[00:53:52]   Found 51 results
[00:56:00]   Added 32 new venues from query
[00:56:00]   [WEBSITE] Looking up: Club House Bryn Mawr
[00:56:03]     Website: https://www.visitclubhouse.com
[00:56:07]   [WEBSITE] Looking up: The Sporting Club Main Line
[00:56:10]     Website: https://sportingclubmainline.com
[00:56:14]   [WEBSITE] Looking up: Palombaro Club
[00:56:17]     Website: https://www.hallrentalreviews.com
[00:56:21]   [WEBSITE] Looking up: The Saturday Club
[00:56:25]     Website: https://saturdayclub.org
[00:56:28]   [WEBSITE] Looking up: The Cheese Club
[00:56:31]     Website: https://calkinscreamery.com
[00:56:36]   [WEBSITE] Looking up: M.L.I.A.C.A. "The Little Club"
[00:56:39]     Website: https://www.waze.com
[00:56:42]   [WEBSITE] Looking up: St. Davids Golf Club
[00:56:46]     Website: https://www.stdavidsgc.com
[00:56:50]   [WEBSITE] Looking up: Splash LLC
[00:56:53]     Website: https://sunsetcabanaclub.com
[00:56:57]   [WEBSITE] Looking up: SweatHouz Bryn Mawr
[00:57:01]     Website: https://sweathouz.com
[00:57:05]   [WEBSITE] Looking up: Intown Golf Club
[00:57:08]     Website: https://www.intowngolfclub.com
[00:57:12]   [WEBSITE] Looking up: Bryn Mawr Country Club
[00:57:15]     Website: https://www.brynmawrcountryclub.com
[00:57:19]   [WEBSITE] Looking up: Springfield Country Club
[00:57:23]     Website: https://www.springfieldgolf.org
[00:57:26]   [WEBSITE] Looking up: Play-a-Round Golf Ardmore
[00:57:30]     Website: https://playaroundgolf.net
[00:57:34]   [WEBSITE] Looking up: Bluestone Country Club
[00:57:37]     Website: https://www.bluestonecc.com
[00:57:41]   [WEBSITE] Looking up: Creative Clubhouse
[00:57:44]     Website: https://www.creativeclubhouse.org
[00:57:48]   [WEBSITE] Looking up: Ivy Hall Mansion
[00:57:51]     Website: https://iiculture.org
[00:57:54]   [WEBSITE] Looking up: The Baldwin School
[00:57:58]     Website: https://www.baldwinschool.org
[00:58:01]   [WEBSITE] Looking up: The Union League Guard House
[00:58:04]     Website: https://www.unionleague.org
[00:58:09]   [WEBSITE] Looking up: Blue Bell Country Club
[00:58:12]     Website: https://www.bluebellcc.com
[00:58:16]   [WEBSITE] Looking up: Main Line Italian American Civic Association
[00:58:19]     Website: https://web.prla.org
[00:58:23]   [WEBSITE] Looking up: The Courts
[00:58:26]     Website: https://www.pacourts.us
[00:58:29]   [WEBSITE] Looking up: Life Time Work
[00:58:33]     Website: https://work.lifetime.life
[00:58:37]   [WEBSITE] Looking up: Fitler Club
[00:58:40]     Website: https://fitlerclub.com
[00:58:45]   [WEBSITE] Looking up: Wyndham Alumnae House
[00:58:48]     Website: https://www.brynmawr.edu
[00:58:53]   [WEBSITE] Looking up: Bryn Mawr College
[00:58:56]     Website: https://www.brynmawr.edu
[00:59:00]   [WEBSITE] Looking up: The Clubhouse at Ben Franklin Park
[00:59:03]     Website: https://clubhousebfp.com
[00:59:07]   [WEBSITE] Looking up: McCall Golf Club
[00:59:10]     Website: https://www.mccallgolf.com
[00:59:14]   [WEBSITE] Looking up: Kelly's Taproom
[00:59:17]     Website: https://www.kellystaproom.com
[00:59:22]   [WEBSITE] Looking up: LuLu Country Club
[00:59:25]     Website: https://www.lulucc.com
[00:59:29]   [WEBSITE] Looking up: Appleford
[00:59:32]     Website: https://applefordestate.com
[00:59:36]   [WEBSITE] Looking up: Bolingbroke
[00:59:39]     Website: https://www.bolingbrokepa.org
[00:59:43]   [WEBSITE] Looking up: Merion Golf Club - West Course
[00:59:46]     Website: https://www.top100golfcourses.com
[00:59:55] 
[00:59:55] === Taste Query [8/23]: private club Rehoboth Beach DE ===
[01:00:01]   Scrolling search results...
[01:00:09]   Extracting results...
[01:00:09]   Found 42 results
[01:02:12]   Added 28 new venues from query
[01:02:12]   [WEBSITE] Looking up: Rehoboth Beach Country Club
[01:02:15]     Website: https://www.rehobothbeachcc.com
[01:02:19]   [WEBSITE] Looking up: Henlopen Acres Beach Club
[01:02:22]     Website: https://www.henlopenacresbeachclub.com
[01:02:27]   [WEBSITE] Looking up: Kings Creek Country Club
[01:02:30]     Website: https://www.kingscreekcc.com
[01:02:33]   [WEBSITE] Looking up: Bear Trap Dunes Golf Club
[01:02:37]     Website: https://www.beartrapdunes.com
[01:02:40]   [WEBSITE] Looking up: Peninsula Golf & Country Club
[01:02:43]     Website: https://www.peninsulamembers.com
[01:02:47]   [WEBSITE] Looking up: Dewey Beach Country Club
[01:02:50]     Website: https://deweybeach.com
[01:02:53]   [WEBSITE] Looking up: Sawgrass South Clubhouse
[01:02:57]     Website: https://maincourt.com
[01:03:00]   [WEBSITE] Looking up: The Peninsula on the Indian River Bay
[01:03:04]     Website: https://schellbrothers.com
[01:03:07]   [WEBSITE] Looking up: Cripple Creek Golf and Country Club
[01:03:11]     Website: https://www.cripplecreekgolf.com
[01:03:14]   [WEBSITE] Looking up: Bethany Bay Golf Club
[01:03:18]     Website: https://bethanybaygolf.com
[01:03:21]   [WEBSITE] Looking up: Coastal Club Community Clubhouse
[01:03:25]     Website: https://www.lifeatcoastalclub.com
[01:03:28]   [WEBSITE] Looking up: Baywood Greens
[01:03:32]     Website: https://www.baywoodgreens.com
[01:03:35]   [WEBSITE] Looking up: Plantation Lakes Golf & Country Club
[01:03:39]     Website: https://plantationlakesclub.com
[01:03:42]   [WEBSITE] Looking up: Salero
[01:03:46]     Website: https://saleroonthebeach.com
[01:03:49]   [WEBSITE] Looking up: American Classic Golf Club
[01:03:52]     Website: https://www.americanclassicgolf.com
[01:03:56]   [WEBSITE] Looking up: Crestwood Country Club
[01:03:59]     Website: https://www.crestwoodcc.com
[01:04:03]   [WEBSITE] Looking up: Baywood Greens Golf Course and Clubhouse
[01:04:07]     Website: https://www.baywoodgreens.com
[01:04:11]   [WEBSITE] Looking up: North Shores Beach
[01:04:15]     Website: https://northshores.net
[01:04:19]   [WEBSITE] Looking up: The Salt Pond Golf Club
[01:04:23]     Website: https://www.saltpondgolf.com
[01:04:27]   [WEBSITE] Looking up: The Surf Club Oceanfront Hotel
[01:04:30]     Website: https://surfclubhotel.com
[01:04:34]   [WEBSITE] Looking up: The Lodge at Truitt Homestead
[01:04:37]     Website: https://truittlodge.com
[01:04:44]   [WEBSITE] Looking up: One Virginia Oceanfront Condo Rentals
[01:04:47]     Website: https://www.pattersonschwartz.com
[01:04:51]   [WEBSITE] Looking up: Bayside Resort Golf Club
[01:04:54]     Website: https://www.livebayside.com
[01:04:58]   [WEBSITE] Looking up: Mulligan's Pointe
[01:05:01]     Website: https://mulliganspointe.com
[01:05:05]   [WEBSITE] Looking up: Rehoboth Beach House Rentals
[01:05:09]     Website: https://www.rehobothbeachvacationrentals.com
[01:05:13]   [WEBSITE] Looking up: Midway Par 3 Golf Course
[01:05:16]     Website: https://www.midwaypar3golf.net
[01:05:19]   [WEBSITE] Looking up: Baywood Green Driving Range
[01:05:23]     Website: https://www.baywoodgreens.com
[01:05:27]   [WEBSITE] Looking up: Rehoboth Bay Sailing Association
[01:05:30]     Website: https://www.rbsa.org
[01:05:39] 
[01:05:39] === Taste Query [9/23]: private club Lancaster PA ===
[01:05:46]   Scrolling search results...
[01:05:52]   Extracting results...
[01:05:52]   Found 20 results
[01:06:38]   Added 15 new venues from query
[01:06:38]   [WEBSITE] Looking up: Hamilton Club of Lancaster
[01:06:41]     Website: https://hamiltonclub.org
[01:06:44]   [WEBSITE] Looking up: Rainmaker's Association Lodge
[01:06:48]     Website: https://3.6K+
[01:06:52]   [WEBSITE] Looking up: Hubley Private Social Club
[01:06:55]     Website: https://tastelanc.com
[01:07:01]   [WEBSITE] Looking up: Lancaster Country Club
[01:07:05]     Website: https://www.lancastercc.com
[01:07:09]   [WEBSITE] Looking up: 521 Club Inc
[01:07:13]     Website: https://www.the521club.com
[01:07:16]   [WEBSITE] Looking up: 7th Ward Club
[01:07:19]     Website: https://www.visitphilly.com
[01:07:24]   [WEBSITE] Looking up: Riverside Camping Association
[01:07:27]     Website: https://riverside-camping-association.wheree.com
[01:07:30]   [WEBSITE] Looking up: The Conway Room
[01:07:34]     Website: https://www.theconwayroom.com
[01:07:37]   [WEBSITE] Looking up: Active Social & Beneficial Association
[01:07:41]     Website: https://501c3lookup.org
[01:07:45]   [WEBSITE] Looking up: Conestoga Country Club
[01:07:48]     Website: https://www.conestogacc.com
[01:07:51]   [WEBSITE] Looking up: Meadia Heights Golf Club
[01:07:55]     Website: https://meadiaheightsgolf.com
[01:07:58]   [WEBSITE] Looking up: The Candy Factory
[01:08:02]     Website: https://candyissweet.com
[01:08:08]   [WEBSITE] Looking up: Marion Court Room
[01:08:11]     Website: https://marioncourtroom.com
[01:08:15]   [WEBSITE] Looking up: Lancaster Aquatic Club
[01:08:18]     Website: https://www.gomotionapp.com
[01:08:22]   [WEBSITE] Looking up: Lancaster Elks Lodge #134
[01:08:26]     Website: https://www.lancasterelks134.com
[01:08:36] 
[01:08:36] === Taste Query [10/23]: private club Herndon VA ===
[01:08:45]   Scrolling search results...
[01:08:53]   Extracting results...
[01:08:53]   Found 9 results
[01:09:03]   Added 1 new venues from query
[01:09:03]   [WEBSITE] Looking up: Breakers Sky Lounge
[01:09:06]     Website: https://www.breakersskylounge.com
[01:09:17] 
[01:09:17] === Taste Query [11/23]: private club Chadds Ford PA ===
[01:09:24]   Scrolling search results...
[01:09:32]   Extracting results...
[01:09:32]   Found 7 results
[01:09:47]   Added 1 new venues from query
[01:09:47]   [WEBSITE] Looking up: Brandywine Racquet Club
[01:09:50]     Website: https://brctennis.net
[01:10:01] 
[01:10:01] === Taste Query [12/23]: private club Oxford MD ===
[01:10:08]   Scrolling search results...
[01:10:17]   Extracting results...
[01:10:17]   Found 6 results
[01:10:31]   Added 2 new venues from query
[01:10:31]   [WEBSITE] Looking up: The Oxford Club, LLC
[01:10:35]     Website: https://oxfordclub.com
[01:10:38]   [WEBSITE] Looking up: The Private Affair
[01:10:42]     Website: https://www.theprivateaffair.com
[01:10:53] 
[01:10:53] === Taste Query [13/23]: wine bar Charlottesville VA ===
[01:11:02]   Scrolling search results...
[01:11:08]   Extracting results...
[01:11:08]   Found 6 results
[01:11:22]   Added 1 new venues from query
[01:11:22]   [WEBSITE] Looking up: Bottle House
[01:11:25]     Website: https://www.bottlehouse.net
[01:11:35] 
[01:11:35] === Taste Query [14/23]: wine bar Shepherdstown WV ===
[01:11:42]   Scrolling search results...
[01:11:50]   Extracting results...
[01:11:50]   Found 7 results
[01:12:05]   Added 1 new venues from query
[01:12:05]   [WEBSITE] Looking up: Grapes and Grains Gourmet
[01:12:08]     Website: https://www.wherealmostheavenbegins.com
[01:12:18] 
[01:12:18] === Taste Query [15/23]: wine bar Greenville DE ===
[01:12:25]   Scrolling search results...
[01:12:33]   Extracting results...
[01:12:34]   Found 7 results
[01:12:51]   Added 3 new venues from query
[01:12:51]   [WEBSITE] Looking up: Liquid Alchemy Beverages
[01:12:54]     Website: https://www.liquidalchemybeverage.com
[01:12:58]   [WEBSITE] Looking up: The Sycamore Wine Bar
[01:13:01]     Website: https://www.thesycamorewinebar.com
[01:13:06]   [WEBSITE] Looking up: SKRATCH Bar & Kitchen
[01:13:09]     Website: https://www.skratch1709.com
[01:13:21] 
[01:13:21] === Taste Query [16/23]: wine bar Wilmington DE ===
[01:13:25]   Scrolling search results...
[01:13:33]   Extracting results...
[01:13:34]   Found 66 results
[01:16:01]   Added 31 new venues from query
[01:16:01]   [WEBSITE] Looking up: FranksWine
[01:16:05]     Website: https://frankswine.com
[01:16:08]   [WEBSITE] Looking up: The Green Room Bar & Lounge
[01:16:11]     Website: https://www.hoteldupont.com
[01:16:15]   [WEBSITE] Looking up: The Nomad Bar
[01:16:19]     Website: https://nomadwilmington.com
[01:16:23]   [WEBSITE] Looking up: Cork & Barrel
[01:16:26]     Website: https://6.8K+
[01:16:30]   [WEBSITE] Looking up: Makers Alley
[01:16:33]     Website: https://www.makersalleyde.com
[01:16:37]   [WEBSITE] Looking up: The Carriage House Bar + Lounge
[01:16:41]     Website: https://2.1K+
[01:16:44]   [WEBSITE] Looking up: Moore Brothers Wine Company Delaware
[01:16:48]     Website: https://moorebrothers.com
[01:16:52]   [WEBSITE] Looking up: Constitution Yards
[01:16:55]     Website: https://www.constitutionyards.com
[01:16:59]   [WEBSITE] Looking up: ICONZ Bar and Lounge
[01:17:02]     Website: https://theiconzbar.com
[01:17:05]   [WEBSITE] Looking up: Ciro Food And Drink
[01:17:09]     Website: https://1.6K+
[01:17:12]   [WEBSITE] Looking up: Washington Street Ale House
[01:17:16]     Website: https://wsalehouse.com
[01:17:20]   [WEBSITE] Looking up: Piccolina Toscana
[01:17:24]     Website: https://piccolinatoscana.com
[01:17:28]   [WEBSITE] Looking up: Merengue House | Bar & Restaurant
[01:17:31]     Website: https://merenguehousebarandrestaurant.com
[01:17:34]   [WEBSITE] Looking up: Milltown Tavern
[01:17:37]     Website: https://1.1K+
[01:17:41]   [WEBSITE] Looking up: DARNELL'S CAS BAR
[01:17:44]     Website: https://evendo.com
[01:17:48]   [WEBSITE] Looking up: The Knight's Bar
[01:17:52]     Website: https://thequeenwilmington.com
[01:17:55]   [WEBSITE] Looking up: Veritas Wine & Craft Beer
[01:17:59]     Website: https://riverfrontwilm.com
[01:18:03]   [WEBSITE] Looking up: Mulrooney's Tavern
[01:18:06]     Website: https://inwilmde.com
[01:18:10]   [WEBSITE] Looking up: The Wilmington Wine Company
[01:18:13]     Website: https://www.nassauvalley.com
[01:18:17]   [WEBSITE] Looking up: Girard Craft and Cork
[01:18:21]     Website: https://www.girardcraftandcork.com
[01:18:25]   [WEBSITE] Looking up: Trolley Tap House
[01:18:28]     Website: https://trolleytaphouse.com
[01:18:32]   [WEBSITE] Looking up: Beatty's Safari Lounge
[01:18:35]     Website: https://frankiapp.com
[01:18:39]   [WEBSITE] Looking up: Catherine Rooney's
[01:18:43]     Website: https://catherinerooneys.com
[01:18:47]   [WEBSITE] Looking up: Fairfax Tavern
[01:18:50]     Website: https://evendo.com
[01:18:54]   [WEBSITE] Looking up: Bar XIII Delaware
[01:18:57]     Website: https://barxiii.com
[01:19:01]   [WEBSITE] Looking up: Rocco Italian Grill & Sports Bar
[01:19:04]     Website: https://roccoitaliangrill.com
[01:19:08]   [WEBSITE] Looking up: HomeBase Delaware
[01:19:11]     Website: https://www.homebasedelaware.com
[01:19:16]   [WEBSITE] Looking up: Crimson Moon
[01:19:20]     Website: https://www.crimsonmoonde.com
[01:19:24]   [WEBSITE] Looking up: Red White and Brew
[01:19:27]     Website: https://outandaboutnow.com
[01:19:31]   [WEBSITE] Looking up: Kelly's Logan House
[01:19:34]     Website: https://www.loganhouse.com
[01:19:38]   [WEBSITE] Looking up: Suite 4 Eleven
[01:19:42]     Website: https://www.suite4eleven.com
[01:19:52] 
[01:19:52] === Taste Query [17/23]: wine bar Kennett Square PA ===
[01:19:57]   Scrolling search results...
[01:20:04]   Extracting results...
[01:20:04]   Found 13 results
[01:20:30]   Added 0 new venues from query
[01:20:38] 
[01:20:38] === Taste Query [18/23]: wine bar Bryn Mawr PA ===
[01:20:44]   Scrolling search results...
[01:20:50]   Extracting results...
[01:20:50]   Found 30 results
[01:22:05]   Added 10 new venues from query
[01:22:05]   [WEBSITE] Looking up: Local Wine & Kitchen
[01:22:08]     Website: https://www.localwineandkitchen.com
[01:22:11]   [WEBSITE] Looking up: Roache & O'Brien
[01:22:15]     Website: https://www.roacheandobrien.com
[01:22:19]   [WEBSITE] Looking up: Veekoo
[01:22:22]     Website: https://veekoorestaurants.com
[01:22:26]   [WEBSITE] Looking up: McCloskey's Tavern
[01:22:29]     Website: https://www.mccloskeystavern.com
[01:22:33]   [WEBSITE] Looking up: Xolo Tacos
[01:22:36]     Website: https://xolotacos.com
[01:22:40]   [WEBSITE] Looking up: Sake Mian 麺
[01:22:43]     Website: https://www.sakeramen-ardmorepa.com
[01:22:46]   [WEBSITE] Looking up: Estia Taverna
[01:22:50]     Website: https://estiarestaurant.com
[01:22:54]   [WEBSITE] Looking up: LaScala's FIRE
[01:22:57]     Website: https://lascalasfire.com
[01:23:01]   [WEBSITE] Looking up: What Am I Drinking?!
[01:23:04]     Website: https://whatamidrinking.com
[01:23:08]   [WEBSITE] Looking up: Tin Lizard Brewing Company
[01:23:11]     Website: https://tinlizardbrewingco.com
[01:23:23] 
[01:23:23] === Taste Query [19/23]: wine bar Rehoboth Beach DE ===
[01:23:28]   Scrolling search results...
[01:23:34]   Extracting results...
[01:23:34]   Found 20 results
[01:24:25]   Added 5 new venues from query
[01:24:25]   [WEBSITE] Looking up: Cuvée Ray Uncorked
[01:24:28]     Website: https://www.cuveeray.com
[01:24:32]   [WEBSITE] Looking up: Vino Del Mar
[01:24:35]     Website: https://vino-del-mar.com
[01:24:39]   [WEBSITE] Looking up: Bin 66
[01:24:43]     Website: https://www.bin66.com
[01:24:46]   [WEBSITE] Looking up: Freddies Beach Bar - Rehoboth Beach
[01:24:50]     Website: https://www.freddiesrb.com
[01:24:54]   [WEBSITE] Looking up: Rehoboth Ale House On The Mile
[01:24:58]     Website: https://rehobothalehouse.com
[01:25:10] 
[01:25:10] === Taste Query [20/23]: wine bar Lancaster PA ===
[01:25:15]   Scrolling search results...
[01:25:24]   Extracting results...
[01:25:24]   Found 10 results
[01:25:54]   Added 7 new venues from query
[01:25:54]   [WEBSITE] Looking up: Glasshouse Wineworks
[01:25:57]     Website: https://www.glasshousewineworks.com
[01:26:02]   [WEBSITE] Looking up: Waltz Vineyards at Lampeter Corner
[01:26:05]     Website: https://www.waltzvineyards.com
[01:26:09]   [WEBSITE] Looking up: Bar 1888
[01:26:12]     Website: https://www.southernmarketlancaster.com
[01:26:17]   [WEBSITE] Looking up: Burley Bar
[01:26:20]     Website: https://www.thistlefinch.com
[01:26:24]   [WEBSITE] Looking up: Deerfoot Downtown
[01:26:27]     Website: https://deerfootdowntown.com
[01:26:31]   [WEBSITE] Looking up: Shot & Bottle
[01:26:35]     Website: https://www.shotandbottle.com
[01:26:38]   [WEBSITE] Looking up: Thorn Hill Winery
[01:26:41]     Website: https://www.thornhillvineyards.com
[01:26:50] 
[01:26:50] === Taste Query [21/23]: wine bar Ellicott City MD ===
[01:26:55]   Scrolling search results...
[01:27:03]   Extracting results...
[01:27:03]   Found 65 results
[01:29:05]   Added 1 new venues from query
[01:29:05]   [WEBSITE] Looking up: Inspire Nail Bar Ellicott City
[01:29:08]     Website: https://inspirenailbarellicottcity.com
[01:29:20] 
[01:29:20] === Taste Query [22/23]: wine bar Severna Park MD ===
[01:29:24]   Scrolling search results...
[01:29:32]   Extracting results...
[01:29:33]   Found 49 results
[01:31:20]   Added 29 new venues from query
[01:31:20]   [WEBSITE] Looking up: Romilo's Restaurant & Bar
[01:31:24]     Website: https://www.romilosrestaurant.com
[01:31:28]   [WEBSITE] Looking up: Severna Park Taphouse
[01:31:31]     Website: https://severnaparktaphouse.com
[01:31:34]   [WEBSITE] Looking up: JB's Sports Bar and Restaurant Severna Park
[01:31:37]     Website: https://www.jbs-sp.com
[01:31:40]   [WEBSITE] Looking up: Founders Tavern & Grille
[01:31:44]     Website: https://www.founderstavernandgrille.com
[01:31:47]   [WEBSITE] Looking up: Twain's Tavern
[01:31:51]     Website: https://www.twainstavern.com
[01:31:54]   [WEBSITE] Looking up: Libations
[01:31:58]     Website: https://www.libationstavern.com
[01:32:01]   [WEBSITE] Looking up: Oscar's Alehouse East
[01:32:04]     Website: https://www.oscarsalehouse.net
[01:32:09]   [WEBSITE] Looking up: Ginza Steak house &sushi bar
[01:32:12]     Website: https://ginzasushihouse.com
[01:32:16]   [WEBSITE] Looking up: Adam's Taphouse and Grille Severna Park
[01:32:19]     Website: https://adamsgrillesevernapark.com
[01:32:23]   [WEBSITE] Looking up: Pasta & Vino
[01:32:27]     Website: https://pastaandvinorestaurant.com
[01:32:30]   [WEBSITE] Looking up: Larry's Tavern
[01:32:33]     Website: https://1.2K+
[01:32:37]   [WEBSITE] Looking up: The Nautical Lounge
[01:32:40]     Website: https://the-nautical-lounge.wheree.com
[01:32:44]   [WEBSITE] Looking up: Vida Taco Bar Severna Park
[01:32:47]     Website: https://vidatacobar.com
[01:32:51]   [WEBSITE] Looking up: The Office Bar & Grill
[01:32:54]     Website: https://www.beveragejournalinc.com
[01:32:57]   [WEBSITE] Looking up: Brews & Cues on the Boulevard
[01:33:01]     Website: http://www.brews-cues.com
[01:33:04]   [WEBSITE] Looking up: Inspire Nail Bar Severna Park
[01:33:08]     Website: https://inspirenailbarsevernapark.com
[01:33:11]   [WEBSITE] Looking up: Fishpaw's Market Place
[01:33:15]     Website: https://fishpawsmarket.com
[01:33:19]   [WEBSITE] Looking up: Kyoto Japanese Steak House
[01:33:22]     Website: https://www.kyotomd.com
[01:33:25]   [WEBSITE] Looking up: Anthony's Italian Restaurant & Wine Bar
[01:33:28]     Website: https://anthonysitalianrestaurantwinebar.com
[01:33:32]   [WEBSITE] Looking up: Alibi's Bar and Grill
[01:33:35]     Website: https://www.mdparty.com
[01:33:38]   [WEBSITE] Looking up: Betty Lou's
[01:33:41]     Website: https://www.bettylousmd.com
[01:33:45]   [WEBSITE] Looking up: Magothy Inn
[01:33:48]     Website: https://1.8K+
[01:33:52]   [WEBSITE] Looking up: The Brass Tap
[01:33:55]     Website: https://www.brasstapbeerbar.com
[01:33:59]   [WEBSITE] Looking up: Toast the 21st
[01:34:02]     Website: https://toastthe21st.com
[01:34:05]   [WEBSITE] Looking up: Two Rivers Steak & Fish House
[01:34:09]     Website: https://www.tworiverssteak.com
[01:34:12]   [WEBSITE] Looking up: Szechuan Inn
[01:34:15]     Website: https://www.szechuaninnmd.com
[01:34:20]   [WEBSITE] Looking up: Bahama Mike's
[01:34:23]     Website: https://6.1K+
[01:34:26]   [WEBSITE] Looking up: The Point Crab House & Grill
[01:34:30]     Website: https://www.thepointcrabhouse.com
[01:34:33]   [WEBSITE] Looking up: Ledo Pizza Severna Park, MD
[01:34:36]     Website: https://ledopizza.com
[01:34:46] 
[01:34:46] === Taste Query [23/23]: wine bar Vienna VA ===
[01:34:53]   Scrolling search results...
[01:35:01]   Extracting results...
[01:35:01]   Found 65 results
[01:38:17]   Added 46 new venues from query
[01:38:17]   [WEBSITE] Looking up: Vienna Vintner
[01:38:21]     Website: https://www.viennavintner.com
[01:38:25]   [WEBSITE] Looking up: Hawk & Griffin
[01:38:28]     Website: https://www.hawkgriffin.com
[01:38:31]   [WEBSITE] Looking up: Bear Branch Tavern
[01:38:35]     Website: https://www.bearbranchtavern.com
[01:38:38]   [WEBSITE] Looking up: Vienna Wine Outlet
[01:38:41]     Website: https://thewineoutlets.com
[01:38:44]   [WEBSITE] Looking up: Grand Cata at Mosaic
[01:38:48]     Website: https://www.grandcata.com
[01:38:51]   [WEBSITE] Looking up: The Maple Room Restaurant & Lounge
[01:38:54]     Website: https://www.mapleroomrestaurant.com
[01:38:57]   [WEBSITE] Looking up: Caboose Brewing Company & Tavern
[01:39:00]     Website: https://caboosebrewing.com
[01:39:04]   [WEBSITE] Looking up: Vienna Thai and Bar
[01:39:07]     Website: https://www.viennathaiva.com
[01:39:11]   [WEBSITE] Looking up: Ingle Korean Steakhouse
[01:39:15]     Website: https://www.inglekoreansteakhouse.com
[01:39:19]   [WEBSITE] Looking up: B Side
[01:39:23]     Website: https://www.behindthevoiceactors.com
[01:39:26]   [WEBSITE] Looking up: Pazzo Pomodoro
[01:39:30]     Website: https://www.pazzopomodoro.com
[01:39:33]   [WEBSITE] Looking up: The Casual Pint of Dunn Loring
[01:39:36]     Website: https://dunnloring.thecasualpint.com
[01:39:41]   [WEBSITE] Looking up: Norm's Beer & Wine
[01:39:44]     Website: https://www.normsbeerandwine.com
[01:39:48]   [WEBSITE] Looking up: Vienna Inn
[01:39:51]     Website: http://www.viennainn.com
[01:39:55]   [WEBSITE] Looking up: Nostos Restaurant
[01:39:58]     Website: https://nostosrestaurant.com
[01:40:02]   [WEBSITE] Looking up: The O-Lounge
[01:40:05]     Website: https://www.the-o-lounge.com
[01:40:09]   [WEBSITE] Looking up: Patsy's American
[01:40:13]     Website: https://www.patsysamerican.com
[01:40:17]   [WEBSITE] Looking up: Barrel & Bushel
[01:40:21]     Website: https://www.barrelandbushel.com
[01:40:24]   [WEBSITE] Looking up: Dominion Wine and Beer
[01:40:27]     Website: https://www.dominionwineandbeer.com
[01:40:31]   [WEBSITE] Looking up: AKB, a hotel bar
[01:40:35]     Website: https://archerhotel.com
[01:40:38]   [WEBSITE] Looking up: Greenhouse Kitchen + Bar
[01:40:42]     Website: https://greenhousetysons.com
[01:40:45]   [WEBSITE] Looking up: Sweet Ginger
[01:40:48]     Website: http://www.sweetgingervienna.com
[01:40:52]   [WEBSITE] Looking up: Muse Paintbar - Mosaic District
[01:40:55]     Website: https://www.musepaintbar.com
[01:40:59]   [WEBSITE] Looking up: Sushi Koji
[01:41:03]     Website: https://www.sushikoji.com
[01:41:06]   [WEBSITE] Looking up: BJ's Restaurant & Brewhouse
[01:41:09]     Website: https://www.bjsrestaurants.com
[01:41:13]   [WEBSITE] Looking up: Big Buns
[01:41:16]     Website: https://www.eatbigbuns.com
[01:41:20]   [WEBSITE] Looking up: Phoenicia Resto & Lounge
[01:41:24]     Website: http://www.phoeniciaresto.com
[01:41:28]   [WEBSITE] Looking up: Northside Social Falls Church
[01:41:31]     Website: https://www.northsidesocialva.com
[01:41:36]   [WEBSITE] Looking up: Rabbit's Cantina & Wine Bar
[01:41:39]     Website: https://rabbittaco.com
[01:41:43]   [WEBSITE] Looking up: Yido Ramen & Sushi Tyson (back of the building)
[01:41:47]     Website: https://yidoramenva.com
[01:41:51]   [WEBSITE] Looking up: MayBar
[01:41:54]     Website: https://www.themaybar.com
[01:41:58]   [WEBSITE] Looking up: Rango’s Tex-Mex & Grill
[01:42:01]     Website: https://rangostexmexgrill.com
[01:42:05]   [WEBSITE] Looking up: The Bodega Neighborhood Market
[01:42:09]     Website: https://www.thebodegamarket.com
[01:42:12]   [WEBSITE] Looking up: Sushi Yama (Yama Japanese Restaurant)
[01:42:16]     Website: https://sushiyama.menu11.com
[01:42:19]   [WEBSITE] Looking up: Rasoi Indian and Nepali Cuisine
[01:42:22]     Website: https://rasoiva.com
[01:42:26]   [WEBSITE] Looking up: Plaka Grill
[01:42:30]     Website: https://www.plakagrill.com
[01:42:33]   [WEBSITE] Looking up: Caffe Amouri Coffee Roaster
[01:42:36]     Website: https://www.caffeamouri.com
[01:42:40]   [WEBSITE] Looking up: Pure Pasty Vienna Shop
[01:42:43]     Website: https://www.purepasty.com
[01:42:47]   [WEBSITE] Looking up: Alta Strada - Fairfax, VA
[01:42:51]     Website: https://www.altastradarestaurant.com
[01:42:55]   [WEBSITE] Looking up: Maggiano's Little Italy
[01:42:58]     Website: https://www.maggianos.com
[01:43:02]   [WEBSITE] Looking up: Harvest + Vine
[01:43:06]     Website: https://www.marriott.com
[01:43:10]   [WEBSITE] Looking up: Inca Social
[01:43:13]     Website: https://www.fxva.com
[01:43:17]   [WEBSITE] Looking up: Sechoir Beauty Bar
[01:43:20]     Website: https://sechoirbeautybarva.com
[01:43:24]   [WEBSITE] Looking up: Bards Alley Bookshop
[01:43:27]     Website: https://www.bardsalley.com
[01:43:32]   [WEBSITE] Looking up: Umai Ramen and Donburi
[01:43:35]     Website: https://www.umaitysonsva.com
[01:43:38]   [WEBSITE] Looking up: The Italian Gourmet
[01:43:42]     Website: https://the-italian-gourmet.com
[01:43:53]   MAX_QUERIES=23 reached — stopping.
[01:43:53] Calculating distances for new venues...
[01:45:42]   Distances calculated: 39
[01:45:42] 
[01:45:42] === Taste Discovery Complete ===
[01:45:42]   Queries run: 23
[01:45:42]   Venues added: 290
[01:45:42]   Queries remaining: 308

[22:47:39] === Venue Discovery Started ===
[22:47:39] Fetching past gigs...
[22:47:42] Found 70 past gigs
[22:47:42] Fetching existing venues for dedup...
[22:47:45] Existing venues: 3315
[22:47:45]   SKIP (already discovered): L'Auberge Chez Francois
[22:47:45]   SKIP (already discovered): The Inn at Perry Cabin
[22:47:45]   SKIP (already discovered): The Maryland Club
[22:47:45]   SKIP (already discovered): Black Ankle Vineyards
[22:47:45]   SKIP (already discovered): Royal Restaurant
[22:47:45]   SKIP (already discovered): Good Spirit Farm Winery
[22:47:45]   SKIP (already discovered): Chesapeake Manor Vineyard
[22:47:45]   SKIP (already discovered): Elkridge Furnace Inn
[22:47:45]   SKIP (already discovered): Xella Winery and Vineyard
[22:47:45]   SKIP (already discovered): Twin Oaks Tavern Winery
[22:47:45]   SKIP (already discovered): Windridge Vineyards
[22:47:45]   SKIP (already discovered): University Club
[22:47:45]   SKIP (already discovered): The Farmhouse Tuscan
[22:47:45]   SKIP (already discovered): Big Cork Vineyards
[22:47:45]   SKIP (already discovered): Savage Mill Mall
[22:47:45]   SKIP (already discovered): Trueman Vineyards
[22:47:45]   SKIP (already discovered): Williams Gap Vineyard
[22:47:45]   SKIP (already discovered): Hello Betty Bethesda
[22:47:45]   SKIP (already discovered): The Madison Hotel
[22:47:45]   SKIP (already discovered): Belle Haven Country Club
[22:47:45]   SKIP (already discovered): Casanel Vineyards & Winery
[22:47:45]   SKIP (already discovered): Chrysalis Vineyards at The Ag District
[22:47:45]   SKIP (already discovered): Corteau Winery
[22:47:45]   SKIP (already discovered): Penn Oaks Winery
[22:47:45]   SKIP (already discovered): Pizza Pomodoro
[22:47:45]   SKIP (already discovered): Hidden Brook Winery
[22:47:45]   SKIP (already discovered): Simple Theory Wine Co
[22:47:45]   SKIP (already discovered): Brightview Perry Hall
[22:47:45]   SKIP (already discovered): Lake Anne Coffee House & Wine Bar
[22:47:45]   SKIP (already discovered): Gaylord National Harbor
[22:47:45]   SKIP (already discovered): Woodberry Kitchen
[22:47:45]   SKIP (already discovered): Great Sage
[22:47:45]   SKIP (already discovered): Cosmos Club DC
[22:47:45]   SKIP (already discovered): Doukénie Winery
[22:47:45]   SKIP (already discovered): State Plaza Hotel DC
[22:47:45]   SKIP (already discovered): Hyatt Cambridge
[22:47:45]   SKIP (already discovered): Greenhill Vineyards
[22:47:45]   SKIP (already discovered): Loudoun Golf & Country Club
[22:47:45]   SKIP (already discovered): Creek's Edge Winery
[22:47:45]   SKIP (already discovered): The Milton Inn
[22:47:45]   SKIP (already discovered): Country Club of Fairfax
[22:47:45]   SKIP (already discovered): Century Club Hagerstown
[22:47:45]   SKIP (already discovered): Rock Spring Farm
[22:47:45]   SKIP (already discovered): Janemark Winery & Vineyard
[22:47:45]   SKIP (already discovered): Alma Cocina Latina
[22:47:45]   SKIP (already discovered): Omni Shoreham Hotel
[22:47:45]   SKIP (already discovered): Knoxie's Table
[22:47:45]   SKIP (already discovered): 1757 Golf Club
[22:47:45]   SKIP (already discovered): Holly Hills Country Club
[22:47:45]   SKIP (already discovered): Conrad Washington DC
[22:47:45]   SKIP (already discovered): Pirouette Restaurant & Wine Shop
[22:47:45]   SKIP (already discovered): Le Méridien Arlington
[22:47:45]   SKIP (already discovered): Dulles Town Center
[22:47:45]   SKIP (already discovered): Hidden Hills Farm and Vineyard
[22:47:45]   SKIP (already discovered): Maritime Museum St Michaels
[22:47:45]   SKIP (already discovered): Chartwell Golf & Country Club
[22:47:45]   SKIP (already discovered): Ruse
[22:47:45]   SKIP (already discovered): InGrano Bistro Bakery
[22:47:45]   SKIP (already discovered): Kent Manor Inn
[22:47:45]   SKIP (already discovered): Army Navy Country Club
[22:47:46]   SKIP (already discovered): River Bend Country Club
[22:47:46]   SKIP (already discovered): City Tavern DC
[22:47:46]   SKIP (already discovered): Baltimore Country Club
[22:47:46]   SKIP (already discovered): Vino and Pasta
[22:47:46]   SKIP (already discovered): 50 West Vineyards
[22:47:46]   SKIP (already discovered): The Galley Restaurant & Bar
[22:47:46]   SKIP (already discovered): Wylder Hotel Tilghman Island
[22:47:46]   SKIP (already discovered): Bistrot Lepic
[22:47:46]   SKIP (already discovered): Sunset Hills Winery
[22:47:46]   SKIP (already discovered): The Oaks Waterfront Hotel
[22:47:46] Cleaning up discovered_gigs.txt...
[22:47:51] 
[22:47:51] === Discovery Complete — Total new venues: 0 ===

[22:47:56] === Taste Discovery Mode Started ===
[22:47:56] MAX_QUERIES=23
[22:47:56] Fetching existing venues + past gigs for dedup...
[22:48:00] Existing venues + past gigs: 0
[22:48:00] Generating search queries from taste profile...
[22:48:00] Generated 308 queries (23 will run this session)
[22:48:00] 
[22:48:00] === Taste Query [1/23]: wine bar Herndon VA ===
[22:48:07]   Scrolling search results...
[22:48:13]   Extracting results...
[22:48:13]   Found 58 results
[22:50:51]   Added 47 new venues from query
[22:50:51]   [WEBSITE] Looking up: Barcelona Wine Bar
[22:50:54]     Website: https://barcelonawinebar.com
[22:50:59]   [WEBSITE] Looking up: Corsica Wine Bar
[22:51:02]     Website: https://www.corsicawinebar.com
[22:51:06]   [WEBSITE] Looking up: Cooper’s Hawk Winery & Restaurant
[22:51:10]     Website: https://chwinery.com
[22:51:13]   [WEBSITE] Looking up: Sixty Vines Reston
[22:51:17]     Website: https://www.sixtyvines.com
[22:51:21]   [WEBSITE] Looking up: La Bonne Vie
[22:51:25]     Website: https://www.labonnevieva.com
[22:51:28]   [WEBSITE] Looking up: Jimmys Old Town Tavern
[22:51:31]     Website: https://www.jottnew.com
[22:51:35]   [WEBSITE] Looking up: Heirloom
[22:51:38]     Website: https://www.heirloomvb.com
[22:51:43]   [WEBSITE] Looking up: Open Road Restaurant and Bar
[22:51:46]     Website: https://www.openroadgrill.com
[22:51:50]   [WEBSITE] Looking up: VinoBLU® Event Wine Bar
[22:51:53]     Website: https://www.barvinoblu.com
[22:51:57]   [WEBSITE] Looking up: Sully's Pour House
[22:52:01]     Website: https://www.sullyspourhouse.com
[22:52:06]   [WEBSITE] Looking up: Lake Anne Coffee House & Wine Bar
[22:52:09]     Website: https://lakeannecoffeehouse.com
[22:52:13]   [WEBSITE] Looking up: Stone's Cove Kitbar
[22:52:16]     Website: https://stonescove.com
[22:52:19]   [WEBSITE] Looking up: Wine Junction Shop and Bar
[22:52:23]     Website: https://winejunction.net
[22:52:26]   [WEBSITE] Looking up: Ahso Cellars
[22:52:29]     Website: https://www.ahsocellars.com
[22:52:35]   [WEBSITE] Looking up: Mile 20 at Mediterranean Breeze
[22:52:38]     Website: https://www.medbreezeva.com
[22:52:43]   [WEBSITE] Looking up: Harvest + Vine
[22:52:47]     Website: https://www.marriott.com
[22:52:50]   [WEBSITE] Looking up: Scorpion’s Restaurant Bar & Grill
[22:52:53]     Website: https://northernvirginiamag.com
[22:52:57]   [WEBSITE] Looking up: Lobby Bar
[22:53:00]     Website: https://3.1K+
[22:53:04]   [WEBSITE] Looking up: Phonomenal & Bar
[22:53:07]     Website: https://www.phonomenalbar.com
[22:53:11]   [WEBSITE] Looking up: 246 Thai Street
[22:53:14]     Website: https://www.246thaistreet.com
[22:53:19]   [WEBSITE] Looking up: Echelon Wine Bar
[22:53:22]     Website: https://www.echelonwinebar.com
[22:53:25]   [WEBSITE] Looking up: Vino Volo
[22:53:29]     Website: https://www.flydulles.com
[22:53:32]   [WEBSITE] Looking up: The Wine House
[22:53:36]     Website: https://winehouseonline.com
[22:53:39]   [WEBSITE] Looking up: Verre Wine Bar
[22:53:43]     Website: https://verrewinebar.com
[22:53:47]   [WEBSITE] Looking up: SE7EN
[22:53:50]     Website: https://philosophynow.org
[22:53:54]   [WEBSITE] Looking up: Pisco y Nazca Ceviche Gastrobar
[22:53:57]     Website: https://piscoynazca.com
[22:54:01]   [WEBSITE] Looking up: Umai Ramen & Rice Bowl
[22:54:04]     Website: https://www.umairamenandricebowl.com
[22:54:08]   [WEBSITE] Looking up: The Wine Cabinet
[22:54:12]     Website: https://www.thewinecabinet.com
[22:54:15]   [WEBSITE] Looking up: Sushi Oishii AYCE Herndon
[22:54:19]     Website: https://www.sushioishiiayce.com
[22:54:23]   [WEBSITE] Looking up: Amphora's Diner Deluxe
[22:54:26]     Website: https://amphoragroup.com
[22:54:30]   [WEBSITE] Looking up: BRUT Champagne & Wine Bar
[22:54:33]     Website: https://brutwinebarva.com
[22:54:38]   [WEBSITE] Looking up: Screwtop Wine Bar
[22:54:41]     Website: https://screwtopwinebar.com
[22:54:44]   [WEBSITE] Looking up: Pinot's Palette
[22:54:48]     Website: https://www.pinotspalette.com
[22:54:52]   [WEBSITE] Looking up: Jackson's Mighty Fine Food and Lucky Lounge
[22:54:55]     Website: https://www.jacksonsva.com
[22:54:58]   [WEBSITE] Looking up: Kalypso's Sports Tavern
[22:55:02]     Website: https://www.kalypsossportstavern.com
[22:55:05]   [WEBSITE] Looking up: TriState Indian Cuisine
[22:55:08]     Website: https://tristateindiancuisine.com
[22:55:12]   [WEBSITE] Looking up: Falcon & Fig
[22:55:15]     Website: https://falconandfig.com
[22:55:20]   [WEBSITE] Looking up: Uncle Jalapeno
[22:55:23]     Website: https://unclejalapeno.com
[22:55:27]   [WEBSITE] Looking up: Euro Bistro
[22:55:30]     Website: https://euro-bistro.com
[22:55:34]   [WEBSITE] Looking up: Nordic-Knot
[22:55:38]     Website: https://www.nordic-knot.com
[22:55:42]   [WEBSITE] Looking up: Sonoma Cellar
[22:55:45]     Website: https://www.mysonomacellar.com
[22:55:49]   [WEBSITE] Looking up: Aslin Beer Company - Herndon
[22:55:52]     Website: https://www.aslinbeer.com
[22:55:55]   [WEBSITE] Looking up: Kabobi By The Helmand
[22:55:59]     Website: https://www.thekabobi.com
[22:56:03]   [WEBSITE] Looking up: Crafthouse Reston
[22:56:07]     Website: https://crafthouseusa.com
[22:56:11]   [WEBSITE] Looking up: Makers Union
[22:56:14]     Website: https://www.makersunionpub.com
[22:56:20]   [WEBSITE] Looking up: H Pot Korean BBQ & Hot Pot
[22:56:23]     Website: https://www.hpotherndon.com
[22:56:26]   [WEBSITE] Looking up: Old Ox Grille & Cardinal Bar
[22:56:30]     Website: https://doubletreedulles.com
[22:56:40] 
[22:56:40] === Taste Query [2/23]: wine bar Chadds Ford PA ===
[22:56:46]   Scrolling search results...
[22:56:54]   Extracting results...
[22:56:54]   Found 5 results
[22:57:08]   Added 0 new venues from query
[22:57:14] 
[22:57:14] === Taste Query [3/23]: wine bar Oxford MD ===
[22:57:18]   Scrolling search results...
[22:57:24]   Extracting results...
[22:57:25]   Found 3 results
[22:57:34]   Added 1 new venues from query
[22:57:34]   [WEBSITE] Looking up: Pope's Tavern
[22:57:37]     Website: https://www.oxfordinn.net
[22:57:46] 
[22:57:46] === Taste Query [4/23]: country club Charlottesville VA ===
[22:57:53]   Scrolling search results...
[22:58:00]   Extracting results...
[22:58:00]   No results found
[22:58:04] 
[22:58:04] === Taste Query [5/23]: country club Shepherdstown WV ===
[22:58:10]   Scrolling search results...
[22:58:16]   Extracting results...
[22:58:16]   Found 2 results
[22:58:24]   Added 0 new venues from query
[22:58:29] 
[22:58:29] === Taste Query [6/23]: country club Greenville DE ===
[22:58:35]   Scrolling search results...
[22:58:42]   Extracting results...
[22:58:42]   No results found
[22:58:45] 
[22:58:45] === Taste Query [7/23]: country club Wilmington DE ===
[22:58:51]   Scrolling search results...
[22:58:57]   Extracting results...
[22:58:57]   No results found
[22:59:01] 
[22:59:01] === Taste Query [8/23]: country club Kennett Square PA ===
[22:59:06]   Scrolling search results...
[22:59:12]   Extracting results...
[22:59:12]   No results found
[22:59:16] 
[22:59:16] === Taste Query [9/23]: country club Bryn Mawr PA ===
[22:59:21]   Scrolling search results...
[22:59:29]   Extracting results...
[22:59:29]   Found 58 results
[23:02:23]   Added 44 new venues from query
[23:02:23]   [WEBSITE] Looking up: Radnor Valley Country Club
[23:02:27]     Website: https://www.radnorvalleycc.com
[23:02:30]   [WEBSITE] Looking up: Llanerch Country Club
[23:02:33]     Website: https://llanerchcc.org
[23:02:37]   [WEBSITE] Looking up: Philadelphia Country Club
[23:02:40]     Website: https://www.philadelphiacc.net
[23:02:44]   [WEBSITE] Looking up: Merion Golf Club
[23:02:47]     Website: https://www.meriongolfclub.com
[23:02:51]   [WEBSITE] Looking up: Waynesborough Country Club
[23:02:54]     Website: https://www.wcc1965.org
[23:02:58]   [WEBSITE] Looking up: Broomall's Lake Country Club
[23:03:01]     Website: https://broomallslakecountryclub.com
[23:03:04]   [WEBSITE] Looking up: The 1912 Club
[23:03:08]     Website: https://the1912club.com
[23:03:12]   [WEBSITE] Looking up: Sandy Run Country Club
[23:03:15]     Website: https://www.sandyruncc.com
[23:03:19]   [WEBSITE] Looking up: The Springhaven Club
[23:03:22]     Website: https://www.thespringhavenclub.com
[23:03:28]   [WEBSITE] Looking up: Bala Golf Club
[23:03:31]     Website: https://www.balagolfclub.com
[23:03:35]   [WEBSITE] Looking up: Cedarbrook Country Club
[23:03:38]     Website: https://www.cedarbrookcc.org
[23:03:43]   [WEBSITE] Looking up: Flourtown Country Club
[23:03:47]     Website: https://flourtowncc.com
[23:03:51]   [WEBSITE] Looking up: Westover Country Club
[23:03:54]     Website: https://westovergc.com
[23:03:59]   [WEBSITE] Looking up: Glenhardie Golf Course
[23:04:03]     Website: https://www.glenhardiecc.com
[23:04:06]   [WEBSITE] Looking up: Gulph Mills Golf Club
[23:04:10]     Website: https://www.gulphmillsgc.com
[23:04:13]   [WEBSITE] Looking up: Aronimink Golf Club
[23:04:17]     Website: https://www.aronimink.org
[23:04:24]   [WEBSITE] Looking up: Lancaster Country Club
[23:04:27]     Website: https://www.lancastercc.com
[23:04:31]   [WEBSITE] Looking up: Whitemarsh Valley Country Club
[23:04:35]     Website: https://www.whitemarshvalleycc.com
[23:04:38]   [WEBSITE] Looking up: Concord Country Club
[23:04:42]     Website: https://www.concordclub.org
[23:04:46]   [WEBSITE] Looking up: North Hills Country Club
[23:04:49]     Website: https://www.invitedclubs.com
[23:04:54]   [WEBSITE] Looking up: Green Valley Country Club
[23:04:57]     Website: https://www.greenvalleycc.org
[23:05:01]   [WEBSITE] Looking up: Westover Golf Club
[23:05:04]     Website: https://westovergc.com
[23:05:09]   [WEBSITE] Looking up: Manufacturers' Golf & Country Club
[23:05:12]     Website: https://www.mg-cc.org
[23:05:16]   [WEBSITE] Looking up: Commonwealth National Golf Club
[23:05:19]     Website: https://www.commonwealthgolfclub.com
[23:05:23]   [WEBSITE] Looking up: Huntingdon Valley Country Club
[23:05:26]     Website: https://www.hvccpa.org
[23:05:31]   [WEBSITE] Looking up: Merion Cricket Club
[23:05:34]     Website: https://www.merioncricket.com
[23:05:38]   [WEBSITE] Looking up: greenville country club
[23:05:42]     Website: https://greenvillecc.com
[23:05:46]   [WEBSITE] Looking up: Paxon Hollow Golf Club
[23:05:49]     Website: https://www.paxonhollowgolf.com
[23:05:53]   [WEBSITE] Looking up: Phoenixville Country Club
[23:05:56]     Website: https://www.phoenixvillecc.com
[23:06:00]   [WEBSITE] Looking up: Waynesborough Country Club Grounds Department
[23:06:03]     Website: https://www.wcc1965.org
[23:06:07]   [WEBSITE] Looking up: Blue Bell Country Club Recreation Center
[23:06:10]     Website: https://www.bluebellcc.com
[23:06:14]   [WEBSITE] Looking up: Merchantville Country Club
[23:06:17]     Website: https://merchantvillecc.com
[23:06:21]   [WEBSITE] Looking up: Walnut Lane Golf Club
[23:06:24]     Website: https://walnutlanegolf.com
[23:06:28]   [WEBSITE] Looking up: Valley View Golf
[23:06:31]     Website: https://www.valleyviewgolff.com
[23:06:35]   [WEBSITE] Looking up: Rolling Green Golf Club
[23:06:39]     Website: https://www.rggc.org
[23:06:42]   [WEBSITE] Looking up: Springfield Twp Golf Course
[23:06:46]     Website: https://www.springfieldgolf.org
[23:06:50]   [WEBSITE] Looking up: Penn Oaks Golf Club
[23:06:54]     Website: https://pennoaksgolfclub.com
[23:06:58]   [WEBSITE] Looking up: Union League Liberty Hill
[23:07:01]     Website: https://www.unionleague.org
[23:07:06]   [WEBSITE] Looking up: Raven's Claw Golf Club
[23:07:09]     Website: https://www.ravensclawgolfclub.com
[23:07:12]   [WEBSITE] Looking up: Devon Horse Show & Country Fair and Devon Fall Classic
[23:07:16]     Website: https://devonhorseshow.net
[23:07:21]   [WEBSITE] Looking up: Linfield National Golf Club
[23:07:25]     Website: https://www.linfieldnational.com
[23:07:29]   [WEBSITE] Looking up: Phila Aviation Country Club
[23:07:32]     Website: https://www.paccwings.com
[23:07:36]   [WEBSITE] Looking up: Philadelphia Cricket Club
[23:07:39]     Website: https://www.philacricket.com
[23:07:42]   [WEBSITE] Looking up: PVCMA
[23:07:46]     Website: https://www.pvcma.org
[23:07:56] 
[23:07:56] === Taste Query [10/23]: country club Rehoboth Beach DE ===
[23:08:01]   Scrolling search results...
[23:08:09]   Extracting results...
[23:08:09]   No results found
[23:08:13] 
[23:08:13] === Taste Query [11/23]: country club Lancaster PA ===
[23:08:18]   Scrolling search results...
[23:08:24]   Extracting results...
[23:08:24]   No results found
[23:08:28] 
[23:08:28] === Taste Query [12/23]: country club Ellicott City MD ===
[23:08:35]   Scrolling search results...
[23:08:42]   Extracting results...
[23:08:42]   Found 8 results
[23:08:58]   Added 0 new venues from query
[23:09:06] 
[23:09:06] === Taste Query [13/23]: country club Severna Park MD ===
[23:09:11]   Scrolling search results...
[23:09:19]   Extracting results...
[23:09:19]   No results found
[23:09:24] 
[23:09:24] === Taste Query [14/23]: country club Vienna VA ===
[23:09:29]   Scrolling search results...
[23:09:37]   Extracting results...
[23:09:37]   No results found
[23:09:40] 
[23:09:40] === Taste Query [15/23]: country club Herndon VA ===
[23:09:47]   Scrolling search results...
[23:09:54]   Extracting results...
[23:09:54]   Found 2 results
[23:10:09]   Added 2 new venues from query
[23:10:09]   [WEBSITE] Looking up: Herndon Centennial Golf Course
[23:10:12]     Website: https://www.herndongolf.com
[23:10:48]   [WEBSITE] Looking up: Hidden Creek Country Club
[23:10:51]     Website: https://www.hiddencreekcc.com
[23:11:01] 
[23:11:01] === Taste Query [16/23]: country club Chadds Ford PA ===
[23:11:05]   Scrolling search results...
[23:11:12]   Extracting results...
[23:11:13]   Found 6 results
[23:11:34]   Added 6 new venues from query
[23:11:34]   [WEBSITE] Looking up: Concord Country Club
[23:11:38]     Website: https://www.concordclub.org
[23:11:42]   [WEBSITE] Looking up: Radley Run Country Club
[23:11:45]     Website: https://www.radleyruncountryclub.com
[23:11:49]   [WEBSITE] Looking up: West Chester Golf & Country Club
[23:11:52]     Website: https://www.westchestercc.net
[23:11:57]   [WEBSITE] Looking up: Wilmington Country Club
[23:12:00]     Website: https://www.wilmingtoncc.com
[23:12:04]   [WEBSITE] Looking up: Penn Oaks Golf Club
[23:12:08]     Website: https://pennoaksgolfclub.com
[23:12:12]   [WEBSITE] Looking up: Kennett Square Golf & Country Club
[23:12:15]     Website: https://www.ksgcc.com
[23:12:26] 
[23:12:26] === Taste Query [17/23]: country club Oxford MD ===
[23:12:31]   Scrolling search results...
[23:12:38]   Extracting results...
[23:12:38]   No results found
[23:12:42] 
[23:12:42] === Taste Query [18/23]: winery Charlottesville VA ===
[23:12:46]   Scrolling search results...
[23:12:55]   Extracting results...
[23:12:55]   Found 65 results
[23:16:38]   Added 45 new venues from query
[23:16:38]   [WEBSITE] Looking up: Jefferson Vineyards
[23:16:42]     Website: https://www.jeffersonvineyards.com
[23:16:46]   [WEBSITE] Looking up: Blenheim Vineyards
[23:16:49]     Website: https://blenheimvineyards.com
[23:16:53]   [WEBSITE] Looking up: Keswick Vineyards
[23:16:56]     Website: https://keswickvineyards.com
[23:17:00]   [WEBSITE] Looking up: Barboursville Vineyards
[23:17:03]     Website: https://www.bbvwine.com
[23:17:07]   [WEBSITE] Looking up: King Family Vineyards
[23:17:11]     Website: https://kingfamilyvineyards.com
[23:17:15]   [WEBSITE] Looking up: Southwest Mountains Vineyards
[23:17:18]     Website: https://www.smvwines.com
[23:17:22]   [WEBSITE] Looking up: Hazy Mountain Vineyards & Brewery
[23:17:26]     Website: https://www.hazy-mountain.com
[23:17:30]   [WEBSITE] Looking up: Trump Winery
[23:17:33]     Website: https://trumpwinery.com
[23:17:37]   [WEBSITE] Looking up: Early Mountain Vineyards
[23:17:41]     Website: https://www.earlymountain.com
[23:17:44]   [WEBSITE] Looking up: Thistlerock Mead Company
[23:17:48]     Website: https://www.thistlerockmead.com
[23:17:52]   [WEBSITE] Looking up: Veritas Vineyards and Winery
[23:17:56]     Website: https://veritaswines.com
[23:18:00]   [WEBSITE] Looking up: Stone Mountain Vineyards
[23:18:03]     Website: https://www.stonemountainvineyards.com
[23:18:07]   [WEBSITE] Looking up: Montifalco Vineyard
[23:18:11]     Website: https://www.montifalcovineyard.com
[23:18:14]   [WEBSITE] Looking up: Cunningham Creek Winery & Brewery
[23:18:18]     Website: https://cunninghamcreek.wine
[23:18:21]   [WEBSITE] Looking up: Blue Ridge Wine Excursions
[23:18:24]     Website: https://www.blueridgewineexcursions.com
[23:18:29]   [WEBSITE] Looking up: Flying Fox Vineyard
[23:18:32]     Website: https://www.flyingfoxvineyard.com
[23:18:36]   [WEBSITE] Looking up: Chestnut Oak Vineyard
[23:18:40]     Website: https://www.chestnutoakvineyard.com
[23:18:44]   [WEBSITE] Looking up: Mountain & Vine Vineyards and Winery
[23:18:47]     Website: https://www.mountainandvine.com
[23:18:50]   [WEBSITE] Looking up: Fifty-Third Winery & Vineyard
[23:18:54]     Website: https://53rdwinery.com
[23:18:57]   [WEBSITE] Looking up: Glass House Winery & Brewery
[23:19:01]     Website: https://glasshousewinery.com
[23:19:05]   [WEBSITE] Looking up: Hark Vineyards
[23:19:09]     Website: https://harkvineyards.com
[23:19:13]   [WEBSITE] Looking up: Burnley Vineyards
[23:19:16]     Website: https://www.burnleywines.com
[23:19:20]   [WEBSITE] Looking up: Reynard Florence Vineyard
[23:19:23]     Website: https://reynardflorence.com
[23:19:27]   [WEBSITE] Looking up: Muddy Paws Winery
[23:19:31]     Website: https://muddypawswinery.com
[23:19:34]   [WEBSITE] Looking up: Carter Mountain Orchard and Country Store
[23:19:38]     Website: https://chilesfamilyorchards.com
[23:19:42]   [WEBSITE] Looking up: Stinson Vineyards
[23:19:45]     Website: https://www.stinsonvineyards.com
[23:19:49]   [WEBSITE] Looking up: Mountain Run Winery
[23:19:52]     Website: http://www.mountainrunwinery.com
[23:19:56]   [WEBSITE] Looking up: Loving Cup Vineyard & Winery
[23:20:00]     Website: https://lovingcupwine.com
[23:20:03]   [WEBSITE] Looking up: Barren Ridge Vineyards
[23:20:06]     Website: https://www.barrenridgevineyards.com
[23:20:10]   [WEBSITE] Looking up: Chateau MerrillAnne LLC
[23:20:14]     Website: https://chateaumerrillanne.com
[23:20:17]   [WEBSITE] Looking up: Common Wealth Crush Co.
[23:20:21]     Website: https://commonwealthcrush.com
[23:20:24]   [WEBSITE] Looking up: Brix & Columns Vineyards
[23:20:28]     Website: https://www.brixandcolumns.com
[23:20:32]   [WEBSITE] Looking up: Well Hung Vineyard - Restaurant
[23:20:35]     Website: https://gordonsville.wellhungvineyard.com
[23:20:39]   [WEBSITE] Looking up: The Inn at Stinson Vineyards
[23:20:43]     Website: https://www.innatstinsonvineyards.com
[23:20:47]   [WEBSITE] Looking up: Honah Lee Vineyard
[23:20:50]     Website: https://www.honahleevineyard.com
[23:20:54]   [WEBSITE] Looking up: Present Company Wine
[23:20:57]     Website: https://drinkpresentcompany.com
[23:21:01]   [WEBSITE] Looking up: Pollak Vineyards
[23:21:05]     Website: https://www.pollakvineyards.com
[23:21:08]   [WEBSITE] Looking up: Norm's Executive Charlottesville Wine Tour & Airport Transportation LLC
[23:21:11]     Website: https://www.drivingcharlottesville.com
[23:21:15]   [WEBSITE] Looking up: Arcady Vineyard Bed and Breakfast
[23:21:18]     Website: https://www.innarcadyvineyard.com
[23:21:22]   [WEBSITE] Looking up: Marceline Vineyards
[23:21:26]     Website: https://www.marcelinevineyards.com
[23:21:30]   [WEBSITE] Looking up: Caihailian Vineyard
[23:21:33]     Website: https://www.chivineyard.com
[23:21:37]   [WEBSITE] Looking up: Grayhaven Winery
[23:21:40]     Website: https://grayhavenwinery.com
[23:21:44]   [WEBSITE] Looking up: Afton Mountain Vineyards
[23:21:47]     Website: https://www.aftonmountainvineyards.com
[23:21:51]   [WEBSITE] Looking up: Cardinal Point Winery
[23:21:54]     Website: https://www.cardinalpointwinery.com
[23:21:59]   [WEBSITE] Looking up: Prince Michel Vineyard & Winery
[23:22:02]     Website: https://www.princemichel.com
[23:22:13] 
[23:22:13] === Taste Query [19/23]: winery Shepherdstown WV ===
[23:22:19]   Scrolling search results...
[23:22:26]   Extracting results...
[23:22:26]   Found 18 results
[23:23:21]   Added 14 new venues from query
[23:23:21]   [WEBSITE] Looking up: The Rusty Nail Winery
[23:23:24]     Website: https://3.6K+
[23:23:28]   [WEBSITE] Looking up: Antietam Creek Vineyards
[23:23:31]     Website: https://www.antietamcreekvineyards.com
[23:23:35]   [WEBSITE] Looking up: Big Cork Vineyards
[23:23:39]     Website: https://www.bigcorkvineyards.com
[23:23:42]   [WEBSITE] Looking up: Two Twisted Posts Winery & Tavern
[23:23:46]     Website: https://www.twotwistedposts.com
[23:23:49]   [WEBSITE] Looking up: Hiddencroft Vineyards, LLC
[23:23:53]     Website: https://www.hiddencroftvineyards.com
[23:23:56]   [WEBSITE] Looking up: Breaux Vineyards
[23:24:00]     Website: https://www.breauxvineyards.com
[23:24:04]   [WEBSITE] Looking up: Mazzaroth Vineyard
[23:24:07]     Website: https://mazzaroth.squarespace.com
[23:24:11]   [WEBSITE] Looking up: Hillsborough Vineyards & Brewery
[23:24:14]     Website: https://www.hillsboroughwine.com
[23:24:19]   [WEBSITE] Looking up: Cold Run Valley Winery
[23:24:22]     Website: https://coldrunvalleywinery.com
[23:24:26]   [WEBSITE] Looking up: Creek's Edge Winery
[23:24:30]     Website: https://creeksedgewinery.com
[23:24:33]   [WEBSITE] Looking up: Kalero Vineyard
[23:24:36]     Website: https://www.kalerovineyard.com
[23:24:40]   [WEBSITE] Looking up: Doukénie Winery
[23:24:44]     Website: https://doukeniewinery.com
[23:24:48]   [WEBSITE] Looking up: Bozzo Family Vineyards
[23:24:52]     Website: https://bozwines.com
[23:24:56]   [WEBSITE] Looking up: Stone House Urban Winery
[23:25:00]     Website: https://www.stonehouseuw.com
[23:25:11] 
[23:25:11] === Taste Query [20/23]: winery Greenville DE ===
[23:25:16]   Scrolling search results...
[23:25:23]   Extracting results...
[23:25:23]   Found 63 results
[23:28:18]   Added 46 new venues from query
[23:28:18]   [WEBSITE] Looking up: The Wine & Spirit Company of Greenville
[23:28:21]     Website: https://wineandspiritco.com
[23:28:25]   [WEBSITE] Looking up: 1723 Vineyards
[23:28:29]     Website: https://www.1723vineyards.com
[23:28:32]   [WEBSITE] Looking up: Harvest Ridge Winery
[23:28:36]     Website: https://www.visitwilmingtonde.com
[23:28:41]   [WEBSITE] Looking up: Penns Woods Winery
[23:28:44]     Website: https://www.pennswoodswinery.com
[23:28:48]   [WEBSITE] Looking up: Chaddsford Winery
[23:28:51]     Website: https://www.chaddsford.com
[23:28:57]   [WEBSITE] Looking up: Va La Vineyards
[23:29:00]     Website: https://www.visitwilmingtonde.com
[23:29:04]   [WEBSITE] Looking up: Paradocx Vineyard
[23:29:07]     Website: https://pennsylvaniawine.com
[23:29:12]   [WEBSITE] Looking up: FranksWine
[23:29:15]     Website: https://frankswine.com
[23:29:19]   [WEBSITE] Looking up: Broken Spoke Vineyard & Winery
[23:29:23]     Website: https://www.brokenspokewinery.com
[23:29:27]   [WEBSITE] Looking up: Salem Oak Vineyards & Winery
[23:29:30]     Website: https://www.salemoakvineyards.com
[23:29:36]   [WEBSITE] Looking up: Auburn Road Vineyard & Winery
[23:29:39]     Website: https://www.auburnroadvineyards.com
[23:29:45]   [WEBSITE] Looking up: Crow Vineyard & Winery
[23:29:48]     Website: https://crowvineyardandwinery.com
[23:29:52]   [WEBSITE] Looking up: Bohemia Manor Farm Wine LLC
[23:29:55]     Website: https://bohemiamanorfarm.com
[23:30:00]   [WEBSITE] Looking up: Salted Vines Vineyard & Winery
[23:30:03]     Website: https://www.saltedvines.com
[23:30:07]   [WEBSITE] Looking up: Nassau Valley Vineyards-Winery
[23:30:10]     Website: https://www.nassauvalley.com
[23:30:14]   [WEBSITE] Looking up: Moore Brothers Wine Company Delaware
[23:30:17]     Website: https://moorebrothers.com
[23:30:21]   [WEBSITE] Looking up: Twin Branch Winery
[23:30:25]     Website: https://twinbranchwine.com
[23:30:28]   [WEBSITE] Looking up: Collier's of Centreville
[23:30:31]     Website: https://inwilmde.com
[23:30:36]   [WEBSITE] Looking up: Frightened Turtle Winery at Sunny Slope Farms
[23:30:39]     Website: https://frightenedturtle.com
[23:30:44]   [WEBSITE] Looking up: Layton's Chance Vineyard & Winery
[23:30:47]     Website: https://www.laytonschance.com
[23:30:51]   [WEBSITE] Looking up: Bordeleau Winery at St. Michaels
[23:30:54]     Website: https://www.bordeleauwine.com
[23:30:58]   [WEBSITE] Looking up: LeoFigs
[23:31:02]     Website: https://www.levi.com
[23:31:06]   [WEBSITE] Looking up: Deerfield Wines
[23:31:09]     Website: https://deerfieldwines.com
[23:31:14]   [WEBSITE] Looking up: East Cooke Winery
[23:31:17]     Website: https://ecookewinery.com
[23:31:22]   [WEBSITE] Looking up: The Wilmington Wine Company
[23:31:25]     Website: https://mindtrip.ai
[23:31:29]   [WEBSITE] Looking up: Rebel Seed Cidery
[23:31:33]     Website: https://1.9K+
[23:31:37]   [WEBSITE] Looking up: C.R. Hummingbird to Mars
[23:31:40]     Website: https://catherinerooneys.com
[23:31:44]   [WEBSITE] Looking up: Brandywine Creek State Park
[23:31:48]     Website: https://www.destateparks.com
[23:31:52]   [WEBSITE] Looking up: Catoctin Breeze Vineyard
[23:31:55]     Website: https://www.catoctinbreeze.com
[23:32:00]   [WEBSITE] Looking up: Winterthur Museum, Garden & Library
[23:32:03]     Website: https://www.winterthur.org
[23:32:08]   [WEBSITE] Looking up: University and Whist Club
[23:32:12]     Website: https://www.universityandwhistclub.com
[23:32:16]   [WEBSITE] Looking up: Limo Exchange/Buker Limousine
[23:32:19]     Website: https://limo-exchange.com
[23:32:24]   [WEBSITE] Looking up: Total Wine & More
[23:32:27]     Website: https://www.totalwine.com
[23:32:32]   [WEBSITE] Looking up: Crimson Moon
[23:32:35]     Website: https://www.crimsonmoonde.com
[23:32:40]   [WEBSITE] Looking up: Girard Craft and Cork
[23:32:43]     Website: https://www.girardcraftandcork.com
[23:32:48]   [WEBSITE] Looking up: Moro Bistro
[23:32:51]     Website: https://morobistro.com
[23:32:56]   [WEBSITE] Looking up: DORCEA
[23:32:59]     Website: https://dorcea.com
[23:33:03]   [WEBSITE] Looking up: ICONZ Bar and Lounge
[23:33:06]     Website: https://theiconzbar.com
[23:33:10]   [WEBSITE] Looking up: La Tolteca Mexican Kitchen and Bar - Greenville, DE
[23:33:14]     Website: https://www.tolteca.co
[23:33:18]   [WEBSITE] Looking up: Janssen's Market
[23:33:21]     Website: https://janssensfinefoods.com
[23:33:25]   [WEBSITE] Looking up: Bordeleau Vineyards & Winery
[23:33:29]     Website: https://www.bordeleauwine.com
[23:33:33]   [WEBSITE] Looking up: Park Café
[23:33:36]     Website: https://www.parkcafede.com
[23:33:41]   [WEBSITE] Looking up: Delaware Museum of Nature & Science
[23:33:44]     No website found
[23:33:45]   [WEBSITE] Looking up: Brew HaHa!
[23:33:48]     Website: https://www.brewhaha.com
[23:33:53]   [WEBSITE] Looking up: Feby's Fishery
[23:33:56]     Website: https://febysfishery.com
[23:34:00]   [WEBSITE] Looking up: Eclipse Bistro
[23:34:04]     Website: https://www.eclipsebistro.com
[23:34:16] 
[23:34:16] === Taste Query [21/23]: winery Wilmington DE ===
[23:34:23]   Scrolling search results...
[23:34:29]   Extracting results...
[23:34:29]   Found 39 results
[23:36:23]   Added 22 new venues from query
[23:36:23]   [WEBSITE] Looking up: Liquid Alchemy Beverages
[23:36:26]     Website: https://www.liquidalchemybeverage.com
[23:36:30]   [WEBSITE] Looking up: Penns Woods Winery
[23:36:33]     Website: https://www.pennswoodswinery.com
[23:36:37]   [WEBSITE] Looking up: Chaddsford Winery
[23:36:41]     Website: https://www.chaddsford.com
[23:36:45]   [WEBSITE] Looking up: Harvest Ridge Winery
[23:36:48]     Website: https://www.visitwilmingtonde.com
[23:36:52]   [WEBSITE] Looking up: Va La Vineyards
[23:36:56]     Website: https://www.visitwilmingtonde.com
[23:37:00]   [WEBSITE] Looking up: Salem Oak Vineyards & Winery
[23:37:03]     Website: https://www.salemoakvineyards.com
[23:37:08]   [WEBSITE] Looking up: 1723 Vineyards
[23:37:11]     Website: https://www.1723vineyards.com
[23:37:17]   [WEBSITE] Looking up: Auburn Road Vineyard & Winery
[23:37:21]     Website: https://www.auburnroadvineyards.com
[23:37:25]   [WEBSITE] Looking up: Paradocx Vineyard
[23:37:28]     Website: https://pennsylvaniawine.com
[23:37:32]   [WEBSITE] Looking up: The Sycamore Wine Bar
[23:37:36]     Website: https://www.thesycamorewinebar.com
[23:37:40]   [WEBSITE] Looking up: Total Wine & More
[23:37:43]     Website: https://www.totalwine.com
[23:37:48]   [WEBSITE] Looking up: Salted Vines Vineyard & Winery
[23:37:51]     Website: https://www.saltedvines.com
[23:37:56]   [WEBSITE] Looking up: Collier's of Centreville
[23:37:59]     Website: https://inwilmde.com
[23:38:03]   [WEBSITE] Looking up: Snuff Mill Restaurant, Butchery & Wine Bar
[23:38:07]     Website: https://www.snuffmillbutchery.com
[23:38:11]   [WEBSITE] Looking up: Nassau Valley Vineyards-Winery
[23:38:14]     Website: https://www.nassauvalley.com
[23:38:19]   [WEBSITE] Looking up: Wilmington Brew Works
[23:38:22]     Website: https://wilmingtonbrewworks.com
[23:38:28]   [WEBSITE] Looking up: The Wine & Spirit Company of Greenville
[23:38:31]     Website: https://wineandspiritco.com
[23:38:36]   [WEBSITE] Looking up: LeoFigs
[23:38:39]     Website: https://www.levi.com
[23:38:43]   [WEBSITE] Looking up: Brew Works North
[23:38:46]     Website: https://wilmingtonbrewworks.com
[23:38:50]   [WEBSITE] Looking up: Pizzadili Winery
[23:38:54]     Website: https://www.visitdelaware.com
[23:38:58]   [WEBSITE] Looking up: Stitch House Brewery
[23:39:01]     Website: https://www.delawareonline.com
[23:39:06]   [WEBSITE] Looking up: At The Rail Wine Bar and Grill
[23:39:09]     Website: https://www.whiteclaycreek.com
[23:39:20] 
[23:39:20] === Taste Query [22/23]: winery Kennett Square PA ===
[23:39:28]   Scrolling search results...
[23:39:35]   Extracting results...
[23:39:35]   Found 7 results
[23:40:00]   Added 6 new venues from query
[23:40:00]   [WEBSITE] Looking up: Chaddsford Winery
[23:40:03]     Website: https://www.chaddsford.com
[23:40:08]   [WEBSITE] Looking up: Va La Vineyards
[23:40:11]     Website: https://pennsylvaniawine.com
[23:40:15]   [WEBSITE] Looking up: Harvest Ridge Winery
[23:40:19]     Website: https://www.brandywinevalley.com
[23:40:23]   [WEBSITE] Looking up: The Acadian Wine Company
[23:40:26]     Website: https://acadianwinecompany.com
[23:40:29]   [WEBSITE] Looking up: Stargazers Vineyard
[23:40:33]     Website: https://stargazersvineyard.com
[23:40:37]   [WEBSITE] Looking up: 1723 Vineyards
[23:40:40]     Website: https://www.1723vineyards.com
[23:40:50] 
[23:40:50] === Taste Query [23/23]: winery Bryn Mawr PA ===
[23:40:56]   Scrolling search results...
[23:41:03]   Extracting results...
[23:41:03]   Found 7 results
[23:41:25]   Added 6 new venues from query
[23:41:25]   [WEBSITE] Looking up: Vino Bambino Winery
[23:41:28]     Website: https://www.vinobambino.us
[23:41:34]   [WEBSITE] Looking up: Penns Woods Winery
[23:41:37]     Website: https://www.pennswoodswinery.com
[23:41:41]   [WEBSITE] Looking up: The Inn at Grace Winery
[23:41:44]     Website: https://www.gracewinery.com
[23:41:48]   [WEBSITE] Looking up: Blue Ridge Estate Vineyard & Winery
[23:41:52]     Website: https://www.blueridgeestatewinery.com
[23:41:56]   [WEBSITE] Looking up: Red Brick Winery (Glen Mills, PA)
[23:41:59]     Website: https://redbrickwinery.com
[23:42:04]   [WEBSITE] Looking up: Chaddsford Winery
[23:42:07]     Website: https://www.chaddsford.com
[23:42:21]   MAX_QUERIES=23 reached — stopping.
[23:42:21] Calculating distances for new venues...
[23:43:56]   Distances calculated: 1
[23:43:56] 
[23:43:56] === Taste Discovery Complete ===
[23:43:56]   Queries run: 23
[23:43:56]   Venues added: 239
[23:43:56]   Queries remaining: 285

[01:57:54] === Venue Discovery Started ===
[01:57:54] Fetching past gigs...
[01:57:57] Found 70 past gigs
[01:57:57] Fetching existing venues for dedup...
[01:57:59] Existing venues: 3556
[01:57:59]   SKIP (already discovered): L'Auberge Chez Francois
[01:57:59]   SKIP (already discovered): The Inn at Perry Cabin
[01:57:59]   SKIP (already discovered): The Maryland Club
[01:57:59]   SKIP (already discovered): Black Ankle Vineyards
[01:57:59]   SKIP (already discovered): Royal Restaurant
[01:57:59]   SKIP (already discovered): Good Spirit Farm Winery
[01:57:59]   SKIP (already discovered): Chesapeake Manor Vineyard
[01:57:59]   SKIP (already discovered): Elkridge Furnace Inn
[01:57:59]   SKIP (already discovered): Xella Winery and Vineyard
[01:57:59]   SKIP (already discovered): Twin Oaks Tavern Winery
[01:57:59]   SKIP (already discovered): Windridge Vineyards
[01:57:59]   SKIP (already discovered): University Club
[01:57:59]   SKIP (already discovered): The Farmhouse Tuscan
[01:57:59]   SKIP (already discovered): Big Cork Vineyards
[01:57:59]   SKIP (already discovered): Savage Mill Mall
[01:57:59]   SKIP (already discovered): Trueman Vineyards
[01:57:59]   SKIP (already discovered): Williams Gap Vineyard
[01:57:59]   SKIP (already discovered): Hello Betty Bethesda
[01:57:59]   SKIP (already discovered): The Madison Hotel
[01:57:59]   SKIP (already discovered): Belle Haven Country Club
[01:57:59]   SKIP (already discovered): Casanel Vineyards & Winery
[01:57:59]   SKIP (already discovered): Chrysalis Vineyards at The Ag District
[01:57:59]   SKIP (already discovered): Corteau Winery
[01:57:59]   SKIP (already discovered): Penn Oaks Winery
[01:57:59]   SKIP (already discovered): Pizza Pomodoro
[01:57:59]   SKIP (already discovered): Hidden Brook Winery
[01:57:59]   SKIP (already discovered): Simple Theory Wine Co
[01:57:59]   SKIP (already discovered): Brightview Perry Hall
[01:57:59]   SKIP (already discovered): Lake Anne Coffee House & Wine Bar
[01:57:59]   SKIP (already discovered): Gaylord National Harbor
[01:57:59]   SKIP (already discovered): Woodberry Kitchen
[01:57:59]   SKIP (already discovered): Great Sage
[01:57:59]   SKIP (already discovered): Cosmos Club DC
[01:57:59]   SKIP (already discovered): Doukénie Winery
[01:57:59]   SKIP (already discovered): State Plaza Hotel DC
[01:57:59]   SKIP (already discovered): Hyatt Cambridge
[01:57:59]   SKIP (already discovered): Greenhill Vineyards
[01:58:00]   SKIP (already discovered): Loudoun Golf & Country Club
[01:58:00]   SKIP (already discovered): Creek's Edge Winery
[01:58:00]   SKIP (already discovered): The Milton Inn
[01:58:00]   SKIP (already discovered): Country Club of Fairfax
[01:58:00]   SKIP (already discovered): Century Club Hagerstown
[01:58:00]   SKIP (already discovered): Rock Spring Farm
[01:58:00]   SKIP (already discovered): Janemark Winery & Vineyard
[01:58:00]   SKIP (already discovered): Alma Cocina Latina
[01:58:00]   SKIP (already discovered): Omni Shoreham Hotel
[01:58:00]   SKIP (already discovered): Knoxie's Table
[01:58:00]   SKIP (already discovered): 1757 Golf Club
[01:58:00]   SKIP (already discovered): Holly Hills Country Club
[01:58:00]   SKIP (already discovered): Conrad Washington DC
[01:58:00]   SKIP (already discovered): Pirouette Restaurant & Wine Shop
[01:58:00]   SKIP (already discovered): Le Méridien Arlington
[01:58:00]   SKIP (already discovered): Dulles Town Center
[01:58:00]   SKIP (already discovered): Hidden Hills Farm and Vineyard
[01:58:00]   SKIP (already discovered): Maritime Museum St Michaels
[01:58:00]   SKIP (already discovered): Chartwell Golf & Country Club
[01:58:00]   SKIP (already discovered): Ruse
[01:58:00]   SKIP (already discovered): InGrano Bistro Bakery
[01:58:00]   SKIP (already discovered): Kent Manor Inn
[01:58:00]   SKIP (already discovered): Army Navy Country Club
[01:58:00]   SKIP (already discovered): River Bend Country Club
[01:58:00]   SKIP (already discovered): City Tavern DC
[01:58:00]   SKIP (already discovered): Baltimore Country Club
[01:58:00]   SKIP (already discovered): Vino and Pasta
[01:58:00]   SKIP (already discovered): 50 West Vineyards
[01:58:00]   SKIP (already discovered): The Galley Restaurant & Bar
[01:58:00]   SKIP (already discovered): Wylder Hotel Tilghman Island
[01:58:00]   SKIP (already discovered): Bistrot Lepic
[01:58:00]   SKIP (already discovered): Sunset Hills Winery
[01:58:00]   SKIP (already discovered): The Oaks Waterfront Hotel
[01:58:00] Cleaning up discovered_gigs.txt...
[01:58:05] 
[01:58:05] === Discovery Complete — Total new venues: 0 ===

[22:49:30] === Venue Discovery Started ===
[22:49:30] Fetching past gigs...
[22:49:33] Found 70 past gigs
[22:49:33] Fetching existing venues for dedup...
[22:49:35] Existing venues: 3573
[22:49:35]   SKIP (already discovered): L'Auberge Chez Francois
[22:49:35]   SKIP (already discovered): The Inn at Perry Cabin
[22:49:35]   SKIP (already discovered): The Maryland Club
[22:49:35]   SKIP (already discovered): Black Ankle Vineyards
[22:49:35]   SKIP (already discovered): Royal Restaurant
[22:49:35]   SKIP (already discovered): Good Spirit Farm Winery
[22:49:35]   SKIP (already discovered): Chesapeake Manor Vineyard
[22:49:35]   SKIP (already discovered): Elkridge Furnace Inn
[22:49:35]   SKIP (already discovered): Xella Winery and Vineyard
[22:49:35]   SKIP (already discovered): Twin Oaks Tavern Winery
[22:49:35]   SKIP (already discovered): Windridge Vineyards
[22:49:35]   SKIP (already discovered): University Club
[22:49:35]   SKIP (already discovered): The Farmhouse Tuscan
[22:49:35]   SKIP (already discovered): Big Cork Vineyards
[22:49:35]   SKIP (already discovered): Savage Mill Mall
[22:49:35]   SKIP (already discovered): Trueman Vineyards
[22:49:35]   SKIP (already discovered): Williams Gap Vineyard
[22:49:35]   SKIP (already discovered): Hello Betty Bethesda
[22:49:35]   SKIP (already discovered): The Madison Hotel
[22:49:35]   SKIP (already discovered): Belle Haven Country Club
[22:49:35]   SKIP (already discovered): Casanel Vineyards & Winery
[22:49:35]   SKIP (already discovered): Chrysalis Vineyards at The Ag District
[22:49:35]   SKIP (already discovered): Corteau Winery
[22:49:35]   SKIP (already discovered): Penn Oaks Winery
[22:49:35]   SKIP (already discovered): Pizza Pomodoro
[22:49:35]   SKIP (already discovered): Hidden Brook Winery
[22:49:35]   SKIP (already discovered): Simple Theory Wine Co
[22:49:35]   SKIP (already discovered): Brightview Perry Hall
[22:49:35]   SKIP (already discovered): Lake Anne Coffee House & Wine Bar
[22:49:35]   SKIP (already discovered): Gaylord National Harbor
[22:49:35]   SKIP (already discovered): Woodberry Kitchen
[22:49:35]   SKIP (already discovered): Great Sage
[22:49:35]   SKIP (already discovered): Cosmos Club DC
[22:49:35]   SKIP (already discovered): Doukénie Winery
[22:49:35]   SKIP (already discovered): State Plaza Hotel DC
[22:49:35]   SKIP (already discovered): Hyatt Cambridge
[22:49:35]   SKIP (already discovered): Greenhill Vineyards
[22:49:35]   SKIP (already discovered): Loudoun Golf & Country Club
[22:49:35]   SKIP (already discovered): Creek's Edge Winery
[22:49:35]   SKIP (already discovered): The Milton Inn
[22:49:35]   SKIP (already discovered): Country Club of Fairfax
[22:49:35]   SKIP (already discovered): Century Club Hagerstown
[22:49:35]   SKIP (already discovered): Rock Spring Farm
[22:49:35]   SKIP (already discovered): Janemark Winery & Vineyard
[22:49:35]   SKIP (already discovered): Alma Cocina Latina
[22:49:35]   SKIP (already discovered): Omni Shoreham Hotel
[22:49:35]   SKIP (already discovered): Knoxie's Table
[22:49:35]   SKIP (already discovered): 1757 Golf Club
[22:49:35]   SKIP (already discovered): Holly Hills Country Club
[22:49:35]   SKIP (already discovered): Conrad Washington DC
[22:49:35]   SKIP (already discovered): Pirouette Restaurant & Wine Shop
[22:49:35]   SKIP (already discovered): Le Méridien Arlington
[22:49:35]   SKIP (already discovered): Dulles Town Center
[22:49:35]   SKIP (already discovered): Hidden Hills Farm and Vineyard
[22:49:35]   SKIP (already discovered): Maritime Museum St Michaels
[22:49:35]   SKIP (already discovered): Chartwell Golf & Country Club
[22:49:35]   SKIP (already discovered): Ruse
[22:49:35]   SKIP (already discovered): InGrano Bistro Bakery
[22:49:35]   SKIP (already discovered): Kent Manor Inn
[22:49:35]   SKIP (already discovered): Army Navy Country Club
[22:49:35]   SKIP (already discovered): River Bend Country Club
[22:49:35]   SKIP (already discovered): City Tavern DC
[22:49:35]   SKIP (already discovered): Baltimore Country Club
[22:49:35]   SKIP (already discovered): Vino and Pasta
[22:49:35]   SKIP (already discovered): 50 West Vineyards
[22:49:35]   SKIP (already discovered): The Galley Restaurant & Bar
[22:49:35]   SKIP (already discovered): Wylder Hotel Tilghman Island
[22:49:35]   SKIP (already discovered): Bistrot Lepic
[22:49:35]   SKIP (already discovered): Sunset Hills Winery
[22:49:35]   SKIP (already discovered): The Oaks Waterfront Hotel
[22:49:35] Cleaning up discovered_gigs.txt...
[22:49:39] 
[22:49:39] === Discovery Complete — Total new venues: 0 ===

[22:49:49] === Taste Discovery Mode Started ===
[22:49:49] MAX_QUERIES=24
[22:49:49] Fetching existing venues + past gigs for dedup...
[22:49:54] Existing venues + past gigs: 0
[22:49:54] Generating search queries from taste profile...
[22:49:54] Generated 285 queries (24 will run this session)
[22:49:54] 
[22:49:54] === Taste Query [1/24]: winery Rehoboth Beach DE ===
[22:49:59]   Scrolling search results...
[22:50:05]   Extracting results...
[22:50:05]   Found 8 results
[22:50:25]   Added 5 new venues from query
[22:50:25]   [WEBSITE] Looking up: Nassau Valley Vineyards-Winery
[22:50:28]     Website: https://www.nassauvalley.com
[22:50:32]   [WEBSITE] Looking up: Salted Vines Vineyard & Winery
[22:50:36]     Website: https://www.saltedvines.com
[22:50:40]   [WEBSITE] Looking up: Twin Branch Winery
[22:50:43]     Website: https://twinbranchwine.com
[22:50:47]   [WEBSITE] Looking up: Harvest Ridge Winery
[22:50:50]     Website: https://www.visitwilmingtonde.com
[22:50:54]   [WEBSITE] Looking up: THE BRIMMING HORN MEADERY
[22:50:57]     Website: https://www.brimminghornmeadery.com
[22:51:07] 
[22:51:07] === Taste Query [2/24]: winery Lancaster PA ===
[22:51:12]   Scrolling search results...
[22:51:18]   Extracting results...
[22:51:18]   Found 60 results
[22:53:51]   Added 43 new venues from query
[22:53:51]   [WEBSITE] Looking up: Grandview Vineyard
[22:53:55]     Website: https://grandviewwines.com
[22:53:58]   [WEBSITE] Looking up: Britain Hill Venue & Vineyard
[22:54:02]     Website: https://www.britainhillvenueandvineyard.com
[22:54:06]   [WEBSITE] Looking up: Nissley Vineyards
[22:54:09]     Website: https://www.nissleywine.com
[22:54:12]   [WEBSITE] Looking up: Nissley Vineyards Wine Shop & Tasting Room
[22:54:16]     Website: https://www.nissleywine.com
[22:54:21]   [WEBSITE] Looking up: Lavender Acres Winery
[22:54:24]     Website: https://lavenderacreswinery.com
[22:54:28]   [WEBSITE] Looking up: Weathered Vineyards Ephrata
[22:54:32]     Website: https://www.weatheredvineyardsephrata.com
[22:54:35]   [WEBSITE] Looking up: Mt Hope Wine Gallery
[22:54:39]     Website: https://mounthope.estate
[22:54:42]   [WEBSITE] Looking up: Cullari Vineyards & Winery Tasting Room
[22:54:46]     Website: https://cullariwineshershey.com
[22:54:50]   [WEBSITE] Looking up: WAYVINE Winery & Vineyard
[22:54:53]     Website: https://wayvine.wine
[22:54:58]   [WEBSITE] Looking up: Lavender Acres Winery at Columbia
[22:55:01]     Website: https://lavenderacreswinery.com
[22:55:05]   [WEBSITE] Looking up: Waltz Vineyards Wine Shop
[22:55:08]     Website: https://www.waltzvineyards.com
[22:55:12]   [WEBSITE] Looking up: Lampeter Corner
[22:55:15]     Website: https://www.waltzvineyards.com
[22:55:19]   [WEBSITE] Looking up: The Acadian Wine Company
[22:55:23]     Website: https://acadianwinecompany.com
[22:55:27]   [WEBSITE] Looking up: 1723 Vineyards
[22:55:31]     Website: https://www.1723vineyards.com
[22:55:34]   [WEBSITE] Looking up: Vox Vineti
[22:55:38]     Website: http://www.voxvineti.com
[22:55:41]   [WEBSITE] Looking up: Allegro Winery
[22:55:44]     Website: https://www.allegrowines.com
[22:55:48]   [WEBSITE] Looking up: R Five Wines
[22:55:51]     Website: https://rfivewines.com
[22:55:54]   [WEBSITE] Looking up: Pinnacle Ridge Winery
[22:55:58]     Website: https://www.pinridge.com
[22:56:02]   [WEBSITE] Looking up: Tonnino Winery
[22:56:05]     Website: https://lancasterpa.com
[22:56:08]   [WEBSITE] Looking up: Cassel Vineyards of Hershey
[22:56:12]     Website: https://www.casselvineyards.com
[22:56:15]   [WEBSITE] Looking up: Va La Vineyards
[22:56:19]     Website: https://pennsylvaniawine.com
[22:56:22]   [WEBSITE] Looking up: Dove Valley Vineyard
[22:56:26]     Website: https://www.dovevalleywine.com
[22:56:29]   [WEBSITE] Looking up: Fiore Winery & Distillery
[22:56:33]     Website: https://www.fiorewinery.com
[22:56:36]   [WEBSITE] Looking up: Paradocx Vineyard
[22:56:39]     Website: https://westchesteramishmarket.com
[22:56:44]   [WEBSITE] Looking up: Regard's Wines
[22:56:47]     Website: https://pennsylvaniawine.com
[22:56:51]   [WEBSITE] Looking up: Bull House Winery
[22:56:55]     Website: https://www.bullhousewinery.com
[22:56:58]   [WEBSITE] Looking up: Balla Cloiche Vineyards
[22:57:01]     Website: https://www.ballacloichevineyards.com
[22:57:05]   [WEBSITE] Looking up: Manatawny Creek Winery
[22:57:09]     Website: https://manatawnycreekwinery.com
[22:57:12]   [WEBSITE] Looking up: Royal Winery
[22:57:16]     Website: https://www.royalwineryandvineyard.com
[22:57:20]   [WEBSITE] Looking up: Penns Woods Winery
[22:57:24]     Website: https://www.pennswoodswinery.com
[22:57:27]   [WEBSITE] Looking up: Clover Hill Vineyards & Winery
[22:57:30]     Website: https://cloverhillwinery.com
[22:57:34]   [WEBSITE] Looking up: Maple Lawn Winery & Cider House
[22:57:37]     Website: http://maplelawnfarmspa.maplelawnwinery.com
[22:57:41]   [WEBSITE] Looking up: Ridgewood Winery
[22:57:45]     Website: https://ridgewood-winery.com
[22:57:48]   [WEBSITE] Looking up: Evansburg Vineyards
[22:57:52]     Website: https://evansburgvineyards.com
[22:57:55]   [WEBSITE] Looking up: Mark & Val Wines
[22:57:58]     Website: https://markandvalwines.com
[22:58:02]   [WEBSITE] Looking up: Chaddsford Winery
[22:58:05]     Website: https://www.chaddsford.com
[22:58:09]   [WEBSITE] Looking up: Harvest Ridge Winery
[22:58:13]     Website: https://www.brandywinevalley.com
[22:58:17]   [WEBSITE] Looking up: CrossWinds Winery at Hershey
[22:58:21]     Website: https://www.crosswindswinery.com
[22:58:24]   [WEBSITE] Looking up: J&P Winery & Vineyard
[22:58:27]     Website: https://www.jpwinery.net
[22:58:31]   [WEBSITE] Looking up: Rumspringa Brewing Company
[22:58:35]     Website: https://mounthope.estate
[22:58:38]   [WEBSITE] Looking up: Levengoods of Lancaster
[22:58:42]     Website: https://www.levengoodcider.com
[22:58:45]   [WEBSITE] Looking up: Adello Vineyard & Winery
[22:58:48]     Website: https://adellowines.com
[22:58:52]   [WEBSITE] Looking up: Mount Hope Winery
[22:58:55]     Website: https://mounthope.estate
[22:59:04] 
[22:59:04] === Taste Query [3/24]: winery Ellicott City MD ===
[22:59:11]   Scrolling search results...
[22:59:18]   Extracting results...
[22:59:18]   Found 65 results
[23:01:02]   Added 16 new venues from query
[23:01:02]   [WEBSITE] Looking up: Penn Oaks Winery
[23:01:06]     Website: https://pennoakswinery.com
[23:01:09]   [WEBSITE] Looking up: Boyd Cru Wines
[23:01:12]     Website: https://www.boydcruwines.com
[23:01:16]   [WEBSITE] Looking up: Tin Lizzie Wineworks
[23:01:20]     No website found
[23:01:21]   [WEBSITE] Looking up: Sapwood Cellars Brewery
[23:01:24]     Website: https://sapwoodcellars.com
[23:01:29]   [WEBSITE] Looking up: Elk Run Winery
[23:01:32]     Website: https://elkrun.com
[23:01:35]   [WEBSITE] Looking up: Old Westminster Winery
[23:01:39]     Website: https://www.oldwestminster.com
[23:01:43]   [WEBSITE] Looking up: Boordy Vineyards
[23:01:47]     Website: https://www.boordy.com
[23:01:50]   [WEBSITE] Looking up: Black Ankle Vineyards
[23:01:54]     Website: https://blackankle.com
[23:01:57]   [WEBSITE] Looking up: Linganore Winecellars
[23:02:00]     No website found
[23:02:01]   [WEBSITE] Looking up: Links Bridge Vineyards
[23:02:05]     Website: https://www.linksbridgevineyards.com
[23:02:09]   [WEBSITE] Looking up: Mazzaroth Vineyard
[23:02:12]     Website: https://mazzaroth.squarespace.com
[23:02:15]   [WEBSITE] Looking up: Clear Skies Meadery
[23:02:19]     No website found
[23:02:20]   [WEBSITE] Looking up: Vesper at Pike & Main
[23:02:23]     No website found
[23:02:24]   [WEBSITE] Looking up: AxGard Axes
[23:02:27]     No website found
[23:02:28]   [WEBSITE] Looking up: Catoctin Breeze Vineyard
[23:02:32]     No website found
[23:02:33]   [WEBSITE] Looking up: The Lady Vintner
[23:02:36]     No website found
[23:02:43] 
[23:02:43] === Taste Query [4/24]: winery Severna Park MD ===
[23:02:50]   Scrolling search results...
[23:02:58]   Extracting results...
[23:02:58]   No results found
[23:03:01] 
[23:03:01] === Taste Query [5/24]: winery Vienna VA ===
[23:03:06]   Scrolling search results...
[23:03:12]   Extracting results...
[23:03:12]   No results found
[23:03:15] 
[23:03:15] === Taste Query [6/24]: winery Herndon VA ===
[23:03:22]   Scrolling search results...
[23:03:30]   Extracting results...
[23:03:30]   Found 57 results
[23:05:40]   Added 41 new venues from query
[23:05:40]   [WEBSITE] Looking up: The Winery at Bull Run
[23:05:43]     Website: https://wineryatbullrun.com
[23:05:47]   [WEBSITE] Looking up: Paradise Springs Winery
[23:05:51]     Website: https://paradisespringswinery.com
[23:05:54]   [WEBSITE] Looking up: Casanel Vineyards & Winery
[23:05:57]     Website: https://www.casanelvineyards.com
[23:06:01]   [WEBSITE] Looking up: Stone Tower Winery
[23:06:04]     Website: https://www.stonetowerwinery.com
[23:06:08]   [WEBSITE] Looking up: Bleu Frog Vineyards & Ole Bleu Brewery
[23:06:11]     Website: https://bleufrogvineyards.com
[23:06:14]   [WEBSITE] Looking up: Negus Winery
[23:06:18]     Website: https://neguswines.com
[23:06:21]   [WEBSITE] Looking up: Barrel Oak Winery and Brewery
[23:06:24]     Website: https://barreloak.com
[23:06:27]   [WEBSITE] Looking up: 50 West Vineyards
[23:06:31]     Website: https://www.50westvineyards.com
[23:06:34]   [WEBSITE] Looking up: Quattro Goombas Winery
[23:06:38]     Website: https://www.quattrogoombas.com
[23:06:41]   [WEBSITE] Looking up: Bluemont Vineyard
[23:06:45]     Website: https://www.bluemontvineyard.com
[23:06:48]   [WEBSITE] Looking up: The Wine Reserve at Waterford
[23:06:51]     Website: https://waterfordwinereserve.com
[23:06:55]   [WEBSITE] Looking up: Domaine Fortier Vineyards
[23:06:58]     Website: https://domainefortier.com
[23:07:02]   [WEBSITE] Looking up: Capstone Vineyards
[23:07:05]     Website: https://capstonevineyards.com
[23:07:09]   [WEBSITE] Looking up: Lost Mountain Vineyards
[23:07:13]     Website: https://lostmountainvineyards.com
[23:07:17]   [WEBSITE] Looking up: Blue Valley Vineyard and Winery
[23:07:20]     Website: https://bluevalleyvineyardandwinery.com
[23:07:23]   [WEBSITE] Looking up: Windridge Vineyards
[23:07:27]     No website found
[23:07:28]   [WEBSITE] Looking up: Walsh Family Wine
[23:07:31]     No website found
[23:07:32]   [WEBSITE] Looking up: Crimson Lane Vineyards
[23:07:35]     No website found
[23:07:36]   [WEBSITE] Looking up: Hillsborough Vineyards & Brewery
[23:07:40]     No website found
[23:07:41]   [WEBSITE] Looking up: Chrysalis Vineyards at The Ag District
[23:07:44]     Website: https://www.chrysaliswine.com
[23:07:48]   [WEBSITE] Looking up: Williams Gap Vineyard
[23:07:51]     Website: https://www.williamsgapvineyard.com
[23:07:55]   [WEBSITE] Looking up: Hiddencroft Vineyards, LLC
[23:07:59]     No website found
[23:08:00]   [WEBSITE] Looking up: Vint Hill Craft Winery
[23:08:03]     No website found
[23:08:04]   [WEBSITE] Looking up: Granite Heights Winery
[23:08:07]     Website: https://gh.wine
[23:08:11]   [WEBSITE] Looking up: Kalero Vineyard
[23:08:15]     Website: https://1.6K+
[23:08:18]   [WEBSITE] Looking up: Carriage House Wineworks
[23:08:21]     Website: https://www.chwwinery.com
[23:08:24]   [WEBSITE] Looking up: Endhardt Vineyards
[23:08:28]     Website: https://endhardtvineyards.toast.site
[23:08:33]   [WEBSITE] Looking up: Fabbioli Cellars
[23:08:36]     Website: https://www.fabbioliwines.com
[23:08:39]   [WEBSITE] Looking up: Breaux Vineyards
[23:08:43]     Website: https://www.breauxvineyards.com
[23:08:46]   [WEBSITE] Looking up: October One Vineyard Wine Tasting Shop
[23:08:50]     Website: https://www.visitloudoun.org
[23:08:53]   [WEBSITE] Looking up: Two Twisted Posts Winery & Tavern
[23:08:56]     Website: https://2.9K+
[23:09:00]   [WEBSITE] Looking up: Aroma Wine Tasting Room
[23:09:03]     Website: https://moraisvineyards.com
[23:09:06]   [WEBSITE] Looking up: Bluemont Station Brewery
[23:09:09]     Website: https://www.bluemontstation.com
[23:09:13]   [WEBSITE] Looking up: Three Creeks Winery
[23:09:16]     No website found
[23:09:17]   [WEBSITE] Looking up: Pearmund Cellars
[23:09:21]     No website found
[23:09:22]   [WEBSITE] Looking up: Bozzo Family Vineyards
[23:09:25]     Website: https://bozwines.com
[23:09:29]   [WEBSITE] Looking up: Terra Nebulo Vineyards
[23:09:32]     Website: http://www.terranebulo.com
[23:09:35]   [WEBSITE] Looking up: Chester Gap Cellars
[23:09:38]     Website: https://www.chestergapcellars.com
[23:09:41]   [WEBSITE] Looking up: Twin Oaks Tavern Winery
[23:09:45]     Website: https://twinoakswinery.com
[23:09:48]   [WEBSITE] Looking up: Naked Mountain Winery
[23:09:51]     Website: https://www.nakedmtnwinery.com
[23:09:54]   [WEBSITE] Looking up: DiVine Wine Tours of Virginia
[23:09:58]     Website: https://www.divinewineva.com
[23:10:08] 
[23:10:08] === Taste Query [7/24]: winery Chadds Ford PA ===
[23:10:14]   Scrolling search results...
[23:10:20]   Extracting results...
[23:10:20]   Found 2 results
[23:10:25]   Added 0 new venues from query
[23:10:32] 
[23:10:32] === Taste Query [8/24]: winery Oxford MD ===
[23:10:39]   Scrolling search results...
[23:10:45]   Extracting results...
[23:10:45]   Found 65 results
[23:12:56]   Added 41 new venues from query
[23:12:56]   [WEBSITE] Looking up: Layton's Chance Vineyard & Winery
[23:12:59]     Website: https://www.laytonschance.com
[23:13:02]   [WEBSITE] Looking up: Robin Hill Farm and Vineyards
[23:13:06]     Website: https://www.robinhillfarmandvineyards.com
[23:13:09]   [WEBSITE] Looking up: Two Lions Vineyards
[23:13:12]     Website: https://twolionsvineyards.com
[23:13:16]   [WEBSITE] Looking up: Bordeleau Winery at St. Michaels
[23:13:20]     Website: https://www.bordeleauwine.com
[23:13:23]   [WEBSITE] Looking up: Great Frogs Winery
[23:13:27]     Website: https://www.greatfrogs.com
[23:13:30]   [WEBSITE] Looking up: Bordeleau Vineyards & Winery
[23:13:33]     Website: https://www.bordeleauwine.com
[23:13:37]   [WEBSITE] Looking up: Far Eastern Shore Winery
[23:13:41]     No website found
[23:13:42]   [WEBSITE] Looking up: Port of Leonardtown Winery
[23:13:45]     Website: https://www.polwinery.com
[23:13:48]   [WEBSITE] Looking up: Crow Vineyard & Winery
[23:13:52]     Website: https://crowvineyardandwinery.com
[23:13:54]   [WEBSITE] Looking up: Janemark Winery & Vineyard
[23:13:58]     Website: https://janemarkwinery.com
[23:14:01]   [WEBSITE] Looking up: The Vineyards at Dodon
[23:14:05]     Website: https://www.dodonvineyards.com
[23:14:10]   [WEBSITE] Looking up: Running Hare Vineyard
[23:14:13]     Website: https://runningharevineyard.com
[23:14:17]   [WEBSITE] Looking up: Boordy Vineyards
[23:14:20]     Website: https://www.boordy.com
[23:14:24]   [WEBSITE] Looking up: Penn Oaks Winery
[23:14:27]     Website: https://pennoakswinery.com
[23:14:31]   [WEBSITE] Looking up: Broken Spoke Vineyard & Winery
[23:14:34]     No website found
[23:14:35]   [WEBSITE] Looking up: Perigeaux Vineyards & Winery
[23:14:38]     No website found
[23:14:39]   [WEBSITE] Looking up: Linganore Winecellars
[23:14:43]     No website found
[23:14:44]   [WEBSITE] Looking up: St. Michael's Winery
[23:14:47]     No website found
[23:14:48]   [WEBSITE] Looking up: Brookmere Winery
[23:14:51]     No website found
[23:14:52]   [WEBSITE] Looking up: Cooper’s Hawk Winery & Restaurant
[23:14:56]     No website found
[23:14:57]   [WEBSITE] Looking up: Kinder Farm Park
[23:15:00]     No website found
[23:15:01]   [WEBSITE] Looking up: The Well - A Vineyard Church
[23:15:05]     No website found
[23:15:06]   [WEBSITE] Looking up: Twain's Tavern
[23:15:09]     No website found
[23:15:10]   [WEBSITE] Looking up: Pasta & Vino
[23:15:13]     Website: https://pastaandvinorestaurant.com
[23:15:17]   [WEBSITE] Looking up: Bangkok Garden Pasadena
[23:15:20]     No website found
[23:15:21]   [WEBSITE] Looking up: Stoney Creek Inn
[23:15:25]     No website found
[23:15:26]   [WEBSITE] Looking up: Two Rivers Steak & Fish House
[23:15:29]     No website found
[23:15:30]   [WEBSITE] Looking up: Founders Tavern & Grille
[23:15:33]     No website found
[23:15:34]   [WEBSITE] Looking up: Dietrich's Tavern
[23:15:38]     No website found
[23:15:39]   [WEBSITE] Looking up: Broken Oar Bar & Grill
[23:15:42]     No website found
[23:15:43]   [WEBSITE] Looking up: Limoncello Restaurant and Wine Bar
[23:15:46]     No website found
[23:15:47]   [WEBSITE] Looking up: Fishpaw's Market Place
[23:15:51]     Website: https://fishpawsmarket.com
[23:15:54]   [WEBSITE] Looking up: The Nautical Lounge
[23:15:58]     Website: https://the-nautical-lounge.wheree.com
[23:16:02]   [WEBSITE] Looking up: Oscar's Alehouse East
[23:16:05]     Website: https://www.oscarsalehouse.net
[23:16:09]   [WEBSITE] Looking up: Fifer's Craft House
[23:16:12]     No website found
[23:16:13]   [WEBSITE] Looking up: The Social
[23:16:16]     No website found
[23:16:17]   [WEBSITE] Looking up: Kent Island Crab Co
[23:16:21]     No website found
[23:16:22]   [WEBSITE] Looking up: Anthony's Italian Restaurant & Wine Bar
[23:16:25]     Website: https://anthonysitalianrestaurantwinebar.com
[23:16:29]   [WEBSITE] Looking up: Brews & Cues on the Boulevard
[23:16:33]     No website found
[23:16:34]   [WEBSITE] Looking up: Larry's Tavern
[23:16:37]     No website found
[23:16:38]   [WEBSITE] Looking up: Severna Park Taphouse
[23:16:41]     Website: https://severnaparktaphouse.com
[23:16:50] 
[23:16:50] === Taste Query [9/24]: yacht club Charlottesville VA ===
[23:16:56]   Scrolling search results...
[23:17:03]   Extracting results...
[23:17:03]   No results found
[23:17:06] 
[23:17:06] === Taste Query [10/24]: yacht club Shepherdstown WV ===
[23:17:12]   Scrolling search results...
[23:17:20]   Extracting results...
[23:17:20]   Found 20 results
[23:18:05]   Added 12 new venues from query
[23:18:05]   [WEBSITE] Looking up: Lovettsville Yacht Club
[23:18:09]     Website: https://www.fairplainyachtclub.com
[23:18:13]   [WEBSITE] Looking up: Mountain Lake Club
[23:18:16]     Website: https://www.mountainlakeclub.com
[23:18:21]   [WEBSITE] Looking up: Holiday Yacht Club
[23:18:24]     Website: https://www.waterwayguide.com
[23:18:27]   [WEBSITE] Looking up: Ware River Yacht Club
[23:18:31]     Website: https://www.wryc.org
[23:18:34]   [WEBSITE] Looking up: Shepherd University
[23:18:38]     Website: https://www.shepherd.edu
[23:18:41]   [WEBSITE] Looking up: Fayerweather Yacht Club
[23:18:44]     Website: https://www.fairplainyachtclub.com
[23:18:49]   [WEBSITE] Looking up: Mathews Yacht Club
[23:18:52]     Website: https://www.mathewsyachtclub.org
[23:18:56]   [WEBSITE] Looking up: Huntington Yacht Club
[23:18:59]     Website: https://www.huntingtonyachtclub.com
[23:19:02]   [WEBSITE] Looking up: JEK TRAVELS
[23:19:06]     Website: https://www.jektravels.com
[23:19:09]   [WEBSITE] Looking up: Lewes Yacht Club
[23:19:12]     Website: https://lewesyachtclub.com
[23:19:16]   [WEBSITE] Looking up: Adventures Unbound
[23:19:19]     Website: https://capital.adventuresunbound.com
[23:19:22]   [WEBSITE] Looking up: Food Lion
[23:19:25]     Website: https://stores.foodlion.com
[23:19:34] 
[23:19:34] === Taste Query [11/24]: yacht club Greenville DE ===
[23:19:41]   Scrolling search results...
[23:19:47]   Extracting results...
[23:19:47]   Found 7 results
[23:20:09]   Added 7 new venues from query
[23:20:09]   [WEBSITE] Looking up: Greenville Yacht Club
[23:20:12]     Website: https://greenvillecc.com
[23:20:16]   [WEBSITE] Looking up: Nanticoke River Yacht Club
[23:20:19]     Website: https://www.nanticokerivermarina.com
[23:20:23]   [WEBSITE] Looking up: Greenville Country Club
[23:20:26]     Website: https://greenvillecc.com
[23:20:29]   [WEBSITE] Looking up: Lewes Yacht Club
[23:20:33]     Website: https://lewesyachtclub.com
[23:20:36]   [WEBSITE] Looking up: Dewey Beach Yacht Club
[23:20:40]     Website: https://www.deweybeachyachtclub.com
[23:20:43]   [WEBSITE] Looking up: North East River Yacht Club
[23:20:47]     Website: https://neryc.com
[23:20:50]   [WEBSITE] Looking up: Hances Point Yacht Club
[23:20:53]     Website: https://www.hancespointyachtclub.com
[23:21:04] 
[23:21:04] === Taste Query [12/24]: yacht club Wilmington DE ===
[23:21:11]   Scrolling search results...
[23:21:17]   Extracting results...
[23:21:17]   Found 9 results
[23:21:43]   Added 9 new venues from query
[23:21:43]   [WEBSITE] Looking up: Wilmington Rowing Center
[23:21:47]     Website: https://wilmingtonrowing.org
[23:21:50]   [WEBSITE] Looking up: America's Boating Club Wilmington
[23:21:53]     Website: https://abc-wilmington.com
[23:21:59]   [WEBSITE] Looking up: Nanticoke River Yacht Club
[23:22:02]     Website: https://www.nanticokerivermarina.com
[23:22:06]   [WEBSITE] Looking up: Dewey Beach Yacht Club
[23:22:10]     Website: https://www.deweybeachyachtclub.com
[23:22:13]   [WEBSITE] Looking up: Lewes Yacht Club
[23:22:16]     No website found
[23:22:17]   [WEBSITE] Looking up: Salem Boating Club Inc
[23:22:20]     Website: https://salemboatingclub.org
[23:22:24]   [WEBSITE] Looking up: Carolina Yacht Club
[23:22:27]     Website: https://carolinayachtclub.org
[23:22:30]   [WEBSITE] Looking up: Delaware River Yacht Club
[23:22:34]     No website found
[23:22:35]   [WEBSITE] Looking up: Greenfield Lake Yacht Club
[23:22:38]     Website: https://yachtclubilm.com
[23:22:46] 
[23:22:46] === Taste Query [13/24]: yacht club Kennett Square PA ===
[23:22:52]   Scrolling search results...
[23:23:00]   Extracting results...
[23:23:00]   No results found
[23:23:03] 
[23:23:03] === Taste Query [14/24]: yacht club Bryn Mawr PA ===
[23:23:10]   Scrolling search results...
[23:23:18]   Extracting results...
[23:23:18]   Found 7 results
[23:23:37]   Added 7 new venues from query
[23:23:37]   [WEBSITE] Looking up: Pennsylvania Yacht Club
[23:23:40]     Website: https://www.pennsylvaniayachtclub.com
[23:23:43]   [WEBSITE] Looking up: Philadelphia Sailing Club
[23:23:47]     Website: https://www.philadelphiasailingclub.org
[23:23:50]   [WEBSITE] Looking up: Yacht Club Company
[23:23:53]     Website: https://yachtclubcompany.com
[23:23:57]   [WEBSITE] Looking up: Corinthian Yacht Club of Philadelphia
[23:24:00]     Website: https://www.cycop.com
[23:24:04]   [WEBSITE] Looking up: Riverside Yacht Club
[23:24:07]     Website: https://rycessington.com
[23:24:11]   [WEBSITE] Looking up: Wissinoming Yacht Club
[23:24:14]     Website: https://www.wissinomingyc.com
[23:24:27]   [WEBSITE] Looking up: Quaker City Yacht Club
[23:24:30]     Website: https://qcyc.wordpress.com
[23:24:38] 
[23:24:38] === Taste Query [15/24]: yacht club Rehoboth Beach DE ===
[23:24:47]   Scrolling search results...
[23:24:53]   Extracting results...
[23:24:53]   Found 8 results
[23:25:11]   Added 4 new venues from query
[23:25:11]   [WEBSITE] Looking up: Lewes Yacht Club
[23:25:14]     Website: https://lewesyachtclub.com
[23:25:17]   [WEBSITE] Looking up: Rehoboth Bay Marina
[23:25:20]     No website found
[23:25:21]   [WEBSITE] Looking up: Ocean Pines Yacht Club
[23:25:25]     No website found
[23:25:26]   [WEBSITE] Looking up: The Octolounge
[23:25:29]     No website found
[23:25:35] 
[23:25:35] === Taste Query [16/24]: yacht club Lancaster PA ===
[23:25:44]   Scrolling search results...
[23:25:50]   Extracting results...
[23:25:50]   No results found
[23:25:54] 
[23:25:54] === Taste Query [17/24]: yacht club Ellicott City MD ===
[23:26:01]   Scrolling search results...
[23:26:07]   Extracting results...
[23:26:07]   No results found
[23:26:12] 
[23:26:12] === Taste Query [18/24]: yacht club Severna Park MD ===
[23:26:20]   Scrolling search results...
[23:26:27]   Extracting results...
[23:26:27]   Found 2 results
[23:26:30]   Added 1 new venues from query
[23:26:30]   [WEBSITE] Looking up: Forked Creek Yacht Club
[23:26:34]     Website: https://forkedcreekyachtclub.com
[23:26:42] 
[23:26:42] === Taste Query [19/24]: yacht club Vienna VA ===
[23:26:49]   Scrolling search results...
[23:26:56]   Extracting results...
[23:26:57]   Found 5 results
[23:27:14]   Added 5 new venues from query
[23:27:14]   [WEBSITE] Looking up: Fairfax Yacht Club
[23:27:17]     Website: https://www.fairfaxyachtclub.com
[23:27:21]   [WEBSITE] Looking up: Mount Vernon Yacht Club
[23:27:24]     Website: https://mvyc.net
[23:27:27]   [WEBSITE] Looking up: Capital Yacht Club
[23:27:30]     Website: https://www.capitalyachtclub.com
[23:27:34]   [WEBSITE] Looking up: The Tower Club Tysons
[23:27:37]     Website: https://www.invitedclubs.com
[23:27:42]   [WEBSITE] Looking up: Westwood Country Club
[23:27:45]     Website: https://www.westwoodcc.com
[23:27:56] 
[23:27:56] === Taste Query [20/24]: yacht club Herndon VA ===
[23:28:04]   Scrolling search results...
[23:28:10]   Extracting results...
[23:28:10]   Found 7 results
[23:28:23]   Added 4 new venues from query
[23:28:23]   [WEBSITE] Looking up: Fairfax Yacht Club
[23:28:26]     Website: https://www.fairfaxyachtclub.com
[23:28:30]   [WEBSITE] Looking up: Mount Vernon Yacht Club
[23:28:34]     Website: https://mvyc.net
[23:28:38]   [WEBSITE] Looking up: Daingerfield Island Sailing Club
[23:28:41]     Website: https://discsailing.org
[23:28:45]   [WEBSITE] Looking up: Yankee Point Yacht Club Inc
[23:28:48]     Website: https://www.yankeepointmarina.com
[23:28:58] 
[23:28:58] === Taste Query [21/24]: yacht club Chadds Ford PA ===
[23:29:07]   Scrolling search results...
[23:29:15]   Extracting results...
[23:29:15]   No results found
[23:29:18] 
[23:29:18] === Taste Query [22/24]: yacht club Oxford MD ===
[23:29:27]   Scrolling search results...
[23:29:33]   Extracting results...
[23:29:33]   No results found
[23:29:38] 
[23:29:38] === Taste Query [23/24]: upscale restaurant Georgetown DC ===
[23:29:47]   Scrolling search results...
[23:29:55]   Extracting results...
[23:29:55]   No results found
[23:30:00] 
[23:30:00] === Taste Query [24/24]: upscale restaurant Dupont Circle DC ===
[23:30:08]   Scrolling search results...
[23:30:16]   Extracting results...
[23:30:16]   No results found
[23:30:21]   MAX_QUERIES=24 reached — stopping.
[23:30:21] Calculating distances for new venues...
[23:31:57]   Distances calculated: 1
[23:31:57] 
[23:31:57] === Taste Discovery Complete ===
[23:31:57]   Queries run: 24
[23:31:57]   Venues added: 195
[23:31:57]   Queries remaining: 261

[22:23:42] === Venue Discovery Started ===
[22:23:42] Fetching past gigs...
[22:23:45] Found 70 past gigs
[22:23:45] Fetching existing venues for dedup...
[22:23:49] Existing venues: 3761
[22:23:49]   SKIP (already discovered): L'Auberge Chez Francois
[22:23:49]   SKIP (already discovered): The Inn at Perry Cabin
[22:23:49]   SKIP (already discovered): The Maryland Club
[22:23:49]   SKIP (already discovered): Black Ankle Vineyards
[22:23:49]   SKIP (already discovered): Royal Restaurant
[22:23:49]   SKIP (already discovered): Good Spirit Farm Winery
[22:23:49]   SKIP (already discovered): Chesapeake Manor Vineyard
[22:23:49]   SKIP (already discovered): Elkridge Furnace Inn
[22:23:49]   SKIP (already discovered): Xella Winery and Vineyard
[22:23:49]   SKIP (already discovered): Twin Oaks Tavern Winery
[22:23:49]   SKIP (already discovered): Windridge Vineyards
[22:23:49]   SKIP (already discovered): University Club
[22:23:49]   SKIP (already discovered): The Farmhouse Tuscan
[22:23:49]   SKIP (already discovered): Big Cork Vineyards
[22:23:49]   SKIP (already discovered): Savage Mill Mall
[22:23:49]   SKIP (already discovered): Trueman Vineyards
[22:23:49]   SKIP (already discovered): Williams Gap Vineyard
[22:23:49]   SKIP (already discovered): Hello Betty Bethesda
[22:23:49]   SKIP (already discovered): The Madison Hotel
[22:23:49]   SKIP (already discovered): Belle Haven Country Club
[22:23:49]   SKIP (already discovered): Casanel Vineyards & Winery
[22:23:49]   SKIP (already discovered): Chrysalis Vineyards at The Ag District
[22:23:49]   SKIP (already discovered): Corteau Winery
[22:23:49]   SKIP (already discovered): Penn Oaks Winery
[22:23:49]   SKIP (already discovered): Pizza Pomodoro
[22:23:49]   SKIP (already discovered): Hidden Brook Winery
[22:23:49]   SKIP (already discovered): Simple Theory Wine Co
[22:23:49]   SKIP (already discovered): Brightview Perry Hall
[22:23:49]   SKIP (already discovered): Lake Anne Coffee House & Wine Bar
[22:23:49]   SKIP (already discovered): Gaylord National Harbor
[22:23:49]   SKIP (already discovered): Woodberry Kitchen
[22:23:49]   SKIP (already discovered): Great Sage
[22:23:49]   SKIP (already discovered): Cosmos Club DC
[22:23:49]   SKIP (already discovered): Doukénie Winery
[22:23:49]   SKIP (already discovered): State Plaza Hotel DC
[22:23:49]   SKIP (already discovered): Hyatt Cambridge
[22:23:49]   SKIP (already discovered): Greenhill Vineyards
[22:23:49]   SKIP (already discovered): Loudoun Golf & Country Club
[22:23:49]   SKIP (already discovered): Creek's Edge Winery
[22:23:49]   SKIP (already discovered): The Milton Inn
[22:23:49]   SKIP (already discovered): Country Club of Fairfax
[22:23:49]   SKIP (already discovered): Century Club Hagerstown
[22:23:49]   SKIP (already discovered): Rock Spring Farm
[22:23:49]   SKIP (already discovered): Janemark Winery & Vineyard
[22:23:49]   SKIP (already discovered): Alma Cocina Latina
[22:23:49]   SKIP (already discovered): Omni Shoreham Hotel
[22:23:49]   SKIP (already discovered): Knoxie's Table
[22:23:49]   SKIP (already discovered): 1757 Golf Club
[22:23:49]   SKIP (already discovered): Holly Hills Country Club
[22:23:49]   SKIP (already discovered): Conrad Washington DC
[22:23:49]   SKIP (already discovered): Pirouette Restaurant & Wine Shop
[22:23:49]   SKIP (already discovered): Le Méridien Arlington
[22:23:49]   SKIP (already discovered): Dulles Town Center
[22:23:49]   SKIP (already discovered): Hidden Hills Farm and Vineyard
[22:23:49]   SKIP (already discovered): Maritime Museum St Michaels
[22:23:49]   SKIP (already discovered): Chartwell Golf & Country Club
[22:23:49]   SKIP (already discovered): Ruse
[22:23:49]   SKIP (already discovered): InGrano Bistro Bakery
[22:23:49]   SKIP (already discovered): Kent Manor Inn
[22:23:49]   SKIP (already discovered): Army Navy Country Club
[22:23:49]   SKIP (already discovered): River Bend Country Club
[22:23:49]   SKIP (already discovered): City Tavern DC
[22:23:49]   SKIP (already discovered): Baltimore Country Club
[22:23:49]   SKIP (already discovered): Vino and Pasta
[22:23:49]   SKIP (already discovered): 50 West Vineyards
[22:23:49]   SKIP (already discovered): The Galley Restaurant & Bar
[22:23:49]   SKIP (already discovered): Wylder Hotel Tilghman Island
[22:23:49]   SKIP (already discovered): Bistrot Lepic
[22:23:49]   SKIP (already discovered): Sunset Hills Winery
[22:23:49]   SKIP (already discovered): The Oaks Waterfront Hotel
[22:23:49] Cleaning up discovered_gigs.txt...
[22:23:55] 
[22:23:55] === Discovery Complete — Total new venues: 0 ===

[22:24:02] === Taste Discovery Mode Started ===
[22:24:02] MAX_QUERIES=20
[22:24:02] Fetching existing venues + past gigs for dedup...
[22:24:09] Existing venues + past gigs: 0
[22:24:09] Generating search queries from taste profile...
[22:24:09] Generated 261 queries (20 will run this session)
[22:24:09] 
[22:24:09] === Taste Query [1/20]: upscale restaurant Potomac MD ===
[22:24:15]   Scrolling search results...
[22:24:23]   Extracting results...
[22:24:24]   Found 8 results
[22:24:53]   Added 7 new venues from query
[22:24:53]   [WEBSITE] Looking up: Bouboulina
[22:24:56]     Website: https://www.eatbouboulina.com
[22:25:06]     Promoted to untouched (website verified)
[22:25:07]   [WEBSITE] Looking up: Maman Joon Kitchen
[22:25:10]     Website: https://www.mamanjoonkitchen.com
[22:25:21]     Promoted to untouched (website verified)
[22:25:22]   [WEBSITE] Looking up: Mykonos Restaurant
[22:25:25]     Website: https://mykonos-grill.com
[22:25:36]     Promoted to untouched (website verified)
[22:25:37]   [WEBSITE] Looking up: Shiki Fusion
[22:25:40]     Website: http://shikifusion.com
[22:25:51]     Promoted to untouched (website verified)
[22:25:52]   [WEBSITE] Looking up: La Grande Boucherie DC
[22:25:55]     Website: https://www.boucherieus.com
[22:26:05]     Promoted to untouched (website verified)
[22:26:07]   [WEBSITE] Looking up: The Pony Express
[22:26:10]     Website: https://www.bolgercenter.com/dining.html
[22:26:22]     Promoted to untouched (website verified)
[22:26:23]   [WEBSITE] Looking up: Crawford Dining Hall
[22:26:27]     No matching website found — remains needs_review
[22:26:36] 
[22:26:36] === Taste Query [2/20]: upscale restaurant Bethesda MD ===
[22:26:42]   Scrolling search results...
[22:26:50]   Extracting results...
[22:26:51]   Found 11 results
[22:27:24]   Added 5 new venues from query
[22:27:24]   [WEBSITE] Looking up: Agora Bethesda Mediterranean Restaurant
[22:27:27]     Website: https://www.agorarestaurants.net
[22:27:38]     Promoted to untouched (website verified)
[22:27:39]   [WEBSITE] Looking up: Melina
[22:27:42]     Website: http://www.melinagreek.com
[22:27:51]     Promoted to untouched (website verified)
[22:27:53]   [WEBSITE] Looking up: Epicure
[22:27:56]     Website: https://magicpin.com
[22:28:06]     Promoted to untouched (website verified)
[22:28:07]   [WEBSITE] Looking up: Bouboulina
[22:28:11]     Website: https://www.eatbouboulina.com
[22:28:21]     Promoted to untouched (website verified)
[22:28:22]   [WEBSITE] Looking up: Ruta Ukrainian Restaurant
[22:28:25]     Website: https://www.rutadc.us
[22:28:34]     Promoted to untouched (website verified)
[22:28:43] 
[22:28:43] === Taste Query [3/20]: upscale restaurant Chevy Chase MD ===
[22:28:48]   Scrolling search results...
[22:28:55]   Extracting results...
[22:28:55]   Found 10 results
[22:29:29]   Added 7 new venues from query
[22:29:29]   [WEBSITE] Looking up: Huncho House
[22:29:33]     Website: http://hunchohouse.com
[22:29:46]     Promoted to untouched (website verified)
[22:29:47]   [WEBSITE] Looking up: Ro Sushi Co
[22:29:50]     Website: https://rosushi.co
[22:30:01]     Promoted to untouched (website verified)
[22:30:02]   [WEBSITE] Looking up: Agora Bethesda Mediterranean Restaurant
[22:30:05]     Website: https://www.agorarestaurants.net
[22:30:25]     Promoted to untouched (website verified)
[22:30:26]   [WEBSITE] Looking up: Aventino Cucina
[22:30:29]     Website: https://aventinocucina.com
[22:30:40]     Promoted to untouched (website verified)
[22:30:41]   [WEBSITE] Looking up: Fialova
[22:30:44]     Website: https://www.fialovabethesda.com
[22:30:54]     Promoted to untouched (website verified)
[22:30:55]   [WEBSITE] Looking up: Epicure
[22:30:59]     Website: https://magicpin.com
[22:31:10]     Promoted to untouched (website verified)
[22:31:11]   [WEBSITE] Looking up: ON St. Elmo
[22:31:14]     Website: https://onstelmo.com
[22:31:24]     Promoted to untouched (website verified)
[22:31:32] 
[22:31:32] === Taste Query [4/20]: upscale restaurant Great Falls VA ===
[22:31:37]   Scrolling search results...
[22:31:44]   Extracting results...
[22:31:44]   Found 2 results
[22:31:51]   Added 1 new venues from query
[22:31:51]   [WEBSITE] Looking up: The Cellar on Seneca
[22:31:54]     Website: https://cellaronseneca.com
[22:32:06]     Promoted to untouched (website verified)
[22:32:15] 
[22:32:15] === Taste Query [5/20]: upscale restaurant McLean VA ===
[22:32:19]   Scrolling search results...
[22:32:25]   Extracting results...
[22:32:26]   Found 13 results
[22:33:11]   Added 9 new venues from query
[22:33:11]   [WEBSITE] Looking up: Town Kitchen & Bar
[22:33:15]     Website: https://www.townmclean.com
[22:33:25]     Promoted to untouched (website verified)
[22:33:26]   [WEBSITE] Looking up: Modan Restaurant
[22:33:29]     Website: https://www.modanrestaurant.com
[22:33:39]     Promoted to untouched (website verified)
[22:33:40]   [WEBSITE] Looking up: Circa Bistro
[22:33:43]     Website: https://www.circabistros.com
[22:33:54]     Promoted to untouched (website verified)
[22:33:55]   [WEBSITE] Looking up: Randy's Prime Seafood and Steaks
[22:33:58]     Website: https://randysprime.com
[22:34:08]     Promoted to untouched (website verified)
[22:34:09]   [WEBSITE] Looking up: GrillMarX Falls Church Steakhouse & Raw Bar
[22:34:13]     Website: https://www.gmxfallschurch.com
[22:34:22]     Promoted to untouched (website verified)
[22:34:23]   [WEBSITE] Looking up: ENTYSE
[22:34:27]     Website: https://www.entyse.com
[22:34:35]     Promoted to untouched (website verified)
[22:34:36]   [WEBSITE] Looking up: Wren Tysons
[22:34:40]     Website: http://www.wrentysons.com
[22:34:51]     Promoted to untouched (website verified)
[22:34:52]   [WEBSITE] Looking up: Elyse
[22:34:56]     Website: https://elyse.lila.llc
[22:35:07]     Promoted to untouched (website verified)
[22:35:08]   [WEBSITE] Looking up: Chao Ban
[22:35:11]     Website: https://www.eatchaoban.com
[22:35:20]     Promoted to untouched (website verified)
[22:35:29] 
[22:35:29] === Taste Query [6/20]: upscale restaurant Alexandria VA ===
[22:35:35]   Scrolling search results...
[22:35:42]   Extracting results...
[22:35:42]   Found 7 results
[22:36:05]   Added 5 new venues from query
[22:36:05]   [WEBSITE] Looking up: Finn & Fire
[22:36:08]     Website: https://www.finnandfire.com
[22:36:18]     Promoted to untouched (website verified)
[22:36:19]   [WEBSITE] Looking up: Kiln
[22:36:22]     Website: https://heronalexandria.com/dine/kiln
[22:36:32]     Promoted to untouched (website verified)
[22:36:33]   [WEBSITE] Looking up: Milk & Honey Southern Inspired Kitchen
[22:36:37]     Website: https://www.themilkandhoney.com/atlantic-park
[22:36:46]     Promoted to untouched (website verified)
[22:36:47]   [WEBSITE] Looking up: Revel Restaurant
[22:36:51]     Website: https://www.revelava.com
[22:36:59]     Promoted to untouched (website verified)
[22:37:00]   [WEBSITE] Looking up: Vola’s
[22:37:04]     Website: https://www.volasdockside.com
[22:37:13]     Promoted to untouched (website verified)
[22:37:22] 
[22:37:22] === Taste Query [7/20]: upscale restaurant Reston VA ===
[22:37:28]   Scrolling search results...
[22:37:36]   Extracting results...
[22:37:36]   Found 6 results
[22:37:57]   Added 4 new venues from query
[22:37:57]   [WEBSITE] Looking up: Heirloom
[22:38:01]     Website: https://www.heirloomvb.com
[22:38:10]     Promoted to untouched (website verified)
[22:38:11]   [WEBSITE] Looking up: Clarity Reston
[22:38:15]     Website: https://clarityreston.com
[22:38:31]     Promoted to untouched (website verified)
[22:38:32]   [WEBSITE] Looking up: Harvest + Vine
[22:38:36]     Website: https://www.marriott.com/hotels/hotel-information/restaurant/wasow-the-westin-reston-heights
[22:38:45]     Promoted to untouched (website verified)
[22:38:46]   [WEBSITE] Looking up: The Simon at Reston Station
[22:38:49]     Website: https://www.thesimonrestonstation.com
[22:38:59]     Promoted to untouched (website verified)
[22:39:06] 
[22:39:06] === Taste Query [8/20]: upscale restaurant Middleburg VA ===
[22:39:13]   Scrolling search results...
[22:39:19]   Extracting results...
[22:39:19]   Found 9 results
[22:39:45]   Added 2 new venues from query
[22:39:45]   [WEBSITE] Looking up: The Ashby Inn & Restaurant
[22:39:48]     Website: https://www.ashbyinn.com
[22:39:59]     Promoted to untouched (website verified)
[22:40:01]   [WEBSITE] Looking up: The Blue Door Kitchen and Inn
[22:40:04]     Website: http://thebluedoorkitchen.com
[22:40:16]     Promoted to untouched (website verified)
[22:40:22] 
[22:40:22] === Taste Query [9/20]: upscale restaurant Leesburg VA ===
[22:40:27]   Scrolling search results...
[22:40:34]   Extracting results...
[22:40:34]   Found 10 results
[22:41:10]   Added 6 new venues from query
[22:41:10]   [WEBSITE] Looking up: Shutters on King
[22:41:13]     Website: https://www.shuttersonking.com
[22:41:25]     Promoted to untouched (website verified)
[22:41:26]   [WEBSITE] Looking up: Piedmont's
[22:41:29]     Website: https://www.lansdowneresort.com/restaurants_in_leesburg_va/fine_dining_northern_va
[22:41:39]     Promoted to untouched (website verified)
[22:41:40]   [WEBSITE] Looking up: Heirloom
[22:41:43]     Website: https://www.heirloomvb.com
[22:41:53]     Promoted to untouched (website verified)
[22:41:54]   [WEBSITE] Looking up: Riverside Hearth
[22:41:58]     Website: https://www.lansdowneresort.com/dining/riverside-hearth
[22:42:07]     Promoted to untouched (website verified)
[22:42:08]   [WEBSITE] Looking up: Kobe Japanese Steak & Seafood House
[22:42:12]     Website: http://www.kobesteakhouseinc.com
[22:42:23]     Promoted to untouched (website verified)
[22:42:24]   [WEBSITE] Looking up: Mocatinas
[22:42:28]     Website: https://www.mocatinas.com
[22:42:37]     Promoted to untouched (website verified)
[22:42:44] 
[22:42:44] === Taste Query [10/20]: upscale restaurant St. Michaels MD ===
[22:42:49]   Scrolling search results...
[22:42:55]   Extracting results...
[22:42:56]   Found 23 results
[22:43:52]   Added 9 new venues from query
[22:43:52]   [WEBSITE] Looking up: The Wildset Hotel
[22:43:56]     Website: http://www.thewildset.com
[22:44:05]     Promoted to untouched (website verified)
[22:44:06]   [WEBSITE] Looking up: Golden Hour
[22:44:09]     Website: https://sunrisewhen.com
[22:44:18]     Promoted to untouched (website verified)
[22:44:19]   [WEBSITE] Looking up: Bas Rouge
[22:44:23]     Website: http://www.basrougeeaston.com
[22:44:34]     Promoted to untouched (website verified)
[22:44:35]   [WEBSITE] Looking up: The Oaks Waterfront Hotel
[22:44:38]     Website: https://the-oaks.com
[22:44:49]     Promoted to untouched (website verified)
[22:44:50]   [WEBSITE] Looking up: Arnaiz Chocolat at St. Michaels
[22:44:53]     Website: https://www.arnaizchocolat.com
[22:45:02]     Promoted to untouched (website verified)
[22:45:03]   [WEBSITE] Looking up: Spa at Harbour Inn
[22:45:06]     Website: https://www.spaatharbourinn.com
[22:45:18]     Promoted to untouched (website verified)
[22:45:19]   [WEBSITE] Looking up: Blue Heron Coffee
[22:45:22]     Website: https://blueheroncoffee.com
[22:45:31]     Promoted to untouched (website verified)
[22:45:32]   [WEBSITE] Looking up: Tidewater Inn
[22:45:35]     Website: http://www.tidewaterinn.com
[22:45:46]     Promoted to untouched (website verified)
[22:45:47]   [WEBSITE] Looking up: Café 401
[22:45:50]     Website: https://wanderlog.com
[22:46:02]     Promoted to untouched (website verified)
[22:46:11] 
[22:46:11] === Taste Query [11/20]: upscale restaurant Easton MD ===
[22:46:17]   Scrolling search results...
[22:46:25]   Extracting results...
[22:46:25]   Found 17 results
[22:47:16]   Added 12 new venues from query
[22:47:16]   [WEBSITE] Looking up: The Oak Room Restaurant & Bar
[22:47:19]     Website: https://the-oaks.com/the-oak-room
[22:47:29]     Promoted to untouched (website verified)
[22:47:30]   [WEBSITE] Looking up: Ruse
[22:47:34]     Website: http://www.ruserestaurant.com
[22:47:45]     Promoted to untouched (website verified)
[22:47:46]   [WEBSITE] Looking up: Tidewater Inn
[22:47:49]     Website: http://www.tidewaterinn.com
[22:48:07]     Promoted to untouched (website verified)
[22:48:08]   [WEBSITE] Looking up: La Locanda Del Cavallo
[22:48:11]     Website: https://cavallos.us
[22:48:21]     Promoted to untouched (website verified)
[22:48:22]   [WEBSITE] Looking up: The Oaks Waterfront Hotel
[22:48:26]     Website: https://the-oaks.com
[22:48:36]     Promoted to untouched (website verified)
[22:48:37]   [WEBSITE] Looking up: Albanesi Restaurant and Bar
[22:48:41]     Website: https://www.albanesiwithgusto.com
[22:48:51]     Promoted to untouched (website verified)
[22:48:52]   [WEBSITE] Looking up: Plates at 208
[22:48:55]     Website: https://www.platesat208.com
[22:49:04]     Promoted to untouched (website verified)
[22:49:05]   [WEBSITE] Looking up: El Dorado Bar & Grill
[22:49:09]     Website: http://eldoradoeastonmd.com
[22:49:19]     Promoted to untouched (website verified)
[22:49:20]   [WEBSITE] Looking up: Thyme Rooftop Grille
[22:49:23]     Website: http://thymeeaston.com
[22:49:32]     Promoted to untouched (website verified)
[22:49:33]   [WEBSITE] Looking up: Gay's Seafood & Deli
[22:49:36]     Website: https://5.3K+
[22:49:46]     Promoted to untouched (website verified)
[22:49:47]   [WEBSITE] Looking up: Momma Maria's
[22:49:50]     Website: http://mommamariasbistro.com
[22:50:00]     Promoted to untouched (website verified)
[22:50:01]   [WEBSITE] Looking up: Salter's Chesapeake Gourmet
[22:50:05]     Website: https://www.salterschesapeakegourmet.com
[22:50:14]     Promoted to untouched (website verified)
[22:50:23] 
[22:50:23] === Taste Query [12/20]: upscale restaurant Annapolis MD ===
[22:50:29]   Scrolling search results...
[22:50:35]   Extracting results...
[22:50:35]   Found 10 results
[22:51:07]   Added 5 new venues from query
[22:51:07]   [WEBSITE] Looking up: Seasalt Annapolis
[22:51:10]     Website: http://www.seasaltannapolis.com
[22:51:19]     Promoted to untouched (website verified)
[22:51:20]   [WEBSITE] Looking up: Spa Creek Galley
[22:51:23]     Website: https://www.annapolisyc.com/facilities
[22:51:33]     Promoted to untouched (website verified)
[22:51:34]   [WEBSITE] Looking up: Wonder Annapolis
[22:51:37]     Website: https://www.wonder.com/food-delivery-locations/annapolis
[22:51:47]     Promoted to untouched (website verified)
[22:51:48]   [WEBSITE] Looking up: High Tide Grill (Harper's Waterfront Restaurant)
[22:51:51]     Website: http://www.hightidegrill.com
[22:52:00]     Promoted to untouched (website verified)
[22:52:01]   [WEBSITE] Looking up: Dinner Under the Stars
[22:52:05]     Website: http://www.dinnerunderthestars.org
[22:52:14]     Promoted to untouched (website verified)
[22:52:20] 
[22:52:20] === Taste Query [13/20]: upscale restaurant Roland Park Baltimore MD ===
[22:52:26]   Scrolling search results...
[22:52:32]   Extracting results...
[22:52:32]   Found 9 results
[22:52:59]   Added 4 new venues from query
[22:52:59]   [WEBSITE] Looking up: Ammoora
[22:53:02]     Website: https://ammoora.com
[22:53:13]     Promoted to untouched (website verified)
[22:53:14]   [WEBSITE] Looking up: Luna Oaxaca
[22:53:17]     Website: http://lunaoaxaca.com
[22:53:27]     Promoted to untouched (website verified)
[22:53:28]   [WEBSITE] Looking up: Nine Tailed Fox
[22:53:31]     Website: http://ninetailedfoxbalt.com
[22:53:42]     Promoted to untouched (website verified)
[22:53:43]   [WEBSITE] Looking up: Carroll & Son Fine Foods
[22:53:47]     Website: http://www.carrollandsonfinefoods.com
[22:53:56]     Promoted to untouched (website verified)
[22:54:02] 
[22:54:02] === Taste Query [14/20]: Italian fine dining Georgetown DC ===
[22:54:10]   Scrolling search results...
[22:54:16]   Extracting results...
[22:54:16]   Found 6 results
[22:54:38]   Added 5 new venues from query
[22:54:38]   [WEBSITE] Looking up: Osteria Mozza DC
[22:54:42]     Website: https://osteriamozzadc.com
[22:54:51]     Promoted to untouched (website verified)
[22:54:52]   [WEBSITE] Looking up: OLIO E PIÙ
[22:54:55]     Website: https://www.olioepiu.com/location/dc
[22:55:05]     Promoted to untouched (website verified)
[22:55:06]   [WEBSITE] Looking up: River Club DC
[22:55:10]     Website: https://riverclubdc.com
[22:55:18]     Promoted to untouched (website verified)
[22:55:20]   [WEBSITE] Looking up: Il Piatto Restaurant
[22:55:23]     Website: http://ilpiattodc.com
[22:55:33]     Promoted to untouched (website verified)
[22:55:34]   [WEBSITE] Looking up: Certo!
[22:55:37]     Website: https://certodc.com
[22:55:48]     Promoted to untouched (website verified)
[22:55:56] 
[22:55:56] === Taste Query [15/20]: Italian fine dining Dupont Circle DC ===
[22:56:05]   Scrolling search results...
[22:56:11]   Extracting results...
[22:56:11]   Found 5 results
[22:56:29]   Added 5 new venues from query
[22:56:29]   [WEBSITE] Looking up: OLIO E PIÙ
[22:56:32]     Website: https://www.olioepiu.com/location/dc
[22:56:42]     Promoted to untouched (website verified)
[22:56:43]   [WEBSITE] Looking up: DIVINO Ristorante Enoteca
[22:56:46]     Website: https://divinodc.com
[22:56:55]     Promoted to untouched (website verified)
[22:56:56]   [WEBSITE] Looking up: Il Piatto Restaurant
[22:56:59]     Website: http://ilpiattodc.com
[22:57:09]     Promoted to untouched (website verified)
[22:57:10]   [WEBSITE] Looking up: Truno DC - Now Alta Strada
[22:57:14]     Website: https://www.altastradarestaurant.com/altastradawashingtondc
[22:57:23]     Promoted to untouched (website verified)
[22:57:24]   [WEBSITE] Looking up: Certo!
[22:57:28]     Website: https://certodc.com
[22:57:38]     Promoted to untouched (website verified)
[22:57:46] 
[22:57:46] === Taste Query [16/20]: Italian fine dining Potomac MD ===
[22:57:54]   Scrolling search results...
[22:58:00]   Extracting results...
[22:58:00]   Found 7 results
[22:58:27]   Added 4 new venues from query
[22:58:27]   [WEBSITE] Looking up: Sal's Italian Kitchen
[22:58:30]     Website: http://salsitaliankitchen.net
[22:58:41]     Promoted to untouched (website verified)
[22:58:42]   [WEBSITE] Looking up: Vignola Gourmet
[22:58:46]     Website: http://www.vignolagourmet.com
[22:58:59]     Promoted to untouched (website verified)
[22:59:00]   [WEBSITE] Looking up: Gemelli's Italian Market
[22:59:04]     Website: http://gemellisitalianmarket.com
[22:59:14]     Promoted to untouched (website verified)
[22:59:15]   [WEBSITE] Looking up: Arturo's Trattoria
[22:59:18]     Website: http://www.arturostrattoria.com
[22:59:27]     Promoted to untouched (website verified)
[22:59:33] 
[22:59:33] === Taste Query [17/20]: Italian fine dining Chevy Chase MD ===
[22:59:40]   Scrolling search results...
[22:59:46]   Extracting results...
[22:59:46]   Found 7 results
[23:00:08]   Added 2 new venues from query
[23:00:08]   [WEBSITE] Looking up: Skip’s
[23:00:11]     Website: https://www.skipsautorepair.net
[23:00:21]     Promoted to untouched (website verified)
[23:00:22]   [WEBSITE] Looking up: Arturo's Trattoria
[23:00:25]     Website: http://www.arturostrattoria.com
[23:00:35]     Promoted to untouched (website verified)
[23:00:43] 
[23:00:43] === Taste Query [18/20]: Italian fine dining Great Falls VA ===
[23:00:49]   Scrolling search results...
[23:00:58]   Extracting results...
[23:00:58]   Found 2 results
[23:01:05]   Added 1 new venues from query
[23:01:05]   [WEBSITE] Looking up: Heirloom
[23:01:08]     Website: https://www.heirloomvb.com
[23:01:18]     Promoted to untouched (website verified)
[23:01:25] 
[23:01:25] === Taste Query [19/20]: Italian fine dining McLean VA ===
[23:01:32]   Scrolling search results...
[23:01:39]   Extracting results...
[23:01:39]   Found 5 results
[23:01:52]   Added 2 new venues from query
[23:01:52]   [WEBSITE] Looking up: Scolapasta
[23:01:55]     Website: https://scolapasta.us
[23:02:05]     Promoted to untouched (website verified)
[23:02:06]   [WEBSITE] Looking up: Sal's Italian Kitchen
[23:02:09]     Website: https://salsitaliankitchen.net
[23:02:21]     Promoted to untouched (website verified)
[23:02:27] 
[23:02:27] === Taste Query [20/20]: Italian fine dining Reston VA ===
[23:02:34]   Scrolling search results...
[23:02:41]   Extracting results...
[23:02:41]   Found 5 results
[23:02:59]   Added 1 new venues from query
[23:02:59]   [WEBSITE] Looking up: Modern Provisions Dulles
[23:03:02]     Website: https://modernprovisionsdulles.com
[23:03:15]     Promoted to untouched (website verified)
[23:03:21]   MAX_QUERIES=20 reached — stopping.
[23:03:21] Calculating distances for new venues...
[23:05:04]   Distances calculated: 1
[23:05:04] 
[23:05:04] === Taste Discovery Complete ===
[23:05:04]   Queries run: 20
[23:05:04]   Venues added: 96
[23:05:04]   Queries remaining: 241

[14:39:19] === Taste Discovery Mode Started ===
[14:39:19] MAX_QUERIES=999
[14:39:19] Fetching existing venues + past gigs for dedup...
[14:39:25] Existing venues + past gigs: 0
[14:39:25] Generating search queries from taste profile...
[14:39:25] CITY_FILTER='Roland Park MD': filtered to 0 matching queries
[14:39:25] Generated 0 queries (999 will run this session)
[14:39:25] 
[14:39:25] === Taste Discovery Complete ===
[14:39:25]   Queries run: 0
[14:39:25]   Venues added: 0
[14:39:25]   Queries remaining: 0

[14:40:36] === Taste Discovery Mode Started ===
[14:40:36] MAX_QUERIES=999
[14:40:36] Fetching existing venues + past gigs for dedup...
[14:40:40] Existing venues + past gigs: 0
[14:40:40] Generating search queries from taste profile...
[14:40:40] CITY_FILTER='Roland Park': filtered to 6 matching queries
[14:40:40] Generated 6 queries (999 will run this session)
[14:40:40] 
[14:40:40] === Taste Query [1/999]: Italian fine dining Roland Park Baltimore MD ===
[14:40:47]   Scrolling search results...
[14:40:54]   Extracting results...
[14:40:54]   No results found
[14:40:59] 
[14:40:59] === Taste Query [2/999]: boutique hotel Roland Park Baltimore MD ===
[14:41:06]   Scrolling search results...
[14:41:14]   Extracting results...
[14:41:14]   No results found
[14:41:18] 
[14:41:18] === Taste Query [3/999]: historic inn Roland Park Baltimore MD ===

[23:27:56] === Venue Discovery Started ===
[23:27:56] Fetching past gigs...
[23:27:59] Found 70 past gigs
[23:27:59] Fetching existing venues for dedup...
[23:28:03] Existing venues: 3936
[23:28:03]   SKIP (already discovered): L'Auberge Chez Francois
[23:28:03]   SKIP (already discovered): The Inn at Perry Cabin
[23:28:03]   SKIP (already discovered): The Maryland Club
[23:28:03]   SKIP (already discovered): Black Ankle Vineyards
[23:28:03]   SKIP (already discovered): Royal Restaurant
[23:28:03]   SKIP (already discovered): Good Spirit Farm Winery
[23:28:03]   SKIP (already discovered): Chesapeake Manor Vineyard
[23:28:03]   SKIP (already discovered): Elkridge Furnace Inn
[23:28:03]   SKIP (already discovered): Xella Winery and Vineyard
[23:28:03]   SKIP (already discovered): Twin Oaks Tavern Winery
[23:28:03]   SKIP (already discovered): Windridge Vineyards
[23:28:03]   SKIP (already discovered): University Club
[23:28:03]   SKIP (already discovered): The Farmhouse Tuscan
[23:28:03]   SKIP (already discovered): Big Cork Vineyards
[23:28:03]   SKIP (already discovered): Savage Mill Mall
[23:28:03]   SKIP (already discovered): Trueman Vineyards
[23:28:03]   SKIP (already discovered): Williams Gap Vineyard
[23:28:03]   SKIP (already discovered): Hello Betty Bethesda
[23:28:03]   SKIP (already discovered): The Madison Hotel
[23:28:03]   SKIP (already discovered): Belle Haven Country Club
[23:28:03]   SKIP (already discovered): Casanel Vineyards & Winery
[23:28:03]   SKIP (already discovered): Chrysalis Vineyards at The Ag District
[23:28:03]   SKIP (already discovered): Corteau Winery
[23:28:03]   SKIP (already discovered): Penn Oaks Winery
[23:28:03]   SKIP (already discovered): Pizza Pomodoro
[23:28:03]   SKIP (already discovered): Hidden Brook Winery
[23:28:03]   SKIP (already discovered): Simple Theory Wine Co
[23:28:03]   SKIP (already discovered): Brightview Perry Hall
[23:28:03]   SKIP (already discovered): Lake Anne Coffee House & Wine Bar
[23:28:03]   SKIP (already discovered): Gaylord National Harbor
[23:28:03]   SKIP (already discovered): Woodberry Kitchen
[23:28:03]   SKIP (already discovered): Great Sage
[23:28:03]   SKIP (already discovered): Cosmos Club DC
[23:28:03]   SKIP (already discovered): Doukénie Winery
[23:28:03]   SKIP (already discovered): State Plaza Hotel DC
[23:28:03]   SKIP (already discovered): Hyatt Cambridge
[23:28:03]   SKIP (already discovered): Greenhill Vineyards
[23:28:03]   SKIP (already discovered): Loudoun Golf & Country Club
[23:28:03]   SKIP (already discovered): Creek's Edge Winery
[23:28:03]   SKIP (already discovered): The Milton Inn
[23:28:03]   SKIP (already discovered): Country Club of Fairfax
[23:28:03]   SKIP (already discovered): Century Club Hagerstown
[23:28:03]   SKIP (already discovered): Rock Spring Farm
[23:28:03]   SKIP (already discovered): Janemark Winery & Vineyard
[23:28:03]   SKIP (already discovered): Alma Cocina Latina
[23:28:03]   SKIP (already discovered): Omni Shoreham Hotel
[23:28:03]   SKIP (already discovered): Knoxie's Table
[23:28:03]   SKIP (already discovered): 1757 Golf Club
[23:28:03]   SKIP (already discovered): Holly Hills Country Club
[23:28:03]   SKIP (already discovered): Conrad Washington DC
[23:28:03]   SKIP (already discovered): Pirouette Restaurant & Wine Shop
[23:28:03]   SKIP (already discovered): Le Méridien Arlington
[23:28:03]   SKIP (already discovered): Dulles Town Center
[23:28:03]   SKIP (already discovered): Hidden Hills Farm and Vineyard
[23:28:03]   SKIP (already discovered): Maritime Museum St Michaels
[23:28:03]   SKIP (already discovered): Chartwell Golf & Country Club
[23:28:03]   SKIP (already discovered): Ruse
[23:28:03]   SKIP (already discovered): InGrano Bistro Bakery
[23:28:03]   SKIP (already discovered): Kent Manor Inn
[23:28:03]   SKIP (already discovered): Army Navy Country Club
[23:28:03]   SKIP (already discovered): River Bend Country Club
[23:28:03]   SKIP (already discovered): City Tavern DC
[23:28:03]   SKIP (already discovered): Baltimore Country Club
[23:28:03]   SKIP (already discovered): Vino and Pasta
[23:28:03]   SKIP (already discovered): 50 West Vineyards
[23:28:03]   SKIP (already discovered): The Galley Restaurant & Bar
[23:28:03]   SKIP (already discovered): Wylder Hotel Tilghman Island
[23:28:03]   SKIP (already discovered): Bistrot Lepic
[23:28:03]   SKIP (already discovered): Sunset Hills Winery
[23:28:03]   SKIP (already discovered): The Oaks Waterfront Hotel
[23:28:03] Cleaning up discovered_gigs.txt...
[23:28:08] 
[23:28:08] === Discovery Complete — Total new venues: 0 ===

[23:40:54] === Taste Discovery Mode Started ===
[23:40:54] MAX_QUERIES=25
[23:40:54] Fetching existing venues + past gigs for dedup...
[23:41:00] Existing venues + past gigs: 0
[23:41:00] Generating search queries from taste profile...
[23:41:00] Generated 239 queries (25 will run this session)
[23:41:00] 
[23:41:00] === Taste Query [1/25]: Italian fine dining Middleburg VA ===
[23:41:04]   Scrolling search results...
[23:41:11]   Extracting results...
[23:41:12]   No results found

[23:41:13] === Taste Discovery Mode Started ===
[23:41:13] MAX_QUERIES=25
[23:41:13] Fetching existing venues + past gigs for dedup...
[23:41:15] 
[23:41:15] === Taste Query [2/25]: Italian fine dining Leesburg VA ===
[23:41:21] Existing venues + past gigs: 0
[23:41:21]   Scrolling search results...
[23:41:21] Generating search queries from taste profile...
[23:41:21] Generated 238 queries (25 will run this session)
[23:41:21] 
[23:41:21] === Taste Query [1/25]: Italian fine dining Leesburg VA ===
[23:41:27]   Scrolling search results...
[23:41:29]   Extracting results...
[23:41:30]   No results found
[23:41:33]   Extracting results...
[23:41:33]   No results found
[23:41:35] 
[23:41:35] === Taste Query [3/25]: D ===
[23:41:38] 
[23:41:38] === Taste Query [2/25]: Italian fine dining St. Michaels MD ===
[23:41:40]   Scrolling search results...
[23:41:44]   Scrolling search results...
[23:41:46]   Extracting results...
[23:41:47]   No results found
[23:41:50] 
[23:41:50] === Taste Query [4/25]: Italian fine dining Easton MD ===
[23:41:52]   Extracting results...
[23:41:52]   No results found
[23:41:54]   Scrolling search results...
[23:41:57] 
[23:41:57] === Taste Query [3/25]: Italian fine dining Easton MD ===
[23:42:02]   Scrolling search results...
[23:42:02]   Extracting results...
[23:42:03]   No results found
[23:42:08] 
[23:42:08] === Taste Query [5/25]: Italian fine dining Annapolis MD ===
[23:42:09]   Extracting results...
[23:42:09]   No results found
[23:42:12]   Scrolling search results...
[23:42:14] 
[23:42:14] === Taste Query [4/25]: Italian fine dining Annapolis MD ===
[23:42:19]   Scrolling search results...
[23:42:21]   Extracting results...
[23:42:21]   No results found
[23:42:25] 
[23:42:25] === Taste Query [6/25]: boutique hotel Georgetown DC ===
[23:42:25]   Extracting results...
[23:42:26]   No results found
[23:42:31]   Scrolling search results...
[23:42:38]   Extracting results...
[23:42:38]   No results found
[23:42:42] 
[23:42:42] === Taste Query [7/25]: boutique hotel Dupont Circle DC ===
[23:42:46]   Scrolling search results...
[23:42:55]   Extracting results...
[23:42:55]   No results found
[23:42:59] 
[23:42:59] === Taste Query [8/25]: boutique hotel Potomac MD ===
[23:43:03]   Scrolling search results...
[23:43:11]   Extracting results...
[23:43:11]   No results found
[23:43:14] 
[23:43:14] === Taste Query [9/25]: boutique hotel Bethesda MD ===
[23:43:18]   Scrolling search results...
[23:43:25]   Extracting results...
[23:43:25]   No results found
[23:43:30] 
[23:43:30] === Taste Query [10/25]: boutique hotel Chevy Chase MD ===
[23:43:37]   Scrolling search results...
[23:43:44]   Extracting results...
[23:43:44]   No results found
[23:43:49] 
[23:43:49] === Taste Query [11/25]: boutique hotel Great Falls VA ===
[23:43:56]   Scrolling search results...
[23:44:02]   Extracting results...
[23:44:02]   No results found
[23:44:06] 
[23:44:06] === Taste Query [12/25]: boutique hotel McLean VA ===
[23:44:12]   Scrolling search results...
[23:44:18]   Extracting results...
[23:44:18]   Found 5 results
[23:44:30]   Added 3 new venues from query
[23:44:30]   [WEBSITE] Looking up: The Ritz-Carlton, Tysons Corner
[23:44:33]     Website: https://www.ritzcarlton.com/en/hotels/wasty-the-ritz-carlton-tysons-corner/overview
[23:44:43]     Promoted to untouched (website verified)
[23:44:44]   [WEBSITE] Looking up: Archer Hotel Tysons
[23:44:47]     No matching website found — remains needs_review
[23:44:48]   [WEBSITE] Looking up: Home2 Suites by Hilton Falls Church
[23:44:52]     Website: https://www.hilton.com/en/hotels/dcahaht-home2-suites-falls-church
[23:45:01]     Promoted to untouched (website verified)
[23:45:10] 
[23:45:10] === Taste Query [13/25]: boutique hotel Alexandria VA ===
[23:45:17]   Scrolling search results...
[23:45:24]   Extracting results...
[23:45:24]   Found 50 results
[23:48:09]   Added 48 new venues from query
[23:48:09]   [WEBSITE] Looking up: Hampton Inn Alexandria-Old Town/King St. Metro
[23:48:13]     Website: https://www.hilton.com/en/hotels/wasalhx-hampton-alexandria-old-town-king-st-metro
[23:48:26]     Promoted to untouched (website verified)
[23:48:27]   [WEBSITE] Looking up: Morrison House Old Town Alexandria, Autograph Collection
[23:48:30]     No matching website found — remains needs_review
[23:48:31]   [WEBSITE] Looking up: Hotel Heron Alexandria Old Town, Curio Collection by Hilton
[23:48:35]     Website: https://www.hilton.com/en/hotels/dcahhqq-hotel-heron-alexandria-old-town
[23:48:43]     Promoted to untouched (website verified)
[23:48:44]   [WEBSITE] Looking up: Archer Hotel Old Town Alexandria
[23:48:48]     Website: https://archerhotel.com/alexandria
[23:48:56]     Promoted to untouched (website verified)
[23:48:58]   [WEBSITE] Looking up: The Satire, Autograph Collection
[23:49:01]     Website: https://www.marriott.com/en-us/hotels/waska-the-satire-autograph-collection/overview
[23:49:12]     Promoted to untouched (website verified)
[23:49:13]   [WEBSITE] Looking up: The Alexandrian Old Town Alexandria, Autograph Collection
[23:49:16]     Website: https://www.marriott.com/en-us/hotels/wasmo-the-alexandrian-old-town-alexandria-autograph-collection/overview
[23:49:25]     Promoted to untouched (website verified)
[23:49:26]   [WEBSITE] Looking up: Hotel Indigo Old Town Alexandria by IHG
[23:49:30]     Website: https://www.ihg.com/hotelindigo/hotels/us/en/alexandria/axein/hoteldetail
[23:49:40]     Promoted to untouched (website verified)
[23:49:41]   [WEBSITE] Looking up: The Westin Alexandria Old Town
[23:49:44]     No matching website found — remains needs_review
[23:49:45]   [WEBSITE] Looking up: Hilton Alexandria Old Town
[23:49:49]     Website: https://www.hilton.com
[23:49:59]     Promoted to untouched (website verified)
[23:50:00]   [WEBSITE] Looking up: Residence Inn by Marriott Alexandria Old Town/Duke Street
[23:50:03]     Website: https://www.marriott.com/en-us/hotels/wasdk-residence-inn-alexandria-old-town-duke-street/overview
[23:50:13]     Promoted to untouched (website verified)
[23:50:14]   [WEBSITE] Looking up: Embassy Suites by Hilton Alexandria Old Town
[23:50:18]     Website: https://www.hilton.com/en/hotels/wasotes-embassy-suites-alexandria-old-town
[23:50:28]     Promoted to untouched (website verified)
[23:50:29]   [WEBSITE] Looking up: Hyatt Centric Old Town Alexandria
[23:50:32]     Website: https://www.hyatt.com/hyatt-centric/en-US/iadct-hyatt-centric-old-town-alexandria
[23:50:41]     Promoted to untouched (website verified)
[23:50:42]   [WEBSITE] Looking up: Sheraton Suites Old Town Alexandria
[23:50:46]     Website: https://www.marriott.com/en-us/hotels/wassi-sheraton-suites-old-town-alexandria/overview
[23:50:54]     Promoted to untouched (website verified)
[23:50:55]   [WEBSITE] Looking up: Prince Street Inn
[23:50:58]     Website: http://princestreetinn.com
[23:51:07]     Promoted to untouched (website verified)
[23:51:08]   [WEBSITE] Looking up: Hilton Alexandria Mark Center
[23:51:11]     Website: https://www.hilton.com/en/hotels/dcaahhf-hilton-alexandria-mark-center
[23:51:18]     Promoted to untouched (website verified)
[23:51:19]   [WEBSITE] Looking up: Residence Inn by Marriott Alexandria Old Town South at Carlyle
[23:51:22]     Website: https://www.marriott.com/en-us/hotels/wasra-residence-inn-alexandria-old-town-south-at-carlyle/overview
[23:51:33]     Promoted to untouched (website verified)
[23:51:34]   [WEBSITE] Looking up: Hilton Garden Inn Alexandria Old Town National Harbor
[23:51:37]     Website: https://www.hilton.com/en/hotels/dcaolgi-hilton-garden-inn-alexandria-old-town-national-harbor
[23:51:47]     Promoted to untouched (website verified)
[23:51:48]   [WEBSITE] Looking up: The King Street House by Kasa
[23:51:51]     Website: https://kasa.com/properties/the-king-street-house-by-kasa-hotels-alexandria
[23:52:00]     Promoted to untouched (website verified)
[23:52:01]   [WEBSITE] Looking up: Holiday Inn Alexandria - Carlyle by IHG
[23:52:04]     No matching website found — remains needs_review
[23:52:05]   [WEBSITE] Looking up: Gaylord National Resort & Convention Center
[23:52:09]     Website: https://www.marriott.com/en-us/hotels/wasgn-gaylord-national-resort-and-convention-center/overview
[23:52:18]     Promoted to untouched (website verified)
[23:52:19]   [WEBSITE] Looking up: Kasa Del Ray Alexandria
[23:52:22]     Website: https://kasa.com
[23:52:34]     Promoted to untouched (website verified)
[23:52:35]   [WEBSITE] Looking up: Hyatt Place National Harbor
[23:52:38]     Website: https://www.hyatt.com/hyatt-place/en-US/iadzr-hyatt-place-national-harbor
[23:52:57]     Promoted to untouched (website verified)
[23:52:58]   [WEBSITE] Looking up: Hampton Inn & Suites Alexandria Old Town Area South
[23:53:01]     Website: https://www.hilton.com/en/hotels/wasaxhx-hampton-suites-alexandria-old-town-area-south
[23:53:09]     Promoted to untouched (website verified)
[23:53:10]   [WEBSITE] Looking up: Comfort Inn & Suites Alexandria West
[23:53:13]     Website: https://www.guestreservations.com
[23:53:22]     Promoted to untouched (website verified)
[23:53:23]   [WEBSITE] Looking up: Hotel Pentagon South
[23:53:27]     No matching website found — remains needs_review
[23:53:28]   [WEBSITE] Looking up: Harborside Hotel
[23:53:31]     No matching website found — remains needs_review
[23:53:32]   [WEBSITE] Looking up: Hilton Arlington Rosslyn The Key
[23:53:35]     No matching website found — remains needs_review
[23:53:36]   [WEBSITE] Looking up: Kasa Alexandria Washington
[23:53:40]     Website: https://www.kasa.com/properties/kasa-alexandria-washington
[23:53:47]     Promoted to untouched (website verified)
[23:53:48]   [WEBSITE] Looking up: Morrison-Clark Historic Inn & Restaurant
[23:53:52]     Website: https://2.4K+
[23:54:01]     Promoted to untouched (website verified)
[23:54:02]   [WEBSITE] Looking up: Hotel Hive
[23:54:06]     Website: https://www.hotelhive.com
[23:54:14]     Promoted to untouched (website verified)
[23:54:15]   [WEBSITE] Looking up: SpringHill Suites by Marriott Alexandria Old Town/Southwest
[23:54:18]     Website: https://www.marriott.com/en-us/hotels/wasva-springhill-suites-alexandria-old-town-southwest/overview
[23:54:27]     Promoted to untouched (website verified)
[23:54:28]   [WEBSITE] Looking up: Hotel Zena Washington DC
[23:54:31]     Website: https://www.viceroyhotelsandresorts.com/zena
[23:54:40]     Promoted to untouched (website verified)
[23:54:41]   [WEBSITE] Looking up: AC Hotel National Harbor Washington, DC Area
[23:54:44]     Website: https://www.marriott.com/en-us/hotels/waswa-ac-hotel-national-harbor-washington-dc-area/overview
[23:54:53]     Promoted to untouched (website verified)
[23:54:54]   [WEBSITE] Looking up: The Potomac Hotel
[23:54:58]     Website: https://www.marriott.com
[23:55:07]     Promoted to untouched (website verified)
[23:55:08]   [WEBSITE] Looking up: Hampton Inn Alexandria/Pentagon South
[23:55:11]     Website: https://www.hilton.com/en/hotels/axevahx-hampton-alexandria-pentagon-south
[23:55:21]     Promoted to untouched (website verified)
[23:55:22]   [WEBSITE] Looking up: The Henley Park Hotel
[23:55:25]     Website: https://www.henleypark.com
[23:55:33]     Promoted to untouched (website verified)
[23:55:34]   [WEBSITE] Looking up: Renaissance Arlington Capital View Hotel
[23:55:38]     Website: https://www.marriott.com/en-us/hotels/waspy-renaissance-arlington-capital-view-hotel/overview
[23:55:49]     Promoted to untouched (website verified)
[23:55:50]   [WEBSITE] Looking up: Eaton DC
[23:55:53]     Website: https://www.eaton.com
[23:56:02]     Promoted to untouched (website verified)
[23:56:03]   [WEBSITE] Looking up: Premier National Harbor House
[23:56:06]     No matching website found — remains needs_review
[23:56:07]   [WEBSITE] Looking up: Capitol Hill Hotel
[23:56:11]     Website: https://www.capitolhillhotel-dc.com
[23:56:19]     Promoted to untouched (website verified)
[23:56:20]   [WEBSITE] Looking up: Kimpton George Hotel
[23:56:23]     No matching website found — remains needs_review
[23:56:24]   [WEBSITE] Looking up: Arlo Washington DC
[23:56:28]     No matching website found — remains needs_review
[23:56:29]   [WEBSITE] Looking up: 1 Mi to Old Town
[23:56:32]     No matching website found — remains needs_review
[23:56:33]   [WEBSITE] Looking up: Canopy by Hilton Washington DC The Wharf
[23:56:36]     No matching website found — remains needs_review
[23:56:37]   [WEBSITE] Looking up: Moxy Washington, DC Downtown
[23:56:41]     No matching website found — remains needs_review
[23:56:42]   [WEBSITE] Looking up: Phoenix Park Hotel
[23:56:45]     No matching website found — remains needs_review
[23:56:46]   [WEBSITE] Looking up: Riggs Washington DC
[23:56:49]     No matching website found — remains needs_review
[23:56:50]   [WEBSITE] Looking up: Thompson Washington D.C., by Hyatt
[23:56:54]     Website: https://www.hyatt.com/thompson-hotels/en-US/iadth-thompson-washington-dc
[23:57:03]     Promoted to untouched (website verified)
[23:57:11] 
[23:57:11] === Taste Query [14/25]: boutique hotel Reston VA ===
[23:57:17]   Scrolling search results...
[23:57:24]   Extracting results...
[23:57:24]   No results found
[23:57:28] 
[23:57:28] === Taste Query [15/25]: boutique hotel Middleburg VA ===
[23:57:35]   Scrolling search results...
[23:57:41]   Extracting results...
[23:57:41]   No results found
[23:57:44] 
[23:57:44] === Taste Query [16/25]: boutique hotel Leesburg VA ===
[23:57:51]   Scrolling search results...
[23:57:57]   Extracting results...
[23:57:57]   No results found
[23:58:02] 
[23:58:02] === Taste Query [17/25]: boutique hotel St. Michaels MD ===
[23:58:09]   Scrolling search results...
[23:58:17]   Extracting results...
[23:58:17]   Found 9 results
[23:58:50]   Added 8 new venues from query
[23:58:50]   [WEBSITE] Looking up: $189
[23:58:54]     Website: https://www.wbaltv.com
[23:59:03]     Promoted to untouched (website verified)
[23:59:04]   [WEBSITE] Looking up: $220
[23:59:07]     No matching website found — remains needs_review
[23:59:08]   [WEBSITE] Looking up: $200
[23:59:11]     Website: https://driveezmd.com
[23:59:21]     Promoted to untouched (website verified)
[23:59:22]   [WEBSITE] Looking up: $224
[23:59:25]     Website: https://www.cbsnews.com
[23:59:33]     Promoted to untouched (website verified)
[23:59:35]   [WEBSITE] Looking up: $269
[23:59:38]     Website: https://www.courtlistener.com
[23:59:47]     Promoted to untouched (website verified)
[23:59:48]   [WEBSITE] Looking up: $236
[23:59:51]     Website: https://localcallingguide.com
[00:00:00]     Promoted to untouched (website verified)
[00:00:01]   [WEBSITE] Looking up: $489
[00:00:04]     Website: https://legiscan.com
[00:00:13]     Promoted to untouched (website verified)
[00:00:14]   [WEBSITE] Looking up: $395
[00:00:17]     Website: https://www.interstate-guide.com
[00:00:28]     Promoted to untouched (website verified)
[00:00:35] 
[00:00:35] === Taste Query [18/25]: boutique hotel Easton MD ===
[00:00:42]   Scrolling search results...
[00:00:50]   Extracting results...
[00:00:50]   Found 6 results
[00:01:09]   Added 4 new venues from query
[00:01:09]   [WEBSITE] Looking up: Holiday Inn Express Easton by IHG
[00:01:12]     Website: https://www.ihg.com/holidayinnexpress/hotels/us/en/easton/easex/hoteldetail
[00:01:21]     Promoted to untouched (website verified)
[00:01:22]   [WEBSITE] Looking up: The Yellow Rose of Talbot Bed and Breakfast
[00:01:25]     Website: https://the-yellow-rose-of-talbot-bed-and-breakfast.hotelsofmaryland.com
[00:01:34]     Promoted to untouched (website verified)
[00:01:35]   [WEBSITE] Looking up: Bishop's House Bed and Breakfast
[00:01:38]     Website: https://www.bishopshouse.com
[00:01:48]     Promoted to untouched (website verified)
[00:01:49]   [WEBSITE] Looking up: Best Western Plus Easton Inn & Suites
[00:01:53]     No matching website found — remains needs_review
[00:02:00] 
[00:02:00] === Taste Query [19/25]: boutique hotel Annapolis MD ===
[00:02:06]   Scrolling search results...
[00:02:15]   Extracting results...
[00:02:15]   Found 6 results
[00:02:35]   Added 4 new venues from query
[00:02:35]   [WEBSITE] Looking up: Historic Inns of Annapolis
[00:02:38]     Website: https://3.2K+
[00:02:48]     Promoted to untouched (website verified)
[00:02:49]   [WEBSITE] Looking up: The Maryland Inn of the Historic Inns of Annapolis
[00:02:53]     Website: https://www.historicinnsofannapolis.com/stay/maryland-inn
[00:03:02]     Promoted to untouched (website verified)
[00:03:03]   [WEBSITE] Looking up: 1313 West - Luxury Boutique Hotel
[00:03:07]     Website: https://www.1313west.com
[00:03:23]     Promoted to untouched (website verified)
[00:03:24]   [WEBSITE] Looking up: 86 State Circle - Luxury Boutique Hotel
[00:03:28]     Website: https://www.86statecircle.com
[00:03:37]     Promoted to untouched (website verified)
[00:03:45] 
[00:03:45] === Taste Query [20/25]: historic inn Georgetown DC ===
[00:03:52]   Scrolling search results...
[00:04:00]   Extracting results...
[00:04:01]   Found 7 results
[00:04:23]   Added 4 new venues from query
[00:04:23]   [WEBSITE] Looking up: The Mayflower Hotel, Autograph Collection
[00:04:26]     Website: https://www.marriott.com/en-us/hotels/wasak-the-mayflower-hotel-autograph-collection/overview
[00:04:35]     Promoted to untouched (website verified)
[00:04:36]   [WEBSITE] Looking up: Morrison-Clark Historic Inn & Restaurant
[00:04:40]     Website: https://www.morrisonclark.com
[00:04:47]     Promoted to untouched (website verified)
[00:04:48]   [WEBSITE] Looking up: The Georgetown House
[00:04:52]     Website: http://www.thegeorgetownhousedc.com
[00:05:07]     Promoted to untouched (website verified)
[00:05:08]   [WEBSITE] Looking up: The Fountain Inn DC
[00:05:11]     Website: https://www.fountaininndc.com
[00:05:24]     Promoted to untouched (website verified)
[00:05:33] 
[00:05:33] === Taste Query [21/25]: historic inn Dupont Circle DC ===
[00:05:40]   Scrolling search results...
[00:05:47]   Extracting results...
[00:05:47]   No results found
[00:05:50] 
[00:05:50] === Taste Query [22/25]: historic inn Potomac MD ===
[00:05:58]   Scrolling search results...
[00:06:06]   Extracting results...
[00:06:06]   No results found
[00:06:10] 
[00:06:10] === Taste Query [23/25]: historic inn Bethesda MD ===
[00:06:17]   Scrolling search results...
[00:06:26]   Extracting results...
[00:06:26]   No results found
[00:06:30] 
[00:06:30] === Taste Query [24/25]: historic inn Chevy Chase MD ===
[00:06:38]   Scrolling search results...
[00:06:47]   Extracting results...
[00:06:47]   Found 7 results
[00:07:07]   Added 5 new venues from query
[00:07:07]   [WEBSITE] Looking up: The Bethesdan Hotel, Tapestry Collection by Hilton
[00:07:10]     No matching website found — remains needs_review
[00:07:11]   [WEBSITE] Looking up: American Inn of Bethesda
[00:07:14]     No matching website found — remains needs_review
[00:07:15]   [WEBSITE] Looking up: Hilton Garden Inn Bethesda Downtown
[00:07:19]     Website: https://www.hilton.com/en/hotels/wasbtgi-hilton-garden-inn-bethesda-downtown
[00:07:27]     Promoted to untouched (website verified)
[00:07:28]   [WEBSITE] Looking up: Embassy Suites by Hilton Washington DC Chevy Chase Pavilion
[00:07:31]     Website: https://www.hilton.com/en/hotels/wasches-embassy-suites-washington-dc-chevy-chase-pavilion
[00:07:40]     Promoted to untouched (website verified)
[00:07:41]   [WEBSITE] Looking up: Hyatt Regency Bethesda
[00:07:44]     Website: https://www.hyatt.com/hyatt-regency/en-US/bethe-hyatt-regency-bethesda
[00:07:55]     Promoted to untouched (website verified)
[00:08:03] 
[00:08:03] === Taste Query [25/25]: historic inn Great Falls VA ===
[00:08:10]   Scrolling search results...
[00:08:18]   Extracting results...
[00:08:18]   Found 4 results
[00:08:27]   Added 2 new venues from query
[00:08:27]   [WEBSITE] Looking up: Old Angler's Inn
[00:08:30]     Website: http://oldanglersinn.com
[00:08:39]     Promoted to untouched (website verified)
[00:08:40]   [WEBSITE] Looking up: Great Falls Tavern Visitor Center
[00:08:44]     Website: https://www.canaltrust.org
[00:08:54]     Promoted to untouched (website verified)
[00:09:03]   MAX_QUERIES=25 reached — stopping.
[00:09:03] Calculating distances for new venues...
[00:10:50]   Distances calculated: 0
[00:10:50] 
[00:10:50] === Taste Discovery Complete ===
[00:10:50]   Queries run: 25
[00:10:50]   Venues added: 78
[00:10:50]   Queries remaining: 214

[01:13:35] === Venue Discovery Started ===
[01:13:35] Fetching past gigs...
[01:13:37] Found 70 past gigs
[01:13:37] Fetching existing venues for dedup...
[01:13:40] Existing venues: 4155
[01:13:40]   SKIP (already discovered): L'Auberge Chez Francois
[01:13:40]   SKIP (already discovered): The Inn at Perry Cabin
[01:13:40]   SKIP (already discovered): The Maryland Club
[01:13:40]   SKIP (already discovered): Black Ankle Vineyards
[01:13:40]   SKIP (already discovered): Royal Restaurant
[01:13:40]   SKIP (already discovered): Good Spirit Farm Winery
[01:13:40]   SKIP (already discovered): Chesapeake Manor Vineyard
[01:13:40]   SKIP (already discovered): Elkridge Furnace Inn
[01:13:40]   SKIP (already discovered): Xella Winery and Vineyard
[01:13:40]   SKIP (already discovered): Twin Oaks Tavern Winery
[01:13:40]   SKIP (already discovered): Windridge Vineyards
[01:13:40]   SKIP (already discovered): University Club
[01:13:40]   SKIP (already discovered): The Farmhouse Tuscan
[01:13:40]   SKIP (already discovered): Big Cork Vineyards
[01:13:40]   SKIP (already discovered): Savage Mill Mall
[01:13:40]   SKIP (already discovered): Trueman Vineyards
[01:13:40]   SKIP (already discovered): Williams Gap Vineyard
[01:13:40]   SKIP (already discovered): Hello Betty Bethesda
[01:13:40]   SKIP (already discovered): The Madison Hotel
[01:13:40]   SKIP (already discovered): Belle Haven Country Club
[01:13:40]   SKIP (already discovered): Casanel Vineyards & Winery
[01:13:40]   SKIP (already discovered): Chrysalis Vineyards at The Ag District
[01:13:40]   SKIP (already discovered): Corteau Winery
[01:13:40]   SKIP (already discovered): Penn Oaks Winery
[01:13:40]   SKIP (already discovered): Pizza Pomodoro
[01:13:40]   SKIP (already discovered): Hidden Brook Winery
[01:13:40]   SKIP (already discovered): Simple Theory Wine Co
[01:13:40]   SKIP (already discovered): Brightview Perry Hall
[01:13:40]   SKIP (already discovered): Lake Anne Coffee House & Wine Bar
[01:13:40]   SKIP (already discovered): Gaylord National Harbor
[01:13:40]   SKIP (already discovered): Woodberry Kitchen
[01:13:40]   SKIP (already discovered): Great Sage
[01:13:40]   SKIP (already discovered): Cosmos Club DC
[01:13:40]   SKIP (already discovered): Doukénie Winery
[01:13:40]   SKIP (already discovered): State Plaza Hotel DC
[01:13:40]   SKIP (already discovered): Hyatt Cambridge
[01:13:40]   SKIP (already discovered): Greenhill Vineyards
[01:13:40]   SKIP (already discovered): Loudoun Golf & Country Club
[01:13:40]   SKIP (already discovered): Creek's Edge Winery
[01:13:40]   SKIP (already discovered): The Milton Inn
[01:13:40]   SKIP (already discovered): Country Club of Fairfax
[01:13:40]   SKIP (already discovered): Century Club Hagerstown
[01:13:40]   SKIP (already discovered): Rock Spring Farm
[01:13:40]   SKIP (already discovered): Janemark Winery & Vineyard
[01:13:40]   SKIP (already discovered): Alma Cocina Latina
[01:13:40]   SKIP (already discovered): Omni Shoreham Hotel
[01:13:40]   SKIP (already discovered): Knoxie's Table
[01:13:40]   SKIP (already discovered): 1757 Golf Club
[01:13:40]   SKIP (already discovered): Holly Hills Country Club
[01:13:40]   SKIP (already discovered): Conrad Washington DC
[01:13:40]   SKIP (already discovered): Pirouette Restaurant & Wine Shop
[01:13:40]   SKIP (already discovered): Le Méridien Arlington
[01:13:40]   SKIP (already discovered): Dulles Town Center
[01:13:40]   SKIP (already discovered): Hidden Hills Farm and Vineyard
[01:13:40]   SKIP (already discovered): Maritime Museum St Michaels
[01:13:40]   SKIP (already discovered): Chartwell Golf & Country Club
[01:13:40]   SKIP (already discovered): Ruse
[01:13:40]   SKIP (already discovered): InGrano Bistro Bakery
[01:13:40]   SKIP (already discovered): Kent Manor Inn
[01:13:40]   SKIP (already discovered): Army Navy Country Club
[01:13:40]   SKIP (already discovered): River Bend Country Club
[01:13:40]   SKIP (already discovered): City Tavern DC
[01:13:40]   SKIP (already discovered): Baltimore Country Club
[01:13:40]   SKIP (already discovered): Vino and Pasta
[01:13:40]   SKIP (already discovered): 50 West Vineyards
[01:13:40]   SKIP (already discovered): The Galley Restaurant & Bar
[01:13:40]   SKIP (already discovered): Wylder Hotel Tilghman Island
[01:13:40]   SKIP (already discovered): Bistrot Lepic
[01:13:40]   SKIP (already discovered): Sunset Hills Winery
[01:13:40]   SKIP (already discovered): The Oaks Waterfront Hotel
[01:13:40] Cleaning up discovered_gigs.txt...
[01:13:44] 
[01:13:44] === Discovery Complete — Total new venues: 0 ===

[01:13:52] === Taste Discovery Mode Started ===
[01:13:52] MAX_QUERIES=25
[01:13:52] Fetching existing venues + past gigs for dedup...
[01:13:56] Existing venues + past gigs: 0
[01:13:56] Generating search queries from taste profile...
[01:13:56] Generated 214 queries (25 will run this session)
[01:13:56] 
[01:13:56] === Taste Query [1/25]: historic inn McLean VA ===
[01:14:01]   Scrolling search results...
[01:14:07]   Extracting results...
[01:14:07]   Found 38 results
[01:15:39]   Added 32 new venues from query
[01:15:39]   [WEBSITE] Looking up: Le Méridien Arlington
[01:15:42]     Website: https://www.marriott.com/en-us/hotels/wasrl-le-meridien-arlington/overview
[01:15:50]     Promoted to untouched (website verified)
[01:15:51]   [WEBSITE] Looking up: The Bethesdan Hotel, Tapestry Collection by Hilton
[01:15:54]     Website: https://www.hilton.com/en/hotels/wasbaup-the-bethesdan-hotel
[01:16:02]     Promoted to untouched (website verified)
[01:16:03]   [WEBSITE] Looking up: The Watermark Hotel
[01:16:06]     Website: https://www.thewatermarkhotel.com
[01:16:14]     Promoted to untouched (website verified)
[01:16:15]   [WEBSITE] Looking up: Governor House Inn
[01:16:19]     Website: https://www.governorhouseinn.com
[01:16:27]     Promoted to untouched (website verified)
[01:16:28]   [WEBSITE] Looking up: DoubleTree by Hilton McLean Tysons
[01:16:31]     Website: https://www.hilton.com/en/hotels/mcldtdt-doubletree-mclean-tysons
[01:16:40]     Promoted to untouched (website verified)
[01:16:41]   [WEBSITE] Looking up: Quality Inn Vienna - Tysons Corner
[01:16:45]     Website: https://www.qualityinntysonscorner.com
[01:17:05]     Website saved but promotion failed — remains needs_review
[01:17:06]   [WEBSITE] Looking up: Hilton Garden Inn Tysons Corner
[01:17:09]     Website: https://www.hilton.com/en/hotels/dcatcgi-hilton-garden-inn-tysons-corner
[01:17:17]     Promoted to untouched (website verified)
[01:17:18]   [WEBSITE] Looking up: Hyatt Regency Tysons Corner Center
[01:17:22]     Website: https://www.hyatt.com/hyatt-regency/en-US/iadrt-hyatt-regency-tysons-corner-center
[01:17:28]     Promoted to untouched (website verified)
[01:17:29]   [WEBSITE] Looking up: The Westin Tysons Corner
[01:17:32]     Website: https://www.marriott.com/en-us/hotels/wasns-the-westin-tysons-corner/overview
[01:17:39]     Promoted to untouched (website verified)
[01:17:40]   [WEBSITE] Looking up: Tysons Corner Marriott
[01:17:44]     Website: https://www.marriott.com/en-us/hotels/wastc-tysons-corner-marriott/overview
[01:17:52]     Promoted to untouched (website verified)
[01:17:53]   [WEBSITE] Looking up: Old Angler's Inn
[01:17:57]     Website: http://oldanglersinn.com
[01:18:03]     Promoted to untouched (website verified)
[01:18:04]   [WEBSITE] Looking up: Hilton Garden Inn Falls Church
[01:18:07]     Website: https://www.hilton.com/en/hotels/dcafcgi-hilton-garden-inn-falls-church
[01:18:15]     Promoted to untouched (website verified)
[01:18:16]   [WEBSITE] Looking up: Courtyard by Marriott Tysons McLean
[01:18:19]     Website: https://www.marriott.com/en-us/hotels/wastn-courtyard-tysons-mclean/overview
[01:18:26]     Promoted to untouched (website verified)
[01:18:27]   [WEBSITE] Looking up: Embassy Suites by Hilton Tysons Corner
[01:18:31]     Website: https://www.hilton.com/en/hotels/wastses-embassy-suites-tysons-corner
[01:18:39]     Promoted to untouched (website verified)
[01:18:40]   [WEBSITE] Looking up: Meeting House Boutique Hotel
[01:18:44]     Website: https://www.mh421.com
[01:18:50]     Promoted to untouched (website verified)
[01:18:51]   [WEBSITE] Looking up: Residence Inn by Marriott Tysons
[01:18:55]     Website: https://www.marriott.com/en-us/hotels/wasto-residence-inn-tysons/overview
[01:19:03]     Promoted to untouched (website verified)
[01:19:04]   [WEBSITE] Looking up: Inn at Evergreen
[01:19:07]     Website: https://innatevergreen.com
[01:19:15]     Promoted to untouched (website verified)
[01:19:16]   [WEBSITE] Looking up: Archer Hotel Falls Church
[01:19:20]     Website: https://archerhotel.com/falls-church
[01:19:28]     Promoted to untouched (website verified)
[01:19:29]   [WEBSITE] Looking up: Oakwood at NOUVELLE
[01:19:32]     Website: https://www.hotelplanner.com
[01:19:51]     Website saved but promotion failed — remains needs_review
[01:19:52]   [WEBSITE] Looking up: The Red Fox Inn & Tavern
[01:19:55]     Website: https://www.virginia.org
[01:20:24]     Website saved but promotion failed — remains needs_review
[01:20:25]   [WEBSITE] Looking up: Vienna Inn
[01:20:28]     Website: http://www.viennainn.com
[01:20:42]     Website saved but promotion failed — remains needs_review
[01:20:43]   [WEBSITE] Looking up: Budget Inn Falls Church
[01:20:46]     Website: https://www.budgetinnva.com
[01:20:55]     Promoted to untouched (website verified)
[01:20:56]   [WEBSITE] Looking up: Hampton Inn Dulles/Cascades
[01:20:59]     Website: https://www.hilton.com/en/hotels/wasslhx-hampton-dulles-cascades
[01:21:09]     Promoted to untouched (website verified)
[01:21:10]   [WEBSITE] Looking up: Danny Davis
[01:21:14]     Website: https://1.8K+
[01:21:25]     Promoted to untouched (website verified)
[01:21:26]   [WEBSITE] Looking up: The Gates of McLean
[01:21:29]     Website: http://www.gatesofmclean.com
[01:21:37]     Promoted to untouched (website verified)
[01:21:38]   [WEBSITE] Looking up: Linway Terrace Park
[01:21:41]     Website: https://gladiatortennis.com
[01:21:50]     Promoted to untouched (website verified)
[01:21:51]   [WEBSITE] Looking up: Fort Marcy
[01:21:54]     Website: https://www.fxva.com
[01:22:02]     Promoted to untouched (website verified)
[01:22:03]   [WEBSITE] Looking up: Holiday Inn Alexandria - Carlyle by IHG
[01:22:07]     Website: https://www.ihg.com/holidayinn/hotels/us/en/alexandria/axetd/hoteldetail
[01:22:15]     Promoted to untouched (website verified)
[01:22:16]   [WEBSITE] Looking up: Briar Patch Bed & Breakfast Inn
[01:22:19]     Website: https://www.briarpatchbandb.com
[01:22:48]     Website saved but promotion failed — remains needs_review
[01:22:49]   [WEBSITE] Looking up: Ovation at Park Crest
[01:22:53]     Website: https://www.ovationapts.com
[01:23:21]     Promoted to untouched (website verified)
[01:23:22]   [WEBSITE] Looking up: Sonesta Simply Suites Falls Church
[01:23:26]     Website: https://www.sonesta.com/sonesta-simply-suites/va/falls-church/sonesta-simply-suites-falls-church
[01:23:32]     Promoted to untouched (website verified)
[01:23:33]   [WEBSITE] Looking up: Motel
[01:23:37]     Website: https://www.baymotelvirginia.com
[01:23:43]     Promoted to untouched (website verified)
[01:23:52] 
[01:23:52] === Taste Query [2/25]: historic inn Alexandria VA ===
[01:23:58]   Scrolling search results...
[01:24:06]   Extracting results...
[01:24:06]   Found 30 results
[01:25:10]   Added 8 new venues from query
[01:25:10]   [WEBSITE] Looking up: Moon Inn Hotel
[01:25:13]     Website: https://moon-inn.hotels-of-alexandria.com
[01:25:22]     Promoted to untouched (website verified)
[01:25:23]   [WEBSITE] Looking up: Garden inn old town Alexandria
[01:25:26]     Website: https://www.hilton.com
[01:25:33]     Promoted to untouched (website verified)
[01:25:34]   [WEBSITE] Looking up: Club Wyndham Old Town Alexandria
[01:25:38]     Website: https://www.extraholidays.com/alexandria-virginia/wyndham-old-town-alexandria
[01:25:49]     Promoted to untouched (website verified)
[01:25:50]   [WEBSITE] Looking up: Courtyard by Marriott Alexandria Old Town/Southwest
[01:25:53]     Website: https://www.marriott.com/en-us/hotels/wasal-courtyard-alexandria-old-town-southwest/overview
[01:26:01]     Promoted to untouched (website verified)
[01:26:02]   [WEBSITE] Looking up: Fairfield by Marriott Inn & Suites Alexandria
[01:26:05]     Website: https://www.marriott.com
[01:26:13]     Promoted to untouched (website verified)
[01:26:14]   [WEBSITE] Looking up: Red Roof PLUS+ Washington, DC - Alexandria
[01:26:17]     Website: https://www.redroof.com/property/va/alexandria/RRI169
[01:26:24]     Promoted to untouched (website verified)
[01:26:25]   [WEBSITE] Looking up: Historic House Old Town Alexandria
[01:26:28]     Website: https://leefendallhouse.org
[01:26:37]     Promoted to untouched (website verified)
[01:26:38]   [WEBSITE] Looking up: Days Inn by Wyndham Alexandria South
[01:26:41]     Website: https://www.reservationdesk.com
[01:26:51]     Promoted to untouched (website verified)
[01:27:00] 
[01:27:00] === Taste Query [3/25]: historic inn Reston VA ===
[01:27:04]   Scrolling search results...
[01:27:11]   Extracting results...
[01:27:12]   Found 55 results
[01:30:14]   Added 51 new venues from query
[01:30:14]   [WEBSITE] Looking up: The Ritz-Carlton, Tysons Corner
[01:30:17]     Website: https://www.ritzcarlton.com/en/hotels/wasty-the-ritz-carlton-tysons-corner/overview
[01:30:25]     Promoted to untouched (website verified)
[01:30:26]   [WEBSITE] Looking up: Candlewood Suites Washington Dulles Sterling by IHG
[01:30:29]     Website: https://www.ihg.com/candlewood/hotels/us/en/sterling/wasva/hoteldetail
[01:30:36]     Promoted to untouched (website verified)
[01:30:37]   [WEBSITE] Looking up: Fairfield by Marriott Inn & Suites Herndon Reston
[01:30:41]     Website: https://www.marriott.com/en-us/hotels/iaddh-fairfield-inn-and-suites-herndon-reston/overview
[01:30:49]     Promoted to untouched (website verified)
[01:30:50]   [WEBSITE] Looking up: Hampton Inn & Suites Herndon-Reston
[01:30:53]     Website: https://www.hilton.com/en/hotels/washnhx-hampton-suites-herndon-reston
[01:31:00]     Promoted to untouched (website verified)
[01:31:01]   [WEBSITE] Looking up: Hyatt Regency Reston
[01:31:04]     Website: https://www.hyatt.com/hyatt-regency/en-US/resto-hyatt-regency-reston
[01:31:12]     Promoted to untouched (website verified)
[01:31:13]   [WEBSITE] Looking up: Comfort Inn Herndon-Reston
[01:31:16]     Website: https://www.comfortinnherndonreston.com
[01:31:24]     Promoted to untouched (website verified)
[01:31:25]   [WEBSITE] Looking up: The Westin Reston Heights
[01:31:28]     Website: https://www.marriott.com/en-us/hotels/wasow-the-westin-reston-heights/overview
[01:31:34]     Promoted to untouched (website verified)
[01:31:35]   [WEBSITE] Looking up: Hyatt House Herndon/Reston
[01:31:39]     Website: https://www.hyatt.com/hyatt-house/en-US/iadxh-hyatt-house-herndon-reston
[01:31:48]     Promoted to untouched (website verified)
[01:31:49]   [WEBSITE] Looking up: SpringHill Suites by Marriott Herndon Reston
[01:31:53]     Website: https://www.marriott.com/en-us/hotels/iadsh-springhill-suites-herndon-reston/overview
[01:32:00]     Promoted to untouched (website verified)
[01:32:01]   [WEBSITE] Looking up: Sheraton Reston Hotel
[01:32:05]     Website: https://www.marriott.com/en-us/hotels/wassr-sheraton-reston-hotel/overview
[01:32:12]     Promoted to untouched (website verified)
[01:32:13]   [WEBSITE] Looking up: Hyatt Regency Dulles
[01:32:16]     Website: https://www.hyatt.com/hyatt-regency/en-US/dulle-hyatt-regency-dulles
[01:32:24]     Promoted to untouched (website verified)
[01:32:26]   [WEBSITE] Looking up: JW Marriott Reston Station
[01:32:29]     Website: https://www.marriott.com/en-us/hotels/wasrj-jw-marriott-reston-station/overview
[01:32:36]     Promoted to untouched (website verified)
[01:32:37]   [WEBSITE] Looking up: Goodstone Inn & Restaurant
[01:32:40]     Website: http://www.goodstone.com
[01:32:49]     Promoted to untouched (website verified)
[01:32:50]   [WEBSITE] Looking up: Homewood Suites by Hilton Reston
[01:32:53]     Website: https://www.hilton.com/en/hotels/iadrnhw-homewood-suites-reston
[01:33:01]     Promoted to untouched (website verified)
[01:33:02]   [WEBSITE] Looking up: The Red Fox Inn & Tavern
[01:33:05]     Website: https://www.virginia.org
[01:33:12]     Promoted to untouched (website verified)
[01:33:13]   [WEBSITE] Looking up: Inn at Evergreen
[01:33:16]     Website: https://innatevergreen.com
[01:33:23]     Promoted to untouched (website verified)
[01:33:24]   [WEBSITE] Looking up: AC Hotel Reston
[01:33:28]     Website: https://www.marriott.com/en-us/hotels/wasoa-ac-hotel-reston/overview
[01:33:35]     Promoted to untouched (website verified)
[01:33:36]   [WEBSITE] Looking up: Manassas Junction Bed and Breakfast
[01:33:40]     Website: http://manassasjunction.com
[01:33:48]     Promoted to untouched (website verified)
[01:33:49]   [WEBSITE] Looking up: Briar Patch Bed & Breakfast Inn
[01:33:53]     Website: https://www.briarpatchbandb.com
[01:34:01]     Promoted to untouched (website verified)
[01:34:02]   [WEBSITE] Looking up: Hampton Inn Dulles/Cascades
[01:34:06]     Website: https://www.hilton.com/en/hotels/wasslhx-hampton-dulles-cascades
[01:34:13]     Promoted to untouched (website verified)
[01:34:14]   [WEBSITE] Looking up: Little River Inn
[01:34:17]     Website: http://www.aldie.com
[01:34:25]     Promoted to untouched (website verified)
[01:34:26]   [WEBSITE] Looking up: IHG Army Hotels Wainwright Hall - Historia
[01:34:29]     Website: https://www.ihg.com/armyhotels/hotels/us/en/fort-myer/mfmyb/hoteldetail
[01:34:37]     Promoted to untouched (website verified)
[01:34:38]   [WEBSITE] Looking up: Welbourne
[01:34:41]     Website: http://www.welbourneinn.com
[01:34:50]     Promoted to untouched (website verified)
[01:34:51]   [WEBSITE] Looking up: Best Western Dulles Airport Inn
[01:34:54]     Website: https://www.bestwestern.com/en_US/book/hotel-rooms.47134.html
[01:35:02]     Promoted to untouched (website verified)
[01:35:03]   [WEBSITE] Looking up: Hilton Fairfax
[01:35:06]     Website: https://www.hilton.com/en/hotels/iadfahh-hilton-fairfax
[01:35:15]     Promoted to untouched (website verified)
[01:35:17]   [WEBSITE] Looking up: Hyatt Place Herndon/Dulles Airport-East
[01:35:20]     Website: https://www.hyatt.com/hyatt-place/en-US/iadzh-hyatt-place-herndon-dulles-airport-east
[01:35:28]     Promoted to untouched (website verified)
[01:35:29]   [WEBSITE] Looking up: The Lake House
[01:35:32]     Website: https://www.herecomestheguide.com/wedding-venues/virginia/the-lake-house
[01:35:40]     Promoted to untouched (website verified)
[01:35:41]   [WEBSITE] Looking up: Governor House Inn
[01:35:44]     Website: https://www.governorhouseinn.com
[01:35:52]     Promoted to untouched (website verified)
[01:35:53]   [WEBSITE] Looking up: Fairfield by Marriott Inn & Suites at Dulles Airport
[01:35:57]     Website: https://www.marriott.com/en-us/hotels/iadfi-fairfield-inn-and-suites-at-dulles-airport/overview
[01:36:05]     Promoted to untouched (website verified)
[01:36:06]   [WEBSITE] Looking up: Courtyard by Marriott Dulles Airport Herndon/Reston
[01:36:09]     Website: https://www.marriott.com
[01:36:17]     Promoted to untouched (website verified)
[01:36:18]   [WEBSITE] Looking up: Hyatt House Sterling/Dulles Airport-North
[01:36:21]     Website: https://www.hyatt.com/hyatt-house/en-US/iadxd-hyatt-house-sterling-dulles-airport-north
[01:36:28]     Promoted to untouched (website verified)
[01:36:29]   [WEBSITE] Looking up: The Ashby Inn & Restaurant
[01:36:33]     Website: https://www.ashbyinn.com
[01:36:57]     Website saved but promotion failed — remains needs_review
[01:36:58]   [WEBSITE] Looking up: Archer Hotel Falls Church
[01:37:01]     Website: https://archerhotel.com/falls-church
[01:37:22]     Website saved but promotion failed — remains needs_review
[01:37:23]   [WEBSITE] Looking up: The Inn At Vint Hill
[01:37:26]     Website: https://theinnatvinthill.com
[01:37:34]     Promoted to untouched (website verified)
[01:37:35]   [WEBSITE] Looking up: Sonesta ES Suites Dulles Airport
[01:37:38]     Website: https://www.sonesta.com/sonesta-es-suites/va/herndon/sonesta-es-suites-dulles-airport
[01:37:49]     Promoted to untouched (website verified)
[01:37:50]   [WEBSITE] Looking up: Best Western Fairfax
[01:37:54]     Website: https://www.bestwestern.com/en_US/book/hotel-rooms.47109.html
[01:38:01]     Promoted to untouched (website verified)
[01:38:02]   [WEBSITE] Looking up: The Watermark Hotel
[01:38:05]     Website: https://www.thewatermarkhotel.com
[01:38:29]     Promoted to untouched (website verified)
[01:38:30]   [WEBSITE] Looking up: Holiday Inn Washington-Dulles Intl Airport by IHG
[01:38:33]     Website: https://www.ihg.com/holidayinn/hotels/us/en/dulles/wasda/hoteldetail
[01:38:41]     Promoted to untouched (website verified)
[01:38:42]   [WEBSITE] Looking up: Hilton Garden Inn Fairfax
[01:38:46]     Website: https://www.hilton.com/en/hotels/iadfhgi-hilton-garden-inn-fairfax
[01:38:54]     Promoted to untouched (website verified)
[01:38:55]   [WEBSITE] Looking up: Homewood Suites by Hilton Dulles Int'l Airport
[01:38:58]     Website: https://www.hilton.com/en/hotels/wasdlhw-homewood-suites-dulles-intl-airport
[01:39:09]     Promoted to untouched (website verified)
[01:39:10]   [WEBSITE] Looking up: Market Street Hotel Entry
[01:39:13]     Website: https://www.hotel24south.com
[01:39:24]     Promoted to untouched (website verified)
[01:39:25]   [WEBSITE] Looking up: Hampton Inn & Suites Washington-Dulles International Airport
[01:39:28]     Website: https://www.hilton.com/en/hotels/wasduhx-hampton-suites-washington-dulles-international-airport
[01:39:37]     Promoted to untouched (website verified)
[01:39:38]   [WEBSITE] Looking up: Comfort Inn University Center
[01:39:42]     Website: https://campustravel.com
[01:39:49]     Promoted to untouched (website verified)
[01:39:50]   [WEBSITE] Looking up: Old Angler's Inn
[01:39:53]     Website: http://oldanglersinn.com
[01:40:03]     Promoted to untouched (website verified)
[01:40:04]   [WEBSITE] Looking up: Courtyard by Marriott Dulles Airport Herndon
[01:40:07]     Website: https://www.marriott.com
[01:40:15]     Promoted to untouched (website verified)
[01:40:16]   [WEBSITE] Looking up: Hilton Garden Inn Dulles North
[01:40:20]     Website: https://www.hilton.com/en/hotels/iaddngi-hilton-garden-inn-dulles-north
[01:40:28]     Promoted to untouched (website verified)
[01:40:29]   [WEBSITE] Looking up: Reston Town Center
[01:40:32]     Website: http://www.restontowncenter.com
[01:40:40]     Promoted to untouched (website verified)
[01:40:41]   [WEBSITE] Looking up: Best Western Battlefield Inn-Manassas
[01:40:44]     Website: https://www.bestwestern.com/en_US/book/hotel-rooms.47101.html
[01:40:52]     Promoted to untouched (website verified)
[01:40:53]   [WEBSITE] Looking up: Comfort Inn & Suites Airport Dulles-Gateway
[01:40:56]     Website: https://comfort-inn-suites-dulles-sterling.bookstaygo.com
[01:41:06]     Promoted to untouched (website verified)
[01:41:07]   [WEBSITE] Looking up: Holiday Inn Express Fairfax - Arlington Boulevard, an IHG Hotel
[01:41:11]     Website: https://www.ihg.com/holidayinnexpress/hotels/us/en/fairfax/fairx/hoteldetail
[01:41:19]     Promoted to untouched (website verified)
[01:41:20]   [WEBSITE] Looking up: Black Horse Manor and Inn
[01:41:23]     Website: https://www.themanorsva.com/black-horse-manor
[01:41:32]     Promoted to untouched (website verified)
[01:41:40] 
[01:41:40] === Taste Query [4/25]: historic inn Middleburg VA ===
[01:41:47]   Scrolling search results...
[01:41:55]   Extracting results...
[01:41:55]   Found 6 results
[01:42:11]   Added 3 new venues from query
[01:42:11]   [WEBSITE] Looking up: Briar Patch Bed & Breakfast Inn
[01:42:14]     Website: https://www.briarpatchbandb.com
[01:42:21]     Promoted to untouched (website verified)
[01:42:22]   [WEBSITE] Looking up: Welbourne
[01:42:25]     Website: http://www.welbourneinn.com
[01:42:33]     Promoted to untouched (website verified)
[01:42:34]   [WEBSITE] Looking up: The Boyd Bed & Breakfast
[01:42:37]     Website: https://theboyd1780.com
[01:42:58]     Promoted to untouched (website verified)
[01:43:07] 
[01:43:07] === Taste Query [5/25]: historic inn Leesburg VA ===
[01:43:14]   Scrolling search results...
[01:43:20]   Extracting results...
[01:43:20]   Found 14 results
[01:44:15]   Added 10 new venues from query
[01:44:15]   [WEBSITE] Looking up: Washington Dulles Airport Marriott
[01:44:18]     Website: https://www.marriott.com/en-us/hotels/iadap-washington-dulles-airport-marriott/overview
[01:44:27]     Promoted to untouched (website verified)
[01:44:28]   [WEBSITE] Looking up: The Leesburg Colonial Inn
[01:44:31]     Website: http://www.theleesburgcolonialinn.com
[01:44:39]     Promoted to untouched (website verified)
[01:44:40]   [WEBSITE] Looking up: Stone Gables Bed & Breakfast
[01:44:44]     Website: https://stonegables-bb.com
[01:44:53]     Promoted to untouched (website verified)
[01:44:54]   [WEBSITE] Looking up: Best Western Leesburg Hotel & Conference Center
[01:44:57]     Website: https://www.bestwestern.com/en_US/book/hotel-rooms.47076.html
[01:45:05]     Promoted to untouched (website verified)
[01:45:06]   [WEBSITE] Looking up: Stone Manor Boutique Inn
[01:45:09]     Website: http://www.virginiabandb.net
[01:45:19]     Promoted to untouched (website verified)
[01:45:20]   [WEBSITE] Looking up: Hampton Inn & Suites Leesburg
[01:45:24]     Website: https://www.hilton.com/en/hotels/waslbhx-hampton-suites-leesburg
[01:45:37]     Promoted to untouched (website verified)
[01:45:38]   [WEBSITE] Looking up: Leesburg Historic District
[01:45:42]     Website: https://downtownleesburgva.org
[01:46:02]     Website saved but promotion failed — remains needs_review
[01:46:03]   [WEBSITE] Looking up: Hidden View Bed & Breakfast
[01:46:06]     Website: https://www.hiddenviewbnb.com
[01:46:30]     Website saved but promotion failed — remains needs_review
[01:46:31]   [WEBSITE] Looking up: Red Roof Inn Leesburg, VA
[01:46:35]     Website: https://www.redroof.com/property/va/leesburg/RRI637
[01:46:55]     Website saved but promotion failed — remains needs_review
[01:46:56]   [WEBSITE] Looking up: Home2 Suites by Hilton Leesburg
[01:46:59]     Website: https://www.hilton.com/en/hotels/iadleht-home2-suites-leesburg
[01:47:16]     Promoted to untouched (website verified)
[01:47:23] 
[01:47:23] === Taste Query [6/25]: historic inn St. Michaels MD ===
[01:47:32]   Scrolling search results...
[01:47:38]   Extracting results...
[01:47:38]   Found 7 results
[01:48:47]   Added 5 new venues from query
[01:48:47]   [WEBSITE] Looking up: $170
[01:48:50]     Website: https://www.waze.com
[01:49:10]     Website saved but promotion failed — remains needs_review
[01:49:11]   [WEBSITE] Looking up: $309
[01:49:15]     Website: https://govt.westlaw.com
[01:49:35]     Website saved but promotion failed — remains needs_review
[01:49:36]   [WEBSITE] Looking up: $235
[01:49:39]     Website: https://www.baltimoresun.com
[01:50:00]     Website saved but promotion failed — remains needs_review
[01:50:01]   [WEBSITE] Looking up: $292
[01:50:04]     Website: https://www.dcnewsnow.com
[01:50:25]     Website saved but promotion failed — remains needs_review
[01:50:26]   [WEBSITE] Looking up: $463
[01:50:30]     Website: https://govt.westlaw.com
[01:50:44]     Website saved but promotion failed — remains needs_review
[01:50:52] 
[01:50:52] === Taste Query [7/25]: historic inn Easton MD ===
[01:51:00]   Scrolling search results...
[01:51:08]   Extracting results...
[01:51:09]   Found 6 results
[01:51:23]   Added 1 new venues from query
[01:51:23]   [WEBSITE] Looking up: Gateway Inn
[01:51:26]     Website: https://ngis.dodlodging.net
[01:51:35]     Promoted to untouched (website verified)
[01:51:43] 
[01:51:43] === Taste Query [8/25]: historic inn Annapolis MD ===
[01:51:52]   Scrolling search results...
[01:52:00]   Extracting results...
[01:52:00]   Found 3 results
[01:52:07]   Added 0 new venues from query
[01:52:15] 
[01:52:15] === Taste Query [9/25]: historic inn Roland Park Baltimore MD ===
[01:52:22]   Scrolling search results...
[01:52:28]   Extracting results...
[01:52:29]   Found 7 results
[01:52:47]   Added 7 new venues from query
[01:52:47]   [WEBSITE] Looking up: The William Fell Baltimore, Tapestry Collection by Hilton
[01:52:50]     Website: https://www.hilton.com/en/hotels/zbpafup-the-william-fell-baltimore
[01:52:57]     Promoted to untouched (website verified)
[01:52:58]   [WEBSITE] Looking up: Hotel Indigo Baltimore Downtown by IHG
[01:53:02]     Website: https://www.ihg.com/hotelindigo/hotels/us/en/baltimore/balhn/hoteldetail
[01:53:10]     Promoted to untouched (website verified)
[01:53:11]   [WEBSITE] Looking up: guesthouse by good neighbor
[01:53:15]     Website: http://www.goodneighborguesthouse.com
[01:53:22]     Promoted to untouched (website verified)
[01:53:23]   [WEBSITE] Looking up: Inn at The Colonnade Baltimore - a DoubleTree by Hilton Hotel
[01:53:26]     Website: https://www.hilton.com/en/hotels/bwicudt-inn-at-the-colonnade-baltimore
[01:53:34]     Promoted to untouched (website verified)
[01:53:35]   [WEBSITE] Looking up: The Mt. Vernon Inn
[01:53:39]     Website: https://www.midtowninnbaltimore.top
[01:53:47]     Promoted to untouched (website verified)
[01:53:48]   [WEBSITE] Looking up: 1840s Carrollton Inn
[01:53:51]     Website: https://www.1840splaza.com
[01:53:59]     Promoted to untouched (website verified)
[01:54:00]   [WEBSITE] Looking up: Wilson House Bed & Breakfast
[01:54:04]     Website: http://www.wilson-house.net
[01:54:11]     Promoted to untouched (website verified)
[01:54:20] 
[01:54:20] === Taste Query [10/25]: museum event space Georgetown DC ===
[01:54:29]   Scrolling search results...
[01:54:35]   Extracting results...
[01:54:35]   Found 7 results
[01:54:54]   Added 6 new venues from query
[01:54:54]   [WEBSITE] Looking up: O Museum in The Mansion
[01:54:58]     Website: https://www.omuseum.org
[01:55:06]     Promoted to untouched (website verified)
[01:55:07]   [WEBSITE] Looking up: Larz Anderson House
[01:55:10]     Website: https://www.societyofthecincinnati.org
[01:55:19]     Promoted to untouched (website verified)
[01:55:20]   [WEBSITE] Looking up: The Museum at Dumbarton Oaks
[01:55:23]     Website: https://www.doaks.org/visit/plan
[01:55:31]     Promoted to untouched (website verified)
[01:55:32]   [WEBSITE] Looking up: The Whittemore House
[01:55:35]     Website: http://thewhittemorehouse.com
[01:55:44]     Promoted to untouched (website verified)
[01:55:45]   [WEBSITE] Looking up: Heurich House Museum
[01:55:48]     Website: http://heurichhouse.org
[01:55:56]     Promoted to untouched (website verified)
[01:55:57]   [WEBSITE] Looking up: Culture House DC
[01:56:00]     Website: http://www.culturehousedc.org
[01:56:08]     Promoted to untouched (website verified)
[01:56:17] 
[01:56:17] === Taste Query [11/25]: museum event space Dupont Circle DC ===
[01:56:26]   Scrolling search results...
[01:56:34]   Extracting results...
[01:56:34]   Found 7 results
[01:56:55]   Added 6 new venues from query
[01:56:55]   [WEBSITE] Looking up: O Museum in The Mansion
[01:56:59]     Website: https://www.omuseum.org
[01:57:08]     Promoted to untouched (website verified)
[01:57:09]   [WEBSITE] Looking up: Larz Anderson House
[01:57:13]     Website: https://www.societyofthecincinnati.org
[01:57:21]     Promoted to untouched (website verified)
[01:57:22]   [WEBSITE] Looking up: The Phillips Collection
[01:57:26]     Website: https://www.phillipscollection.org
[01:57:33]     Promoted to untouched (website verified)
[01:57:34]   [WEBSITE] Looking up: Arts Club of Washington
[01:57:38]     Website: http://artsclubofwashington.org
[01:57:44]     Promoted to untouched (website verified)
[01:57:45]   [WEBSITE] Looking up: National Museum of Women in the Arts
[01:57:48]     Website: https://nmwa.org
[01:58:01]     Promoted to untouched (website verified)
[01:58:02]   [WEBSITE] Looking up: National Building Museum
[01:58:05]     Website: https://www.nbm.org
[01:58:19]     Promoted to untouched (website verified)
[01:58:28] 
[01:58:28] === Taste Query [12/25]: museum event space Potomac MD ===
[01:58:35]   Scrolling search results...
[01:58:43]   Extracting results...
[01:58:43]   Found 7 results
[01:59:51]   Added 3 new venues from query
[01:59:51]   [WEBSITE] Looking up: The Mansion at Strathmore
[01:59:54]     Website: http://www.strathmore.org
[02:00:15]     Website saved but promotion failed — remains needs_review
[02:00:16]   [WEBSITE] Looking up: Sandy Spring Museum
[02:00:19]     Website: http://www.sandyspringmuseum.org
[02:00:29]     Promoted to untouched (website verified)
[02:00:30]   [WEBSITE] Looking up: Rockville Civic Center
[02:00:33]     Website: https://www.cvent.com
[02:00:41]     Promoted to untouched (website verified)
[02:00:50] 
[02:00:50] === Taste Query [13/25]: museum event space Bethesda MD ===
[02:00:58]   Scrolling search results...
[02:01:05]   Extracting results...
[02:01:05]   Found 7 results
[02:01:20]   Added 5 new venues from query
[02:01:20]   [WEBSITE] Looking up: KID Museum Bethesda Metro Center
[02:01:23]     Website: http://www.kid-museum.org
[02:01:30]     Promoted to untouched (website verified)
[02:01:31]   [WEBSITE] Looking up: The Mansion at Strathmore
[02:01:35]     Website: http://www.strathmore.org
[02:01:43]     Promoted to untouched (website verified)
[02:01:44]   [WEBSITE] Looking up: The Little Towns Children's Museum
[02:01:47]     Website: http://www.thelittletowns.com
[02:01:55]     Promoted to untouched (website verified)
[02:01:56]   [WEBSITE] Looking up: District DabbleLab
[02:02:00]     Website: https://www.districtdabblelab.com
[02:02:08]     Promoted to untouched (website verified)
[02:02:09]   [WEBSITE] Looking up: Josiah Henson Museum & Park
[02:02:13]     Website: https://www.montgomeryparks.org/parks-and-trails/josiah-henson-park
[02:02:22]     Promoted to untouched (website verified)
[02:02:31] 
[02:02:31] === Taste Query [14/25]: museum event space Chevy Chase MD ===
[02:02:39]   Scrolling search results...
[02:02:47]   Extracting results...
[02:02:47]   Found 9 results
[02:03:07]   Added 6 new venues from query
[02:03:07]   [WEBSITE] Looking up: KID Museum Bethesda Metro Center
[02:03:11]     Website: http://www.kid-museum.org
[02:03:20]     Promoted to untouched (website verified)
[02:03:21]   [WEBSITE] Looking up: The Little Towns Children's Museum
[02:03:25]     Website: http://www.thelittletowns.com
[02:03:33]     Promoted to untouched (website verified)
[02:03:34]   [WEBSITE] Looking up: Smithsonian Arts + Industries Building
[02:03:38]     Website: https://www.smithgroup.com
[02:03:46]     Promoted to untouched (website verified)
[02:03:47]   [WEBSITE] Looking up: Sandy Spring Museum
[02:03:51]     Website: http://www.sandyspringmuseum.org
[02:04:03]     Promoted to untouched (website verified)
[02:04:04]   [WEBSITE] Looking up: National Museum of Health and Medicine
[02:04:08]     Website: https://www.battlefields.org
[02:04:19]     Promoted to untouched (website verified)
[02:04:20]   [WEBSITE] Looking up: American University Museum at the Katzen Arts Center
[02:04:24]     Website: https://4.5K+
[02:04:32]     Promoted to untouched (website verified)
[02:04:39] 
[02:04:39] === Taste Query [15/25]: museum event space Great Falls VA ===
[02:04:47]   Scrolling search results...
[02:04:56]   Extracting results...
[02:04:56]   Found 7 results
[02:05:22]   Added 6 new venues from query
[02:05:22]   [WEBSITE] Looking up: Great Falls Grange
[02:05:25]     Website: http://www.gfgrange.org
[02:05:36]     Promoted to untouched (website verified)
[02:05:37]   [WEBSITE] Looking up: Observatory Park
[02:05:41]     Website: https://darksky.org
[02:05:48]     Promoted to untouched (website verified)
[02:05:49]   [WEBSITE] Looking up: Atrium at Meadowlark Botanical Gardens
[02:05:53]     Website: https://www.novaparks.com/weddings-catering/the-atrium-at-meadowlark
[02:06:00]     Promoted to untouched (website verified)
[02:06:01]   [WEBSITE] Looking up: Reston Museum
[02:06:04]     Website: http://www.restonmuseum.org
[02:06:13]     Promoted to untouched (website verified)
[02:06:14]   [WEBSITE] Looking up: Steven F. Udvar-Hazy Center
[02:06:17]     Website: https://www.fxva.com
[02:06:26]     Promoted to untouched (website verified)
[02:06:27]   [WEBSITE] Looking up: Great Falls Visitor Center
[02:06:31]     Website: https://npplan.com
[02:06:39]     Promoted to untouched (website verified)
[02:06:47] 
[02:06:47] === Taste Query [16/25]: museum event space McLean VA ===
[02:06:55]   Scrolling search results...
[02:07:03]   Extracting results...
[02:07:03]   Found 7 results
[02:07:20]   Added 5 new venues from query
[02:07:20]   [WEBSITE] Looking up: Atrium at Meadowlark Botanical Gardens
[02:07:23]     Website: https://www.novaparks.com/weddings-catering/the-atrium-at-meadowlark
[02:07:30]     Promoted to untouched (website verified)
[02:07:31]   [WEBSITE] Looking up: Historic Pleasant Grove
[02:07:34]     Website: https://www.historicpleasantgrove.org
[02:07:42]     Promoted to untouched (website verified)
[02:07:43]   [WEBSITE] Looking up: Museum of Contemporary Art Arlington
[02:07:46]     Website: https://mocaarlington.org
[02:07:54]     Promoted to untouched (website verified)
[02:07:55]   [WEBSITE] Looking up: McLean Community Center
[02:07:58]     Website: http://www.mcleancenter.org
[02:08:08]     Promoted to untouched (website verified)
[02:08:09]   [WEBSITE] Looking up: Mc Lean Old Fire House Center
[02:08:12]     Website: https://mcleancenter.org/about/visit/old-firehouse-center
[02:08:22]     Promoted to untouched (website verified)
[02:08:31] 
[02:08:31] === Taste Query [17/25]: museum event space Alexandria VA ===
[02:08:40]   Scrolling search results...
[02:08:46]   Extracting results...
[02:08:46]   Found 7 results
[02:09:05]   Added 5 new venues from query
[02:09:05]   [WEBSITE] Looking up: Athenaeum
[02:09:08]     Website: http://nvfaa.org
[02:09:16]     Promoted to untouched (website verified)
[02:09:17]   [WEBSITE] Looking up: Alexandria History Museum at the Lyceum
[02:09:20]     Website: https://www.virginia.org
[02:09:28]     Promoted to untouched (website verified)
[02:09:29]   [WEBSITE] Looking up: Gadsby's Tavern Museum
[02:09:33]     Website: https://www.gadsbystavernmuseum.us
[02:09:41]     Promoted to untouched (website verified)
[02:09:42]   [WEBSITE] Looking up: The Garden Alexandria
[02:09:46]     Website: http://thegarden.net
[02:09:54]     Promoted to untouched (website verified)
[02:09:55]   [WEBSITE] Looking up: Above ALX Community
[02:09:59]     Website: https://alxcommunity.com/event-space-alexandria
[02:10:06]     Promoted to untouched (website verified)
[02:10:15] 
[02:10:15] === Taste Query [18/25]: museum event space Reston VA ===
[02:10:23]   Scrolling search results...
[02:10:31]   Extracting results...
[02:10:31]   Found 7 results
[02:10:48]   Added 5 new venues from query
[02:10:48]   [WEBSITE] Looking up: Reston Museum
[02:10:51]     Website: http://www.restonmuseum.org
[02:11:02]     Promoted to untouched (website verified)
[02:11:03]   [WEBSITE] Looking up: Reston Community Center Lake Anne
[02:11:06]     Website: http://www.restoncommunitycenter.com
[02:11:14]     Promoted to untouched (website verified)
[02:11:15]   [WEBSITE] Looking up: Arts Herndon
[02:11:18]     Website: http://www.artsherndon.org
[02:11:26]     Promoted to untouched (website verified)
[02:11:27]   [WEBSITE] Looking up: Atrium at Meadowlark Botanical Gardens
[02:11:31]     Website: https://www.novaparks.com/weddings-catering/the-atrium-at-meadowlark
[02:11:39]     Promoted to untouched (website verified)
[02:11:40]   [WEBSITE] Looking up: Civil War Interpretive Center at Historic Blenheim
[02:11:43]     Website: https://www.fxva.com
[02:11:52]     Promoted to untouched (website verified)
[02:11:59] 
[02:11:59] === Taste Query [19/25]: museum event space Middleburg VA ===
[02:12:08]   Scrolling search results...
[02:12:16]   Extracting results...
[02:12:16]   Found 9 results
[02:12:43]   Added 9 new venues from query
[02:12:43]   [WEBSITE] Looking up: Middleburg Museum
[02:12:46]     Website: https://middleburgmuseum.org
[02:12:54]     Promoted to untouched (website verified)
[02:12:55]   [WEBSITE] Looking up: Byrne Gallery
[02:12:59]     Website: http://www.byrnegallery.com
[02:13:06]     Promoted to untouched (website verified)
[02:13:07]   [WEBSITE] Looking up: Aldie Mill Historic Park
[02:13:11]     Website: https://www.novaparks.com/parks/aldie-mill-historic-park
[02:13:18]     Promoted to untouched (website verified)
[02:13:19]   [WEBSITE] Looking up: National Sporting Library & Museum
[02:13:22]     Website: http://www.nationalsporting.org
[02:13:29]     Promoted to untouched (website verified)
[02:13:30]   [WEBSITE] Looking up: Middleburg Manor
[02:13:34]     Website: https://www.middleburgmanor.com
[02:13:42]     Promoted to untouched (website verified)
[02:13:43]   [WEBSITE] Looking up: Middleburg Community Center
[02:13:46]     Website: https://www.middleburgcenter.org
[02:13:56]     Promoted to untouched (website verified)
[02:13:57]   [WEBSITE] Looking up: Museum of Hounds & Hunting North America
[02:14:01]     Website: http://mhhna.org
[02:14:07]     Promoted to untouched (website verified)
[02:14:08]   [WEBSITE] Looking up: Fox Chase Farm LLC
[02:14:12]     Website: https://themiddleburgbarn.com
[02:14:20]     Promoted to untouched (website verified)
[02:14:21]   [WEBSITE] Looking up: The Artists in Middleburg
[02:14:25]     Website: http://www.theartistsinmiddleburg.org
[02:14:32]     Promoted to untouched (website verified)
[02:14:39] 
[02:14:39] === Taste Query [20/25]: museum event space Leesburg VA ===
[02:14:46]   Scrolling search results...
[02:14:54]   Extracting results...
[02:14:54]   Found 7 results
[02:15:16]   Added 6 new venues from query
[02:15:16]   [WEBSITE] Looking up: Wonder Childhood Discovery
[02:15:19]     Website: https://wonderleesburg.com
[02:15:27]     Promoted to untouched (website verified)
[02:15:28]   [WEBSITE] Looking up: Loudoun Museum
[02:15:31]     Website: http://www.loudounmuseum.org
[02:15:40]     Promoted to untouched (website verified)
[02:15:41]   [WEBSITE] Looking up: Morven Park Grounds
[02:15:44]     Website: http://www.morvenpark.org
[02:15:52]     Promoted to untouched (website verified)
[02:15:53]   [WEBSITE] Looking up: The Davis Mansion at Morven Park
[02:15:56]     Website: https://www.morvenpark.org
[02:16:21]     Website saved but promotion failed — remains needs_review
[02:16:22]   [WEBSITE] Looking up: Leesburg Junction
[02:16:26]     Website: https://www.leesburgjunction.com
[02:16:35]     Promoted to untouched (website verified)
[02:16:36]   [WEBSITE] Looking up: Morven Park Mansion & Museum
[02:16:39]     Website: https://www.morvenpark.org/mansion/visit/mansion-museums/mansion.html
[02:16:47]     Promoted to untouched (website verified)
[02:16:54] 
[02:16:54] === Taste Query [21/25]: museum event space St. Michaels MD ===
[02:17:01]   Scrolling search results...
[02:17:07]   Extracting results...
[02:17:07]   Found 7 results
[02:17:28]   Added 6 new venues from query
[02:17:28]   [WEBSITE] Looking up: Van Lennep Auditorium
[02:17:31]     Website: https://cbmm.org
[02:17:38]     Promoted to untouched (website verified)
[02:17:39]   [WEBSITE] Looking up: Classic Motor Museum of St. Michaels
[02:17:42]     Website: http://www.classicmotormuseum.org
[02:17:50]     Promoted to untouched (website verified)
[02:17:51]   [WEBSITE] Looking up: Small Boat Shed
[02:17:54]     Website: http://cbmm.org
[02:18:02]     Promoted to untouched (website verified)
[02:18:03]   [WEBSITE] Looking up: Patriot Cruises
[02:18:07]     Website: https://cbmm.org/patriot-cruises
[02:18:16]     Promoted to untouched (website verified)
[02:18:17]   [WEBSITE] Looking up: St Michaels Museum
[02:18:20]     Website: https://www.stmichaelsmuseum.org
[02:18:27]     Promoted to untouched (website verified)
[02:18:28]   [WEBSITE] Looking up: At Play on the Bay Exhibition, CBMM
[02:18:32]     Website: https://cbmm.org
[02:18:40]     Promoted to untouched (website verified)
[02:18:49] 
[02:18:49] === Taste Query [22/25]: museum event space Easton MD ===
[02:18:55]   Scrolling search results...
[02:19:02]   Extracting results...
[02:19:02]   Found 7 results
[02:19:22]   Added 4 new venues from query
[02:19:22]   [WEBSITE] Looking up: Avalon Foundation Inc
[02:19:25]     Website: https://www.avalonfoundation.org
[02:19:32]     Promoted to untouched (website verified)
[02:19:33]   [WEBSITE] Looking up: The Prager Auditorium
[02:19:36]     Website: https://www.pragerarts.com
[02:19:44]     Promoted to untouched (website verified)
[02:19:45]   [WEBSITE] Looking up: Be With Me
[02:19:49]     Website: https://www.playseum.com
[02:19:56]     Promoted to untouched (website verified)
[02:19:57]   [WEBSITE] Looking up: Chesapeake Bay Maritime Museum
[02:20:00]     Website: https://www.cbmm.org
[02:20:08]     Promoted to untouched (website verified)
[02:20:16] 
[02:20:16] === Taste Query [23/25]: museum event space Annapolis MD ===
[02:20:25]   Scrolling search results...
[02:20:32]   Extracting results...
[02:20:32]   Found 2 results
[02:20:41]   Added 1 new venues from query
[02:20:41]   [WEBSITE] Looking up: Annapolis Maritime Museum - Park Campus
[02:20:44]     Website: https://amaritime.org
[02:20:58]     Promoted to untouched (website verified)
[02:21:04] 
[02:21:04] === Taste Query [24/25]: museum event space Roland Park Baltimore MD ===
[02:21:11]   Scrolling search results...
[02:21:18]   Extracting results...
[02:21:18]   Found 7 results
[02:21:40]   Added 6 new venues from query
[02:21:40]   [WEBSITE] Looking up: Evergreen Museum & Library
[02:21:44]     Website: https://2.9K+
[02:21:50]     Promoted to untouched (website verified)
[02:21:51]   [WEBSITE] Looking up: Mansion House
[02:21:54]     Website: https://www.marylandzoo.org/groups-and-parties/venues/mansion-house
[02:22:07]     Promoted to untouched (website verified)
[02:22:08]   [WEBSITE] Looking up: Maryland Science Center
[02:22:11]     Website: http://www.mdsci.org
[02:22:18]     Promoted to untouched (website verified)
[02:22:19]   [WEBSITE] Looking up: Roland Water Tower
[02:22:22]     Website: http://rolandwatertower.org
[02:22:30]     Promoted to untouched (website verified)
[02:22:31]   [WEBSITE] Looking up: Baltimore Museum of Industry
[02:22:34]     Website: http://www.thebmi.org
[02:22:54]     Website saved but promotion failed — remains needs_review
[02:22:55]   [WEBSITE] Looking up: Baltimore Museum of Art
[02:22:59]     Website: https://artbma.org
[02:23:05]     Promoted to untouched (website verified)
[02:23:14] 
[02:23:14] === Taste Query [25/25]: art gallery Georgetown DC ===
[02:23:22]   Scrolling search results...
[02:23:28]   Extracting results...
[02:23:28]   Found 7 results
[02:23:47]   Added 6 new venues from query
[02:23:47]   [WEBSITE] Looking up: Addison/Ripley Fine Art
[02:23:51]     Website: http://www.addisonripleyfineart.com
[02:23:58]     Promoted to untouched (website verified)
[02:23:59]   [WEBSITE] Looking up: SPILT Art Gallery
[02:24:03]     Website: https://www.spiltdc.com
[02:24:10]     Promoted to untouched (website verified)
[02:24:11]   [WEBSITE] Looking up: Calloway Fine Art & Consulting
[02:24:15]     Website: https://www.callowayart.com
[02:24:24]     Promoted to untouched (website verified)
[02:24:25]   [WEBSITE] Looking up: Washington Printmakers Gallery
[02:24:28]     Website: http://www.washingtonprintmakers.com
[02:24:36]     Promoted to untouched (website verified)
[02:24:37]   [WEBSITE] Looking up: Georgetown University Art Galleries
[02:24:40]     Website: https://guartgalleries.org
[02:24:49]     Promoted to untouched (website verified)
[02:24:50]   [WEBSITE] Looking up: Maria & Alberto De La Cruz Art Gallery
[02:24:53]     Website: http://delacruzgallery.org
[02:25:01]     Promoted to untouched (website verified)
[02:25:07]   MAX_QUERIES=25 reached — stopping.
[02:25:07] Calculating distances for new venues...
[02:27:00]   Distances calculated: 5
[02:27:00] 
[02:27:00] === Taste Discovery Complete ===
[02:27:00]   Queries run: 25
[02:27:00]   Venues added: 202
[02:27:00]   Queries remaining: 189

[00:11:13] === Venue Discovery Started ===
[00:11:13] Fetching past gigs...
[00:11:16] Found 70 past gigs
[00:11:16] Fetching existing venues for dedup...
[00:11:19] Existing venues: 4361
[00:11:19]   SKIP (already discovered): L'Auberge Chez Francois
[00:11:19]   SKIP (already discovered): The Inn at Perry Cabin
[00:11:19]   SKIP (already discovered): The Maryland Club
[00:11:19]   SKIP (already discovered): Black Ankle Vineyards
[00:11:19]   SKIP (already discovered): Royal Restaurant
[00:11:19]   SKIP (already discovered): Good Spirit Farm Winery
[00:11:19]   SKIP (already discovered): Chesapeake Manor Vineyard
[00:11:19]   SKIP (already discovered): Elkridge Furnace Inn
[00:11:19]   SKIP (already discovered): Xella Winery and Vineyard
[00:11:19]   SKIP (already discovered): Twin Oaks Tavern Winery
[00:11:19]   SKIP (already discovered): Windridge Vineyards
[00:11:19]   SKIP (already discovered): University Club
[00:11:19]   SKIP (already discovered): The Farmhouse Tuscan
[00:11:19]   SKIP (already discovered): Big Cork Vineyards
[00:11:19]   SKIP (already discovered): Savage Mill Mall
[00:11:19]   SKIP (already discovered): Trueman Vineyards
[00:11:19]   SKIP (already discovered): Williams Gap Vineyard
[00:11:19]   SKIP (already discovered): Hello Betty Bethesda
[00:11:19]   SKIP (already discovered): The Madison Hotel
[00:11:19]   SKIP (already discovered): Belle Haven Country Club
[00:11:19]   SKIP (already discovered): Casanel Vineyards & Winery
[00:11:19]   SKIP (already discovered): Chrysalis Vineyards at The Ag District
[00:11:19]   SKIP (already discovered): Corteau Winery
[00:11:19]   SKIP (already discovered): Penn Oaks Winery
[00:11:19]   SKIP (already discovered): Pizza Pomodoro
[00:11:19]   SKIP (already discovered): Hidden Brook Winery
[00:11:19]   SKIP (already discovered): Simple Theory Wine Co
[00:11:19]   SKIP (already discovered): Brightview Perry Hall
[00:11:19]   SKIP (already discovered): Lake Anne Coffee House & Wine Bar
[00:11:19]   SKIP (already discovered): Gaylord National Harbor
[00:11:19]   SKIP (already discovered): Woodberry Kitchen
[00:11:19]   SKIP (already discovered): Great Sage
[00:11:19]   SKIP (already discovered): Cosmos Club DC
[00:11:19]   SKIP (already discovered): Doukénie Winery
[00:11:19]   SKIP (already discovered): State Plaza Hotel DC
[00:11:19]   SKIP (already discovered): Hyatt Cambridge
[00:11:19]   SKIP (already discovered): Greenhill Vineyards
[00:11:19]   SKIP (already discovered): Loudoun Golf & Country Club
[00:11:19]   SKIP (already discovered): Creek's Edge Winery
[00:11:19]   SKIP (already discovered): The Milton Inn
[00:11:19]   SKIP (already discovered): Country Club of Fairfax
[00:11:19]   SKIP (already discovered): Century Club Hagerstown
[00:11:19]   SKIP (already discovered): Rock Spring Farm
[00:11:19]   SKIP (already discovered): Janemark Winery & Vineyard
[00:11:19]   SKIP (already discovered): Alma Cocina Latina
[00:11:19]   SKIP (already discovered): Omni Shoreham Hotel
[00:11:19]   SKIP (already discovered): Knoxie's Table
[00:11:19]   SKIP (already discovered): 1757 Golf Club
[00:11:19]   SKIP (already discovered): Holly Hills Country Club
[00:11:19]   SKIP (already discovered): Conrad Washington DC
[00:11:19]   SKIP (already discovered): Pirouette Restaurant & Wine Shop
[00:11:19]   SKIP (already discovered): Le Méridien Arlington
[00:11:19]   SKIP (already discovered): Dulles Town Center
[00:11:19]   SKIP (already discovered): Hidden Hills Farm and Vineyard
[00:11:19]   SKIP (already discovered): Maritime Museum St Michaels
[00:11:19]   SKIP (already discovered): Chartwell Golf & Country Club
[00:11:19]   SKIP (already discovered): Ruse
[00:11:19]   SKIP (already discovered): InGrano Bistro Bakery
[00:11:19]   SKIP (already discovered): Kent Manor Inn
[00:11:19]   SKIP (already discovered): Army Navy Country Club
[00:11:19]   SKIP (already discovered): River Bend Country Club
[00:11:19]   SKIP (already discovered): City Tavern DC
[00:11:19]   SKIP (already discovered): Baltimore Country Club
[00:11:19]   SKIP (already discovered): Vino and Pasta
[00:11:19]   SKIP (already discovered): 50 West Vineyards
[00:11:19]   SKIP (already discovered): The Galley Restaurant & Bar
[00:11:19]   SKIP (already discovered): Wylder Hotel Tilghman Island
[00:11:19]   SKIP (already discovered): Bistrot Lepic
[00:11:19]   SKIP (already discovered): Sunset Hills Winery
[00:11:19]   SKIP (already discovered): The Oaks Waterfront Hotel
[00:11:19] Cleaning up discovered_gigs.txt...
[00:11:25] 
[00:11:25] === Discovery Complete — Total new venues: 0 ===

[00:11:33] === Taste Discovery Mode Started ===
[00:11:33] MAX_QUERIES=25
[00:11:33] Fetching existing venues + past gigs for dedup...
[00:11:38] Existing venues + past gigs: 0
[00:11:38] Generating search queries from taste profile...
[00:11:38] Generated 189 queries (25 will run this session)
[00:11:38] 
[00:11:38] === Taste Query [1/25]: art gallery Dupont Circle DC ===
[00:11:43]   Scrolling search results...
[00:11:51]   Extracting results...
[00:11:51]   Found 60 results
[00:15:00]   Added 54 new venues from query
[00:15:00]   [WEBSITE] Looking up: Studio Gallery
[00:15:03]     Website: http://www.studiogallerydc.com
[00:15:11]     Promoted to untouched (website verified)
[00:15:12]   [WEBSITE] Looking up: Renwick Gallery of the Smithsonian American Art Museum
[00:15:16]     Website: https://dc250.us
[00:15:24]     Promoted to untouched (website verified)
[00:15:25]   [WEBSITE] Looking up: Gallery 2112
[00:15:28]     Website: http://www.gallery2112.com
[00:15:39]     Promoted to untouched (website verified)
[00:15:40]   [WEBSITE] Looking up: Q Street Fine Art - Rafael Gallardo Art Studio
[00:15:44]     Website: https://www.gallardo.net
[00:15:53]     Promoted to untouched (website verified)
[00:15:54]   [WEBSITE] Looking up: Touchstone Gallery
[00:15:58]     Website: http://www.touchstonegallery.com
[00:16:07]     Promoted to untouched (website verified)
[00:16:08]   [WEBSITE] Looking up: National Gallery of Art
[00:16:11]     Website: https://washington.org
[00:16:21]     Promoted to untouched (website verified)
[00:16:22]   [WEBSITE] Looking up: Gallery Neptune & Brown
[00:16:25]     Website: http://www.galleryneptunebrown.com
[00:16:34]     Promoted to untouched (website verified)
[00:16:35]   [WEBSITE] Looking up: Vika Gallery
[00:16:39]     Website: https://vikagallery.org
[00:16:48]     Promoted to untouched (website verified)
[00:16:49]   [WEBSITE] Looking up: SPILT Art Gallery
[00:16:52]     Website: https://www.spiltdc.com
[00:17:00]     Promoted to untouched (website verified)
[00:17:01]   [WEBSITE] Looking up: Alex Gallery
[00:17:05]     Website: http://www.alexgalleries.com
[00:17:14]     Promoted to untouched (website verified)
[00:17:15]   [WEBSITE] Looking up: Negritude Art Exhibition
[00:17:18]     Website: https://davidrichardgallery.com
[00:17:26]     Promoted to untouched (website verified)
[00:17:27]   [WEBSITE] Looking up: 11
[00:17:31]     Website: http://www.11elevengallery.com
[00:17:41]     Promoted to untouched (website verified)
[00:17:42]   [WEBSITE] Looking up: Joan Hisaoka Healing Arts Gallery
[00:17:45]     Website: http://www.joanhisaokagallery.org
[00:17:53]     Promoted to untouched (website verified)
[00:17:54]   [WEBSITE] Looking up: Long View Gallery - Art Gallery & Event Venue
[00:17:57]     Website: http://www.longviewgallerydc.com
[00:18:07]     Promoted to untouched (website verified)
[00:18:08]   [WEBSITE] Looking up: Hamiltonian Artists
[00:18:11]     Website: https://www.hamiltonianartists.org
[00:18:19]     Promoted to untouched (website verified)
[00:18:20]   [WEBSITE] Looking up: Washington Center of ADA Art Gallery
[00:18:24]     Website: https://adawdc.org
[00:18:33]     Promoted to untouched (website verified)
[00:18:34]   [WEBSITE] Looking up: Swann Street Gallery
[00:18:37]     Website: https://loganmarcy.wixsite.com/rek2
[00:18:46]     Promoted to untouched (website verified)
[00:18:47]   [WEBSITE] Looking up: von ammon
[00:18:50]     Website: https://www.vonammon.co
[00:19:00]     Promoted to untouched (website verified)
[00:19:01]   [WEBSITE] Looking up: Luce Foundation Center
[00:19:05]     Website: https://3.2K+
[00:19:12]     Promoted to untouched (website verified)
[00:19:13]   [WEBSITE] Looking up: Rubell Museum DC
[00:19:17]     Website: http://dc.rubellmuseum.org
[00:19:26]     Promoted to untouched (website verified)
[00:19:27]   [WEBSITE] Looking up: Howard University Art Gallery
[00:19:31]     Website: https://howard.emuseum.com
[00:19:38]     Promoted to untouched (website verified)
[00:19:39]   [WEBSITE] Looking up: National Gallery of Art – Sculpture Garden
[00:19:43]     Website: https://theolinstudio.com
[00:19:51]     Promoted to untouched (website verified)
[00:19:52]   [WEBSITE] Looking up: CABADA CONTEMPORARY Art Gallery
[00:19:56]     Website: https://www.cabadacontemporary.com
[00:20:05]     Promoted to untouched (website verified)
[00:20:06]   [WEBSITE] Looking up: Corcoran School of the Arts & Design at GW
[00:20:09]     Website: https://5.8K+
[00:20:19]     Promoted to untouched (website verified)
[00:20:20]   [WEBSITE] Looking up: Fathom Gallery 14th Street
[00:20:23]     Website: https://fathomgallery.org
[00:20:32]     Promoted to untouched (website verified)
[00:20:33]   [WEBSITE] Looking up: Washington Printmakers Gallery
[00:20:37]     Website: http://www.washingtonprintmakers.com
[00:20:45]     Promoted to untouched (website verified)
[00:20:46]   [WEBSITE] Looking up: National Portrait Gallery
[00:20:49]     Website: https://washington.org
[00:20:58]     Promoted to untouched (website verified)
[00:20:59]   [WEBSITE] Looking up: DTR Modern Galleries
[00:21:02]     Website: http://www.dtrmodern.com
[00:21:12]     Promoted to untouched (website verified)
[00:21:13]   [WEBSITE] Looking up: Smithsonian American Art Museum
[00:21:16]     Website: https://washington.org
[00:21:24]     Promoted to untouched (website verified)
[00:21:25]   [WEBSITE] Looking up: Georgetown University Art Galleries
[00:21:29]     Website: https://guartgalleries.org
[00:21:38]     Promoted to untouched (website verified)
[00:21:39]   [WEBSITE] Looking up: The DC Arts Center (DCAC)
[00:21:43]     Website: http://www.dcartscenter.org
[00:21:51]     Promoted to untouched (website verified)
[00:21:52]   [WEBSITE] Looking up: Museum of the Palestinian People
[00:21:55]     Website: http://www.mpp-dc.org
[00:22:11]     Promoted to untouched (website verified)
[00:22:12]   [WEBSITE] Looking up: HOMME Gallery
[00:22:15]     Website: https://10.7K+
[00:22:24]     Promoted to untouched (website verified)
[00:22:25]   [WEBSITE] Looking up: Heurich House Museum
[00:22:29]     Website: http://heurichhouse.org
[00:22:37]     Promoted to untouched (website verified)
[00:22:38]   [WEBSITE] Looking up: The Lawrence A. Fleischman Gallery
[00:22:42]     Website: https://maps.campendium.com
[00:22:51]     Promoted to untouched (website verified)
[00:22:52]   [WEBSITE] Looking up: Maria & Alberto De La Cruz Art Gallery
[00:22:56]     Website: http://delacruzgallery.org
[00:23:04]     Promoted to untouched (website verified)
[00:23:05]   [WEBSITE] Looking up: ArtsClub
[00:23:08]     Website: https://www.artsclubstudios.com/dc-public-events
[00:23:17]     Promoted to untouched (website verified)
[00:23:18]   [WEBSITE] Looking up: Art Museum of the Americas
[00:23:21]     Website: http://museum.oas.org
[00:23:31]     Promoted to untouched (website verified)
[00:23:32]   [WEBSITE] Looking up: International Arts & Artists
[00:23:35]     Website: https://www.artsandartists.org
[00:23:44]     Promoted to untouched (website verified)
[00:23:45]   [WEBSITE] Looking up: Fathom Gallery Georgetown
[00:23:49]     Website: https://fathomgallery.org/georgetown
[00:23:57]     Promoted to untouched (website verified)
[00:23:58]   [WEBSITE] Looking up: Calloway Fine Art & Consulting
[00:24:02]     Website: https://www.callowayart.com
[00:24:11]     Promoted to untouched (website verified)
[00:24:12]   [WEBSITE] Looking up: D.C. Alley Museum
[00:24:16]     Website: https://www.dcalleymuseum.com
[00:24:26]     Promoted to untouched (website verified)
[00:24:27]   [WEBSITE] Looking up: Jackson Art Center
[00:24:31]     Website: https://www.jacksonartcenter.com
[00:24:40]     Promoted to untouched (website verified)
[00:24:41]   [WEBSITE] Looking up: COBALT NFT & Art Gallery
[00:24:45]     Website: https://tinyurl.com/COBALTgallery
[00:24:55]     Promoted to untouched (website verified)
[00:24:56]   [WEBSITE] Looking up: Luther W. Brady Art Gallery
[00:24:59]     Website: https://artguide.artforum.com
[00:25:10]     Promoted to untouched (website verified)
[00:25:11]   [WEBSITE] Looking up: Spilsbury Gallery
[00:25:14]     Website: https://artsclubofwashington.org/spilsbury-gallery-2
[00:25:26]     Promoted to untouched (website verified)
[00:25:27]   [WEBSITE] Looking up: Hirshhorn Museum
[00:25:30]     Website: https://86.3K+
[00:25:41]     Promoted to untouched (website verified)
[00:25:42]   [WEBSITE] Looking up: PFA Gallery
[00:25:45]     Website: https://www.pfagallery.com
[00:25:55]     Promoted to untouched (website verified)
[00:25:56]   [WEBSITE] Looking up: Gallery Article 15
[00:25:59]     Website: https://article15gallery.com/location
[00:26:09]     Promoted to untouched (website verified)
[00:26:10]   [WEBSITE] Looking up: JFK Gallery 
[00:26:14]     Website: https://www.kennedy-center.org/memorial/jfk/overview
[00:26:22]     Promoted to untouched (website verified)
[00:26:23]   [WEBSITE] Looking up: Asian Fusion Gallery
[00:26:27]     Website: http://www.downtowndc.org
[00:26:37]     Promoted to untouched (website verified)
[00:26:38]   [WEBSITE] Looking up: Geoffrey Diner Gallery
[00:26:41]     Website: http://www.dinergallery.com
[00:26:49]     Promoted to untouched (website verified)
[00:26:50]   [WEBSITE] Looking up: IDB ArtLAC Gallery
[00:26:54]     Website: https://www.iadb.org/en/who-we-are/topics/art-and-culture/idb-latin-american-caribbean-art-gallery
[00:27:04]     Promoted to untouched (website verified)
[00:27:05]   [WEBSITE] Looking up: Washington Project For the Arts
[00:27:08]     Website: https://www.wpadc.org
[00:27:18]     Promoted to untouched (website verified)
[00:27:24] 
[00:27:24] === Taste Query [2/25]: art gallery Potomac MD ===
[00:27:31]   Scrolling search results...
[00:27:37]   Extracting results...
[00:27:37]   Found 2 results
[00:27:44]   Added 2 new venues from query
[00:27:44]   [WEBSITE] Looking up: Glenstone Parking
[00:27:47]     Website: https://www.glenstone.org/visit/plan-your-visit/parking
[00:27:59]     Promoted to untouched (website verified)
[00:28:00]   [WEBSITE] Looking up: Sycamore Lot
[00:28:03]     Website: https://www.canaltrust.org/pyv/sycamore-island-parking
[00:28:12]     Promoted to untouched (website verified)
[00:28:20] 
[00:28:20] === Taste Query [3/25]: art gallery Bethesda MD ===
[00:28:25]   Scrolling search results...
[00:28:32]   Extracting results...
[00:28:33]   Found 63 results
[00:31:54]   Added 58 new venues from query
[00:31:54]   [WEBSITE] Looking up: Bethesda Fine Art
[00:31:57]     Website: http://bethesdafineart.com
[00:32:06]     Promoted to untouched (website verified)
[00:32:07]   [WEBSITE] Looking up: Triangle Art Studios
[00:32:11]     Website: https://www.bethesda.org/bethesda/triangle-art-studios
[00:32:22]     Promoted to untouched (website verified)
[00:32:23]   [WEBSITE] Looking up: Upstairs Art Studios
[00:32:26]     Website: http://www.upstairsartstudios.com
[00:32:36]     Promoted to untouched (website verified)
[00:32:37]   [WEBSITE] Looking up: Merritt Gallery
[00:32:40]     Website: http://www.merrittgallery.com
[00:32:52]     Promoted to untouched (website verified)
[00:32:53]   [WEBSITE] Looking up: Bethesda Row Arts Festival
[00:32:56]     Website: http://bethesdarowarts.org
[00:33:07]     Promoted to untouched (website verified)
[00:33:08]   [WEBSITE] Looking up: Framer McGee's Gallery
[00:33:11]     Website: http://www.framermcgeesgallery.com
[00:33:22]     Promoted to untouched (website verified)
[00:33:23]   [WEBSITE] Looking up: Adah Rose Gallery
[00:33:27]     Website: http://www.adahrosegallery.com
[00:33:36]     Promoted to untouched (website verified)
[00:33:37]   [WEBSITE] Looking up: Artapy Studios
[00:33:41]     Website: http://lisagutman.setmore.com
[00:33:51]     Promoted to untouched (website verified)
[00:33:52]   [WEBSITE] Looking up: Emma's Art Studio
[00:33:56]     Website: https://emmateachesart.com
[00:34:06]     Promoted to untouched (website verified)
[00:34:07]   [WEBSITE] Looking up: Red studio
[00:34:10]     Website: https://reddirtstudio.net
[00:34:20]     Promoted to untouched (website verified)
[00:34:21]   [WEBSITE] Looking up: Tunnel Vision
[00:34:24]     Website: http://www.thetunnelvision.com
[00:34:34]     Promoted to untouched (website verified)
[00:34:35]   [WEBSITE] Looking up: Checa Art
[00:34:39]     Website: https://www.mvchecaart.com
[00:34:48]     Promoted to untouched (website verified)
[00:34:49]   [WEBSITE] Looking up: Chevy Chase Gallery
[00:34:52]     Website: https://www.chevychaseartgallery.com
[00:35:02]     Promoted to untouched (website verified)
[00:35:03]   [WEBSITE] Looking up: Zenith Gallery
[00:35:06]     Website: https://www.zenithgallery.com
[00:35:15]     Promoted to untouched (website verified)
[00:35:16]   [WEBSITE] Looking up: Elyse Harrison Art
[00:35:20]     Website: http://www.elyseharrisonart.com
[00:35:29]     Promoted to untouched (website verified)
[00:35:30]   [WEBSITE] Looking up: Little Gallery on Fessenden
[00:35:34]     Website: https://littlegallery.org
[00:35:44]     Promoted to untouched (website verified)
[00:35:45]   [WEBSITE] Looking up: PFA Gallery
[00:35:49]     Website: https://www.pfagallery.com
[00:35:58]     Promoted to untouched (website verified)
[00:35:59]   [WEBSITE] Looking up: Artists & Makers Studios
[00:36:03]     Website: http://artistsandmakersstudios.com
[00:36:13]     Promoted to untouched (website verified)
[00:36:14]   [WEBSITE] Looking up: Kaller Fine Arts
[00:36:17]     Website: http://kallerfinearts.com
[00:36:27]     Promoted to untouched (website verified)
[00:36:28]   [WEBSITE] Looking up: Montgomery Art Association
[00:36:31]     Website: http://montgomeryart.org
[00:36:42]     Promoted to untouched (website verified)
[00:36:43]   [WEBSITE] Looking up: Montgomery College Cafritz Foundation Arts Center
[00:36:46]     Website: https://silverspringdowntown.com
[00:36:57]     Promoted to untouched (website verified)
[00:36:58]   [WEBSITE] Looking up: Friendship Gallery
[00:37:02]     Website: http://www.myfriendshipcenter.com
[00:37:11]     Promoted to untouched (website verified)
[00:37:12]   [WEBSITE] Looking up: Bethesda Custom Framing
[00:37:15]     Website: http://www.bethesdacustomframing.com
[00:37:25]     Promoted to untouched (website verified)
[00:37:26]   [WEBSITE] Looking up: One Of A Kind Inc. Art Studio
[00:37:29]     Website: https://www.oneofakindinc.com
[00:37:39]     Promoted to untouched (website verified)
[00:37:40]   [WEBSITE] Looking up: DC Arts Studios
[00:37:43]     Website: http://dcartsstudios.org
[00:37:52]     Promoted to untouched (website verified)
[00:37:53]   [WEBSITE] Looking up: CREATE Arts Center
[00:37:57]     Website: https://createartscenter.org
[00:38:05]     Promoted to untouched (website verified)
[00:38:06]   [WEBSITE] Looking up: CreeMos Gallery
[00:38:10]     Website: https://www.unation.com
[00:38:18]     Promoted to untouched (website verified)
[00:38:19]   [WEBSITE] Looking up: Artworks Fine Art Studio
[00:38:23]     Website: https://artworksclasses.com
[00:38:31]     Promoted to untouched (website verified)
[00:38:32]   [WEBSITE] Looking up: Compass Art Center
[00:38:36]     Website: https://www.compassartcenter.com
[00:38:46]     Promoted to untouched (website verified)
[00:38:47]   [WEBSITE] Looking up: Chevy Chase Art Gallery
[00:38:51]     Website: https://www.chevychaseartgallery.com
[00:39:01]     Promoted to untouched (website verified)
[00:39:02]   [WEBSITE] Looking up: Gallery 209
[00:39:05]     Website: https://www.gallery209art.com
[00:39:16]     Promoted to untouched (website verified)
[00:39:17]   [WEBSITE] Looking up: Weisser Glass Studio
[00:39:20]     Website: http://shopweisserglass.com
[00:39:30]     Promoted to untouched (website verified)
[00:39:31]   [WEBSITE] Looking up: Gallery Bethesda II
[00:39:34]     Website: http://gallerybethesda.com
[00:39:44]     Promoted to untouched (website verified)
[00:39:45]   [WEBSITE] Looking up: Yellow Barn Studio and Gallery
[00:39:48]     Website: http://www.yellowbarnstudio.com
[00:39:57]     Promoted to untouched (website verified)
[00:39:58]   [WEBSITE] Looking up: Framebridge
[00:40:01]     Website: https://www.framebridge.com/pages/roland-park
[00:40:12]     Promoted to untouched (website verified)
[00:40:13]   [WEBSITE] Looking up: Girls who paint
[00:40:16]     Website: http://www.sarahrenzistudio.com
[00:40:27]     Promoted to untouched (website verified)
[00:40:28]   [WEBSITE] Looking up: The Abstract Gardener
[00:40:32]     Website: https://www.theabstractgardener.com/home
[00:40:41]     Promoted to untouched (website verified)
[00:40:42]   [WEBSITE] Looking up: ArtSoul Studio
[00:40:46]     Website: https://www.urbanaartandsoul.com
[00:40:55]     Promoted to untouched (website verified)
[00:40:56]   [WEBSITE] Looking up: Artful Framing & Gallery
[00:40:59]     Website: http://artfulframing.net
[00:41:08]     Promoted to untouched (website verified)
[00:41:09]   [WEBSITE] Looking up: Blick Art Materials
[00:41:13]     Website: https://www.dickblick.com/stores/maryland/baltimore
[00:41:22]     Promoted to untouched (website verified)
[00:41:23]   [WEBSITE] Looking up: Zimstone Gallery
[00:41:26]     Website: http://www.zimstonegallery.com
[00:41:35]     Promoted to untouched (website verified)
[00:41:36]   [WEBSITE] Looking up: RoFa Projects
[00:41:40]     Website: http://www.rofaprojects.com/contact
[00:41:49]     Promoted to untouched (website verified)
[00:41:51]   [WEBSITE] Looking up: Tyler Mark Gallery
[00:41:54]     Website: https://tylermarkgallery.com
[00:42:04]     Promoted to untouched (website verified)
[00:42:05]   [WEBSITE] Looking up: Vivid Colors Gallery
[00:42:08]     Website: https://vividcolorsgallery.com
[00:42:17]     Promoted to untouched (website verified)
[00:42:18]   [WEBSITE] Looking up: Margot Stein Gallery
[00:42:22]     Website: http://www.margotsteingallery.com/contact.shtml
[00:42:32]     Promoted to untouched (website verified)
[00:42:33]   [WEBSITE] Looking up: The Chesapeake Framing Company
[00:42:36]     Website: https://www.chesapeakeframing.com
[00:42:46]     Promoted to untouched (website verified)
[00:42:47]   [WEBSITE] Looking up: Arts on the Block
[00:42:50]     Website: https://www.artsontheblock.com
[00:42:59]     Promoted to untouched (website verified)
[00:43:00]   [WEBSITE] Looking up: "Consider It Done" Boutique
[00:43:04]     Website: http://consideritdoneboutique.com
[00:43:13]     Promoted to untouched (website verified)
[00:43:14]   [WEBSITE] Looking up: DecoNstall Bethesda picture hanging service
[00:43:17]     Website: http://www.deconstall.com
[00:43:28]     Promoted to untouched (website verified)
[00:43:29]   [WEBSITE] Looking up: The Compass Atelier
[00:43:32]     Website: http://www.thecompassatelier.com
[00:43:42]     Promoted to untouched (website verified)
[00:43:43]   [WEBSITE] Looking up: A to Z Art and Framing
[00:43:46]     Website: http://atozartframing.com
[00:43:56]     Promoted to untouched (website verified)
[00:43:57]   [WEBSITE] Looking up: Picasso Gallery Custom Framing
[00:44:00]     Website: https://www.picassogallery.com
[00:44:09]     Promoted to untouched (website verified)
[00:44:10]   [WEBSITE] Looking up: Artistic Custom Framing & Gallery
[00:44:13]     Website: https://artisticcustomframingandgallery.com
[00:44:24]     Promoted to untouched (website verified)
[00:44:25]   [WEBSITE] Looking up: Goldman Art Gallery
[00:44:28]     Website: https://www.benderjccgw.org
[00:44:36]     Promoted to untouched (website verified)
[00:44:37]   [WEBSITE] Looking up: Landow Gallery
[00:44:41]     Website: https://www.landon.net
[00:44:50]     Promoted to untouched (website verified)
[00:44:51]   [WEBSITE] Looking up: Ratner Museum
[00:44:54]     Website: http://www.ratnermuseum.com
[00:45:05]     Promoted to untouched (website verified)
[00:45:06]   [WEBSITE] Looking up: Studio B
[00:45:09]     Website: http://www.stagesmusicarts.com
[00:45:20]     Promoted to untouched (website verified)
[00:45:21]   [WEBSITE] Looking up: Art & Remembrance Inc
[00:45:24]     Website: http://artandremembrance.org
[00:45:32]     Promoted to untouched (website verified)
[00:45:38] 
[00:45:38] === Taste Query [4/25]: art gallery Chevy Chase MD ===
[00:45:45]   Scrolling search results...
[00:45:53]   Extracting results...
[00:45:53]   Found 7 results
[00:46:15]   Added 6 new venues from query
[00:46:15]   [WEBSITE] Looking up: Friendship Gallery
[00:46:18]     Website: http://www.myfriendshipcenter.com
[00:46:27]     Promoted to untouched (website verified)
[00:46:28]   [WEBSITE] Looking up: Chevy Chase Art Gallery
[00:46:32]     Website: https://www.chevychaseartgallery.com
[00:46:40]     Promoted to untouched (website verified)
[00:46:41]   [WEBSITE] Looking up: Waverly Street Gallery
[00:46:45]     Website: http://waverlystreetgallery.com
[00:46:54]     Promoted to untouched (website verified)
[00:46:55]   [WEBSITE] Looking up: Gallery B
[00:46:59]     Website: http://www.bethesda.org/bethesda/gallery-b
[00:47:07]     Promoted to untouched (website verified)
[00:47:08]   [WEBSITE] Looking up: Amy Kaslow Gallery
[00:47:11]     Website: http://www.amykaslowgallery.com
[00:47:20]     Promoted to untouched (website verified)
[00:47:21]   [WEBSITE] Looking up: Little Gallery on Fessenden
[00:47:25]     Website: https://littlegallery.org
[00:47:34]     Promoted to untouched (website verified)
[00:47:43] 
[00:47:43] === Taste Query [5/25]: art gallery Great Falls VA ===
[00:47:51]   Scrolling search results...
[00:47:58]   Extracting results...
[00:47:58]   Found 6 results
[00:48:20]   Added 6 new venues from query
[00:48:20]   [WEBSITE] Looking up: Artists' Atelier Working Artists' Studios Art Galleries
[00:48:24]     Website: https://www.greatfallsatelier.com
[00:48:33]     Promoted to untouched (website verified)
[00:48:34]   [WEBSITE] Looking up: The Arts of Great Falls
[00:48:37]     Website: https://www.artsofgreatfalls.org
[00:48:47]     Promoted to untouched (website verified)
[00:48:48]   [WEBSITE] Looking up: Artists' Loft
[00:48:51]     Website: https://artistslofts12.wixsite.com
[00:49:00]     Promoted to untouched (website verified)
[00:49:01]   [WEBSITE] Looking up: Broadway Gallery
[00:49:04]     Website: http://broadwaygalleries.net
[00:49:13]     Promoted to untouched (website verified)
[00:49:14]   [WEBSITE] Looking up: Luna Art Studio
[00:49:17]     Website: https://lunaartstudio.com/contact
[00:49:26]     Promoted to untouched (website verified)
[00:49:27]   [WEBSITE] Looking up: art base art gallery
[00:49:31]     Website: http://www.artcentervb.org
[00:49:40]     Promoted to untouched (website verified)
[00:49:49] 
[00:49:49] === Taste Query [6/25]: art gallery McLean VA ===
[00:49:58]   Scrolling search results...
[00:50:06]   Extracting results...
[00:50:06]   Found 7 results
[00:50:27]   Added 6 new venues from query
[00:50:27]   [WEBSITE] Looking up: The McLean Textile Gallery
[00:50:30]     Website: https://patch.com
[00:50:40]     Promoted to untouched (website verified)
[00:50:41]   [WEBSITE] Looking up: Wentworth Gallery at Tysons Galleria
[00:50:44]     Website: http://www.wentworthgallery.com
[00:50:54]     Promoted to untouched (website verified)
[00:50:55]   [WEBSITE] Looking up: Hermitage Design & Gallery
[00:50:58]     Website: http://www.thehermitagegallery.com
[00:51:06]     Promoted to untouched (website verified)
[00:51:07]   [WEBSITE] Looking up: Falls Church Arts Gallery
[00:51:11]     Website: http://fallschurcharts.org
[00:51:19]     Promoted to untouched (website verified)
[00:51:20]   [WEBSITE] Looking up: Café Monet
[00:51:23]     Website: https://www.cafemonetmpa.com
[00:51:32]     Promoted to untouched (website verified)
[00:51:33]   [WEBSITE] Looking up: Torpedo Factory Art Center
[00:51:37]     Website: https://www.torpedofactory.org
[00:51:45]     Promoted to untouched (website verified)
[00:51:52] 
[00:51:52] === Taste Query [7/25]: art gallery Alexandria VA ===
[00:52:01]   Scrolling search results...
[00:52:08]   Extracting results...
[00:52:08]   Found 7 results
[00:52:29]   Added 3 new venues from query
[00:52:29]   [WEBSITE] Looking up: Del Ray Artisans
[00:52:32]     Website: https://delrayartisans.org
[00:52:40]     Promoted to untouched (website verified)
[00:52:41]   [WEBSITE] Looking up: Kyo Gallery
[00:52:45]     Website: http://www.kyogallery.com
[00:52:53]     Promoted to untouched (website verified)
[00:52:54]   [WEBSITE] Looking up: Potomac Fiber Arts Gallery
[00:52:57]     Website: http://www.potomacfiberartsgallery.com
[00:53:07]     Promoted to untouched (website verified)
[00:53:16] 
[00:53:16] === Taste Query [8/25]: art gallery Reston VA ===
[00:53:23]   Scrolling search results...
[00:53:31]   Extracting results...
[00:53:31]   Found 7 results
[00:53:56]   Added 7 new venues from query
[00:53:56]   [WEBSITE] Looking up: Reston Art Gallery & Studios
[00:54:00]     Website: https://www.restonartgallery.com
[00:54:10]     Promoted to untouched (website verified)
[00:54:11]   [WEBSITE] Looking up: Tephra Institute of Contemporary Art
[00:54:15]     Website: https://www.tephraica.org
[00:54:24]     Promoted to untouched (website verified)
[00:54:25]   [WEBSITE] Looking up: Artinsights Gallery of Film and Contemporary Art
[00:54:28]     Website: http://www.artinsights.com
[00:54:37]     Promoted to untouched (website verified)
[00:54:38]   [WEBSITE] Looking up: Free Little Art Gallery in the Woods
[00:54:42]     Website: https://www.fairfaxtimes.com
[00:54:53]     Promoted to untouched (website verified)
[00:54:54]   [WEBSITE] Looking up: Free Little Art Gallery
[00:54:57]     Website: https://findafreelittleartgallery.com
[00:55:07]     Promoted to untouched (website verified)
[00:55:08]   [WEBSITE] Looking up: Ovissi Boutique
[00:55:11]     Website: https://www.galleryovissi.com
[00:55:21]     Promoted to untouched (website verified)
[00:55:22]   [WEBSITE] Looking up: Free Little Art Gallery Southgate
[00:55:25]     Website: https://www.fairfaxtimes.com
[00:55:34]     Promoted to untouched (website verified)
[00:55:40] 
[00:55:40] === Taste Query [9/25]: art gallery Middleburg VA ===
[00:55:47]   Scrolling search results...
[00:55:53]   Extracting results...
[00:55:53]   Found 6 results
[00:56:10]   Added 3 new venues from query
[00:56:10]   [WEBSITE] Looking up: Castle Gallery
[00:56:14]     Website: https://www.shopcastlegallery.com
[00:56:23]     Promoted to untouched (website verified)
[00:56:24]   [WEBSITE] Looking up: Red Fox Fine Art
[00:56:28]     Website: http://www.redfoxfineart.com
[00:56:38]     Promoted to untouched (website verified)
[00:56:39]   [WEBSITE] Looking up: The Dairy Barn Gallery
[00:56:42]     Website: https://apothecaryshed.com
[00:56:51]     Promoted to untouched (website verified)
[00:56:57] 
[00:56:57] === Taste Query [10/25]: art gallery Leesburg VA ===
[00:57:06]   Scrolling search results...
[00:57:12]   Extracting results...
[00:57:12]   Found 7 results
[00:57:34]   Added 7 new venues from query
[00:57:34]   [WEBSITE] Looking up: Medlin Art Ltd.
[00:57:37]     Website: https://medlinartgalleryreviews.com
[00:57:49]     Promoted to untouched (website verified)
[00:57:50]   [WEBSITE] Looking up: The Ordinary Art Gallery & Studio
[00:57:53]     Website: https://www.theordinaryart.com
[00:58:05]     Promoted to untouched (website verified)
[00:58:06]   [WEBSITE] Looking up: The Painted Tiger Art Studio
[00:58:10]     Website: https://paintedtigerart.com
[00:58:19]     Promoted to untouched (website verified)
[00:58:20]   [WEBSITE] Looking up: The Body Gallery
[00:58:23]     Website: http://thebodygallery.net
[00:58:31]     Promoted to untouched (website verified)
[00:58:32]   [WEBSITE] Looking up: The Gateway Gallery and Gift Shop, LLC
[00:58:36]     Website: https://gatewaygallery.art
[00:58:44]     Promoted to untouched (website verified)
[00:58:45]   [WEBSITE] Looking up: Wine and Design
[00:58:48]     Website: https://www.wineanddesign.com/leesburg-va
[00:59:00]     Promoted to untouched (website verified)
[00:59:01]   [WEBSITE] Looking up: Hawaii Fluid Art
[00:59:05]     Website: https://hawaiifluidart.com/loudoun-station-va
[00:59:13]     Promoted to untouched (website verified)
[00:59:20] 
[00:59:20] === Taste Query [11/25]: art gallery St. Michaels MD ===
[00:59:28]   Scrolling search results...
[00:59:34]   Extracting results...
[00:59:34]   Found 5 results
[00:59:49]   Added 4 new venues from query
[00:59:49]   [WEBSITE] Looking up: Studio 2 Saint Michaels
[00:59:52]     Website: https://www.studio2saintmichaels.com
[01:00:02]     Promoted to untouched (website verified)
[01:00:03]   [WEBSITE] Looking up: BEALL GALLERY marine art
[01:00:06]     Website: https://pleinaireaston.com
[01:00:16]     Promoted to untouched (website verified)
[01:00:17]   [WEBSITE] Looking up: Creative Xpressions
[01:00:20]     Website: https://www.stmichaelsmd.org
[01:00:40]     Website saved but promotion failed — remains needs_review
[01:00:41]   [WEBSITE] Looking up: Susan Stockman
[01:00:45]     Website: http://suestockman.com/contact-susan
[01:01:04]     Promoted to untouched (website verified)
[01:01:13] 
[01:01:13] === Taste Query [12/25]: art gallery Easton MD ===
[01:01:20]   Scrolling search results...
[01:01:28]   Extracting results...
[01:01:29]   Found 7 results
[01:02:04]   Added 4 new venues from query
[01:02:04]   [WEBSITE] Looking up: The Trippe Gallery
[01:02:07]     Website: http://thetrippegallery.com
[01:02:16]     Promoted to untouched (website verified)
[01:02:17]   [WEBSITE] Looking up: STUDIO B GALLERY
[01:02:20]     Website: https://www.bethesda.org
[01:02:29]     Promoted to untouched (website verified)
[01:02:30]   [WEBSITE] Looking up: The Zebra Gallery
[01:02:33]     Website: https://www.thezebragallery.com
[01:02:53]     Website saved but promotion failed — remains needs_review
[01:02:54]   [WEBSITE] Looking up: Wildlife - Gallery of Fine Art, Photographed & Inspired by Nature
[01:02:58]     Website: https://wittersgreenwildlife.com/index.html
[01:03:08]     Promoted to untouched (website verified)
[01:03:17] 
[01:03:17] === Taste Query [13/25]: art gallery Annapolis MD ===
[01:03:25]   Scrolling search results...
[01:03:34]   Extracting results...
[01:03:34]   Found 7 results
[01:03:56]   Added 3 new venues from query
[01:03:56]   [WEBSITE] Looking up: Annapolis Pearl Gallery
[01:03:59]     Website: http://www.annapolispearlgallery.art
[01:04:07]     Promoted to untouched (website verified)
[01:04:08]   [WEBSITE] Looking up: The Annapolis Collection Gallery
[01:04:12]     Website: http://www.annapoliscollection.com
[01:04:23]     Promoted to untouched (website verified)
[01:04:24]   [WEBSITE] Looking up: Jo Fleming Contemporary Art Gallery
[01:04:27]     Website: https://www.joflemingcontemporaryart.com
[01:04:38]     Promoted to untouched (website verified)
[01:04:46] 
[01:04:46] === Taste Query [14/25]: art gallery Roland Park Baltimore MD ===
[01:04:54]   Scrolling search results...
[01:05:02]   Extracting results...
[01:05:03]   Found 8 results
[01:05:48]   Added 7 new venues from query
[01:05:48]   [WEBSITE] Looking up: Renaissance Fine Arts
[01:05:51]     Website: https://www.merrittgallery.com
[01:06:03]     Promoted to untouched (website verified)
[01:06:04]   [WEBSITE] Looking up: The Baltimore Art Gallery in Hampden
[01:06:07]     Website: https://bmoreartgallery.com
[01:06:18]     Promoted to untouched (website verified)
[01:06:19]   [WEBSITE] Looking up: Maryland Art Place Inc
[01:06:23]     Website: http://www.mdartplace.org
[01:06:32]     Promoted to untouched (website verified)
[01:06:33]   [WEBSITE] Looking up: Highlandtown Gallery
[01:06:36]     Website: https://highlandtowngallery.com
[01:06:46]     Promoted to untouched (website verified)
[01:06:47]   [WEBSITE] Looking up: MAXgallery
[01:06:50]     Website: https://www.maxinetaylorarts.com/max-gallery
[01:07:12]     Promoted to untouched (website verified)
[01:07:13]   [WEBSITE] Looking up: Galerie Myrtis
[01:07:16]     Website: http://galeriemyrtis.net
[01:07:27]     Promoted to untouched (website verified)
[01:07:28]   [WEBSITE] Looking up: Gallery Blue Door
[01:07:31]     Website: http://www.gallerybluedoor.com
[01:07:43]     Promoted to untouched (website verified)
[01:07:52] 
[01:07:52] === Taste Query [15/25]: fine art gallery Georgetown DC ===
[01:08:00]   Scrolling search results...
[01:08:07]   Extracting results...
[01:08:07]   Found 7 results
[01:08:28]   Added 2 new venues from query
[01:08:28]   [WEBSITE] Looking up: von ammon
[01:08:32]     Website: https://www.vonammon.co
[01:08:41]     Promoted to untouched (website verified)
[01:08:42]   [WEBSITE] Looking up: CABADA CONTEMPORARY Art Gallery
[01:08:45]     Website: https://www.cabadacontemporary.com
[01:08:54]     Promoted to untouched (website verified)
[01:09:02] 
[01:09:02] === Taste Query [16/25]: fine art gallery Dupont Circle DC ===
[01:09:09]   Scrolling search results...
[01:09:16]   Extracting results...
[01:09:16]   Found 7 results
[01:09:31]   Added 0 new venues from query
[01:09:39] 
[01:09:39] === Taste Query [17/25]: fine art gallery Potomac MD ===
[01:09:47]   Scrolling search results...
[01:09:53]   Extracting results...
[01:09:53]   Found 5 results
[01:10:09]   Added 5 new venues from query
[01:10:09]   [WEBSITE] Looking up: Glenstone
[01:10:12]     Website: https://www.glenstone.org
[01:10:22]     Promoted to untouched (website verified)
[01:10:23]   [WEBSITE] Looking up: Techne Fine Art
[01:10:26]     Website: https://technefineart.com
[01:10:47]     Promoted to untouched (website verified)
[01:10:48]   [WEBSITE] Looking up: Artists Circle Fine Art
[01:10:51]     Website: http://www.artcfa.com
[01:11:01]     Promoted to untouched (website verified)
[01:11:02]   [WEBSITE] Looking up: Art Gallery by Z
[01:11:05]     Website: https://artgallerybyz.com
[01:11:14]     Promoted to untouched (website verified)
[01:11:15]   [WEBSITE] Looking up: RoFa Projects
[01:11:19]     Website: http://www.rofaprojects.com/contact
[01:11:35]     Promoted to untouched (website verified)
[01:11:41] 
[01:11:41] === Taste Query [18/25]: fine art gallery Bethesda MD ===
[01:11:49]   Scrolling search results...
[01:11:58]   Extracting results...
[01:11:58]   Found 7 results
[01:12:16]   Added 0 new venues from query
[01:12:23] 
[01:12:23] === Taste Query [19/25]: fine art gallery Chevy Chase MD ===
[01:12:31]   Scrolling search results...
[01:12:38]   Extracting results...
[01:12:38]   Found 7 results
[01:12:59]   Added 3 new venues from query
[01:12:59]   [WEBSITE] Looking up: Bethesda Fine Art
[01:13:03]     Website: http://bethesdafineart.com
[01:13:12]     Promoted to untouched (website verified)
[01:13:13]   [WEBSITE] Looking up: Renaissance Fine Art
[01:13:17]     Website: https://www.merrittgallery.com
[01:13:25]     Promoted to untouched (website verified)
[01:13:26]   [WEBSITE] Looking up: Kaller Fine Arts
[01:13:30]     Website: http://kallerfinearts.com
[01:13:40]     Promoted to untouched (website verified)
[01:13:49] 
[01:13:49] === Taste Query [20/25]: fine art gallery Great Falls VA ===
[01:13:58]   Scrolling search results...
[01:14:06]   Extracting results...
[01:14:06]   Found 7 results
[01:14:25]   Added 3 new venues from query
[01:14:25]   [WEBSITE] Looking up: Artinsights Gallery of Film and Contemporary Art
[01:14:29]     Website: http://www.artinsights.com
[01:14:37]     Promoted to untouched (website verified)
[01:14:38]   [WEBSITE] Looking up: Tephra Institute of Contemporary Art
[01:14:42]     Website: https://www.tephraica.org
[01:14:51]     Promoted to untouched (website verified)
[01:14:52]   [WEBSITE] Looking up: Falls Church Arts Gallery
[01:14:55]     Website: http://fallschurcharts.org
[01:15:06]     Promoted to untouched (website verified)
[01:15:12] 
[01:15:12] === Taste Query [21/25]: fine art gallery McLean VA ===
[01:15:19]   Scrolling search results...
[01:15:25]   Extracting results...
[01:15:26]   Found 7 results
[01:15:43]   Added 2 new venues from query
[01:15:43]   [WEBSITE] Looking up: Artinsights Gallery of Film and Contemporary Art
[01:15:47]     Website: http://www.artinsights.com
[01:15:57]     Promoted to untouched (website verified)
[01:15:58]   [WEBSITE] Looking up: Tephra Institute of Contemporary Art
[01:16:01]     Website: https://www.tephraica.org
[01:16:11]     Promoted to untouched (website verified)
[01:16:17] 
[01:16:17] === Taste Query [22/25]: fine art gallery Alexandria VA ===
[01:16:24]   Scrolling search results...
[01:16:32]   Extracting results...
[01:16:32]   Found 7 results
[01:16:59]   Added 2 new venues from query
[01:16:59]   [WEBSITE] Looking up: Nepenthe Gallery and Frame Shop
[01:17:02]     Website: https://nepenthegallery.com
[01:17:11]     Promoted to untouched (website verified)
[01:17:12]   [WEBSITE] Looking up: KunstHaus Gallery
[01:17:15]     Website: https://www.phgd.com
[01:17:24]     Promoted to untouched (website verified)
[01:17:31] 
[01:17:31] === Taste Query [23/25]: fine art gallery Reston VA ===
[01:17:40]   Scrolling search results...
[01:17:48]   Extracting results...
[01:17:49]   Found 7 results
[01:18:06]   Added 1 new venues from query
[01:18:06]   [WEBSITE] Looking up: Rodger Schultz
[01:18:09]     Website: http://rodgerschultz.com
[01:18:18]     Promoted to untouched (website verified)
[01:18:27] 
[01:18:27] === Taste Query [24/25]: fine art gallery Middleburg VA ===
[01:18:36]   Scrolling search results...
[01:18:42]   Extracting results...
[01:18:43]   Found 5 results
[01:18:56]   Added 0 new venues from query
[01:19:04] 
[01:19:04] === Taste Query [25/25]: fine art gallery Leesburg VA ===
[01:19:11]   Scrolling search results...
[01:19:18]   Extracting results...
[01:19:18]   Found 3 results
[01:19:27]   Added 1 new venues from query
[01:19:27]   [WEBSITE] Looking up: The Fine Gallery
[01:19:30]     Website: https://www.visitloudoun.org
[01:19:38]     Promoted to untouched (website verified)
[01:19:47]   MAX_QUERIES=25 reached — stopping.
[01:19:47] Calculating distances for new venues...
[01:21:45]   Distances calculated: 0
[01:21:45] 
[01:21:45] === Taste Discovery Complete ===
[01:21:45]   Queries run: 25
[01:21:45]   Venues added: 189
[01:21:45]   Queries remaining: 164

[00:11:20] === Venue Discovery Started ===
[00:11:20] Fetching past gigs...
[00:11:23] Found 70 past gigs
[00:11:23] Fetching existing venues for dedup...
[00:11:26] Existing venues: 4550
[00:11:26]   SKIP (already discovered): L'Auberge Chez Francois
[00:11:26]   SKIP (already discovered): The Inn at Perry Cabin
[00:11:26]   SKIP (already discovered): The Maryland Club
[00:11:26]   SKIP (already discovered): Black Ankle Vineyards
[00:11:26]   SKIP (already discovered): Royal Restaurant
[00:11:26]   SKIP (already discovered): Good Spirit Farm Winery
[00:11:26]   SKIP (already discovered): Chesapeake Manor Vineyard
[00:11:26]   SKIP (already discovered): Elkridge Furnace Inn
[00:11:26]   SKIP (already discovered): Xella Winery and Vineyard
[00:11:26]   SKIP (already discovered): Twin Oaks Tavern Winery
[00:11:26]   SKIP (already discovered): Windridge Vineyards
[00:11:26]   SKIP (already discovered): University Club
[00:11:26]   SKIP (already discovered): The Farmhouse Tuscan
[00:11:26]   SKIP (already discovered): Big Cork Vineyards
[00:11:26]   SKIP (already discovered): Savage Mill Mall
[00:11:26]   SKIP (already discovered): Trueman Vineyards
[00:11:26]   SKIP (already discovered): Williams Gap Vineyard
[00:11:26]   SKIP (already discovered): Hello Betty Bethesda
[00:11:26]   SKIP (already discovered): The Madison Hotel
[00:11:26]   SKIP (already discovered): Belle Haven Country Club
[00:11:26]   SKIP (already discovered): Casanel Vineyards & Winery
[00:11:26]   SKIP (already discovered): Chrysalis Vineyards at The Ag District
[00:11:26]   SKIP (already discovered): Corteau Winery
[00:11:26]   SKIP (already discovered): Penn Oaks Winery
[00:11:26]   SKIP (already discovered): Pizza Pomodoro
[00:11:26]   SKIP (already discovered): Hidden Brook Winery
[00:11:26]   SKIP (already discovered): Simple Theory Wine Co
[00:11:26]   SKIP (already discovered): Brightview Perry Hall
[00:11:26]   SKIP (already discovered): Lake Anne Coffee House & Wine Bar
[00:11:26]   SKIP (already discovered): Gaylord National Harbor
[00:11:26]   SKIP (already discovered): Woodberry Kitchen
[00:11:26]   SKIP (already discovered): Great Sage
[00:11:26]   SKIP (already discovered): Cosmos Club DC
[00:11:26]   SKIP (already discovered): Doukénie Winery
[00:11:26]   SKIP (already discovered): State Plaza Hotel DC
[00:11:26]   SKIP (already discovered): Hyatt Cambridge
[00:11:26]   SKIP (already discovered): Greenhill Vineyards
[00:11:26]   SKIP (already discovered): Loudoun Golf & Country Club
[00:11:26]   SKIP (already discovered): Creek's Edge Winery
[00:11:26]   SKIP (already discovered): The Milton Inn
[00:11:26]   SKIP (already discovered): Country Club of Fairfax
[00:11:26]   SKIP (already discovered): Century Club Hagerstown
[00:11:26]   SKIP (already discovered): Rock Spring Farm
[00:11:26]   SKIP (already discovered): Janemark Winery & Vineyard
[00:11:26]   SKIP (already discovered): Alma Cocina Latina
[00:11:26]   SKIP (already discovered): Omni Shoreham Hotel
[00:11:26]   SKIP (already discovered): Knoxie's Table
[00:11:26]   SKIP (already discovered): 1757 Golf Club
[00:11:26]   SKIP (already discovered): Holly Hills Country Club
[00:11:26]   SKIP (already discovered): Conrad Washington DC
[00:11:26]   SKIP (already discovered): Pirouette Restaurant & Wine Shop
[00:11:26]   SKIP (already discovered): Le Méridien Arlington
[00:11:26]   SKIP (already discovered): Dulles Town Center
[00:11:26]   SKIP (already discovered): Hidden Hills Farm and Vineyard
[00:11:26]   SKIP (already discovered): Maritime Museum St Michaels
[00:11:26]   SKIP (already discovered): Chartwell Golf & Country Club
[00:11:26]   SKIP (already discovered): Ruse
[00:11:26]   SKIP (already discovered): InGrano Bistro Bakery
[00:11:26]   SKIP (already discovered): Kent Manor Inn
[00:11:26]   SKIP (already discovered): Army Navy Country Club
[00:11:26]   SKIP (already discovered): River Bend Country Club
[00:11:26]   SKIP (already discovered): City Tavern DC
[00:11:26]   SKIP (already discovered): Baltimore Country Club
[00:11:26]   SKIP (already discovered): Vino and Pasta
[00:11:26]   SKIP (already discovered): 50 West Vineyards
[00:11:26]   SKIP (already discovered): The Galley Restaurant & Bar
[00:11:26]   SKIP (already discovered): Wylder Hotel Tilghman Island
[00:11:26]   SKIP (already discovered): Bistrot Lepic
[00:11:26]   SKIP (already discovered): Sunset Hills Winery
[00:11:26]   SKIP (already discovered): The Oaks Waterfront Hotel
[00:11:26] Cleaning up discovered_gigs.txt...
[00:11:31] 
[00:11:31] === Discovery Complete — Total new venues: 0 ===

[00:11:38] === Taste Discovery Mode Started ===
[00:11:38] MAX_QUERIES=26
[00:11:38] Fetching existing venues + past gigs for dedup...
[00:11:43] Existing venues + past gigs: 0
[00:11:43] Generating search queries from taste profile...
[00:11:43] Generated 164 queries (26 will run this session)
[00:11:43] 
[00:11:43] === Taste Query [1/26]: fine art gallery St. Michaels MD ===
[00:11:47]   Scrolling search results...
[00:11:54]   Extracting results...
[00:11:54]   No results found
[00:11:59] 
[00:11:59] === Taste Query [2/26]: fine art gallery Easton MD ===
[00:12:03]   Scrolling search results...
[00:12:10]   Extracting results...
[00:12:10]   No results found
[00:12:14] 
[00:12:14] === Taste Query [3/26]: fine art gallery Annapolis MD ===
[00:12:20]   Scrolling search results...
[00:12:27]   Extracting results...
[00:12:27]   No results found
[00:12:30] 
[00:12:30] === Taste Query [4/26]: fine art gallery Roland Park Baltimore MD ===
[00:12:35]   Scrolling search results...
[00:12:44]   Extracting results...
[00:12:44]   No results found
[00:12:47] 
[00:12:47] === Taste Query [5/26]: has wheelchair accessible parking lot luxury hotel Georgetown DC ===
[00:12:53]   Scrolling search results...
[00:13:01]   Extracting results...
[00:13:01]   No results found
[00:13:06] 
[00:13:06] === Taste Query [6/26]: has wheelchair accessible parking lot luxury hotel Dupont Circle DC ===
[00:13:12]   Scrolling search results...
[00:13:20]   Extracting results...
[00:13:20]   No results found
[00:13:23] 
[00:13:23] === Taste Query [7/26]: has wheelchair accessible parking lot luxury hotel Potomac MD ===
[00:13:29]   Scrolling search results...
[00:13:35]   Extracting results...
[00:13:35]   No results found
[00:13:40] 
[00:13:40] === Taste Query [8/26]: has wheelchair accessible parking lot luxury hotel Bethesda MD ===
[00:13:47]   Scrolling search results...
[00:13:53]   Extracting results...
[00:13:53]   No results found
[00:13:57] 
[00:13:57] === Taste Query [9/26]: has wheelchair accessible parking lot luxury hotel Chevy Chase MD ===
[00:14:04]   Scrolling search results...
[00:14:12]   Extracting results...
[00:14:12]   No results found
[00:14:16] 
[00:14:16] === Taste Query [10/26]: has wheelchair accessible parking lot luxury hotel Great Falls VA ===
[00:14:21]   Scrolling search results...
[00:14:28]   Extracting results...
[00:14:28]   No results found
[00:14:33] 
[00:14:33] === Taste Query [11/26]: has wheelchair accessible parking lot luxury hotel McLean VA ===
[00:14:38]   Scrolling search results...
[00:14:45]   Extracting results...
[00:14:45]   No results found
[00:14:48] 
[00:14:48] === Taste Query [12/26]: has wheelchair accessible parking lot luxury hotel Alexandria VA ===
[00:14:55]   Scrolling search results...
[00:15:03]   Extracting results...
[00:15:03]   No results found
[00:15:06] 
[00:15:06] === Taste Query [13/26]: has wheelchair accessible parking lot fine dining restaurant Georgetown DC ===
[00:15:12]   Scrolling search results...
[00:15:18]   Extracting results...
[00:15:18]   No results found
[00:15:21] 
[00:15:21] === Taste Query [14/26]: has wheelchair accessible parking lot fine dining restaurant Dupont Circle DC ===
[00:15:28]   Scrolling search results...
[00:15:35]   Extracting results...
[00:15:35]   No results found
[00:15:39] 
[00:15:39] === Taste Query [15/26]: has wheelchair accessible parking lot fine dining restaurant Potomac MD ===
[00:15:44]   Scrolling search results...
[00:15:50]   Extracting results...
[00:15:50]   No results found
[00:15:55] 
[00:15:55] === Taste Query [16/26]: has wheelchair accessible parking lot fine dining restaurant Bethesda MD ===
[00:16:00]   Scrolling search results...
[00:16:08]   Extracting results...
[00:16:08]   No results found
[00:16:13] 
[00:16:13] === Taste Query [17/26]: has wheelchair accessible parking lot fine dining restaurant Chevy Chase MD ===
[00:16:19]   Scrolling search results...
[00:16:27]   Extracting results...
[00:16:27]   No results found
[00:16:31] 
[00:16:31] === Taste Query [18/26]: has wheelchair accessible parking lot fine dining restaurant Great Falls VA ===
[00:16:36]   Scrolling search results...
[00:16:44]   Extracting results...
[00:16:44]   No results found
[00:16:47] 
[00:16:47] === Taste Query [19/26]: has wheelchair accessible parking lot fine dining restaurant McLean VA ===
[00:16:52]   Scrolling search results...
[00:17:00]   Extracting results...
[00:17:00]   No results found
[00:17:04] 
[00:17:04] === Taste Query [20/26]: has wheelchair accessible parking lot fine dining restaurant Alexandria VA ===
[00:17:09]   Scrolling search results...
[00:17:16]   Extracting results...
[00:17:16]   No results found
[00:17:21] 
[00:17:21] === Taste Query [21/26]: has wheelchair accessible parking lot historic fine dining restaurant Georgetown DC ===
[00:17:27]   Scrolling search results...
[00:17:33]   Extracting results...
[00:17:33]   No results found
[00:17:36] 
[00:17:36] === Taste Query [22/26]: has wheelchair accessible parking lot historic fine dining restaurant Dupont Circle DC ===
[00:17:43]   Scrolling search results...
[00:17:51]   Extracting results...
[00:17:51]   No results found
[00:17:54] 
[00:17:54] === Taste Query [23/26]: has wheelchair accessible parking lot historic fine dining restaurant Potomac MD ===
[00:18:01]   Scrolling search results...
[00:18:08]   Extracting results...
[00:18:08]   No results found
[00:18:11] 
[00:18:11] === Taste Query [24/26]: has wheelchair accessible parking lot historic fine dining restaurant Bethesda MD ===
[00:18:18]   Scrolling search results...
[00:18:24]   Extracting results...
[00:18:24]   No results found
[00:18:29] 
[00:18:29] === Taste Query [25/26]: has wheelchair accessible parking lot historic fine dining restaurant Chevy Chase MD ===
[00:18:34]   Scrolling search results...
[00:18:42]   Extracting results...
[00:18:42]   No results found
[00:18:47] 
[00:18:47] === Taste Query [26/26]: has wheelchair accessible parking lot historic fine dining restaurant Great Falls VA ===
[00:18:54]   Scrolling search results...
[00:19:00]   Extracting results...
[00:19:00]   No results found
[00:19:04]   MAX_QUERIES=26 reached — stopping.
[00:19:04] 
[00:19:04] === Taste Discovery Complete ===
[00:19:04]   Queries run: 26
[00:19:04]   Venues added: 0
[00:19:04]   Queries remaining: 138

[23:22:16] === Venue Discovery Started ===
[23:22:16] Fetching past gigs...
[23:22:19] Found 70 past gigs
[23:22:19] Fetching existing venues for dedup...
[23:22:22] Existing venues: 4616
[23:22:22]   SKIP (already discovered): L'Auberge Chez Francois
[23:22:22]   SKIP (already discovered): The Inn at Perry Cabin
[23:22:22]   SKIP (already discovered): The Maryland Club
[23:22:22]   SKIP (already discovered): Black Ankle Vineyards
[23:22:22]   SKIP (already discovered): Royal Restaurant
[23:22:22]   SKIP (already discovered): Good Spirit Farm Winery
[23:22:22]   SKIP (already discovered): Chesapeake Manor Vineyard
[23:22:22]   SKIP (already discovered): Elkridge Furnace Inn
[23:22:22]   SKIP (already discovered): Xella Winery and Vineyard
[23:22:22]   SKIP (already discovered): Twin Oaks Tavern Winery
[23:22:22]   SKIP (already discovered): Windridge Vineyards
[23:22:22]   SKIP (already discovered): University Club
[23:22:22]   SKIP (already discovered): The Farmhouse Tuscan
[23:22:22]   SKIP (already discovered): Big Cork Vineyards
[23:22:22]   SKIP (already discovered): Savage Mill Mall
[23:22:22]   SKIP (already discovered): Trueman Vineyards
[23:22:22]   SKIP (already discovered): Williams Gap Vineyard
[23:22:22]   SKIP (already discovered): Hello Betty Bethesda
[23:22:22]   SKIP (already discovered): The Madison Hotel
[23:22:22]   SKIP (already discovered): Belle Haven Country Club
[23:22:22]   SKIP (already discovered): Casanel Vineyards & Winery
[23:22:22]   SKIP (already discovered): Chrysalis Vineyards at The Ag District
[23:22:22]   SKIP (already discovered): Corteau Winery
[23:22:22]   SKIP (already discovered): Penn Oaks Winery
[23:22:22]   SKIP (already discovered): Pizza Pomodoro
[23:22:22]   SKIP (already discovered): Hidden Brook Winery
[23:22:22]   SKIP (already discovered): Simple Theory Wine Co
[23:22:22]   SKIP (already discovered): Brightview Perry Hall
[23:22:22]   SKIP (already discovered): Lake Anne Coffee House & Wine Bar
[23:22:22]   SKIP (already discovered): Gaylord National Harbor
[23:22:22]   SKIP (already discovered): Woodberry Kitchen
[23:22:22]   SKIP (already discovered): Great Sage
[23:22:22]   SKIP (already discovered): Cosmos Club DC
[23:22:22]   SKIP (already discovered): Doukénie Winery
[23:22:22]   SKIP (already discovered): State Plaza Hotel DC
[23:22:22]   SKIP (already discovered): Hyatt Cambridge
[23:22:22]   SKIP (already discovered): Greenhill Vineyards
[23:22:22]   SKIP (already discovered): Loudoun Golf & Country Club
[23:22:22]   SKIP (already discovered): Creek's Edge Winery
[23:22:22]   SKIP (already discovered): The Milton Inn
[23:22:22]   SKIP (already discovered): Country Club of Fairfax
[23:22:22]   SKIP (already discovered): Century Club Hagerstown
[23:22:22]   SKIP (already discovered): Rock Spring Farm
[23:22:22]   SKIP (already discovered): Janemark Winery & Vineyard
[23:22:22]   SKIP (already discovered): Alma Cocina Latina
[23:22:22]   SKIP (already discovered): Omni Shoreham Hotel
[23:22:22]   SKIP (already discovered): Knoxie's Table
[23:22:22]   SKIP (already discovered): 1757 Golf Club
[23:22:22]   SKIP (already discovered): Holly Hills Country Club
[23:22:22]   SKIP (already discovered): Conrad Washington DC
[23:22:22]   SKIP (already discovered): Pirouette Restaurant & Wine Shop
[23:22:23]   SKIP (already discovered): Le Méridien Arlington
[23:22:23]   SKIP (already discovered): Dulles Town Center
[23:22:23]   SKIP (already discovered): Hidden Hills Farm and Vineyard
[23:22:23]   SKIP (already discovered): Maritime Museum St Michaels
[23:22:23]   SKIP (already discovered): Chartwell Golf & Country Club
[23:22:23]   SKIP (already discovered): Ruse
[23:22:23]   SKIP (already discovered): InGrano Bistro Bakery
[23:22:23]   SKIP (already discovered): Kent Manor Inn
[23:22:23]   SKIP (already discovered): Army Navy Country Club
[23:22:23]   SKIP (already discovered): River Bend Country Club
[23:22:23]   SKIP (already discovered): City Tavern DC
[23:22:23]   SKIP (already discovered): Baltimore Country Club
[23:22:23]   SKIP (already discovered): Vino and Pasta
[23:22:23]   SKIP (already discovered): 50 West Vineyards
[23:22:23]   SKIP (already discovered): The Galley Restaurant & Bar
[23:22:23]   SKIP (already discovered): Wylder Hotel Tilghman Island
[23:22:23]   SKIP (already discovered): Bistrot Lepic
[23:22:23]   SKIP (already discovered): Sunset Hills Winery
[23:22:23]   SKIP (already discovered): The Oaks Waterfront Hotel
[23:22:23] Cleaning up discovered_gigs.txt...
[23:22:29] 
[23:22:29] === Discovery Complete — Total new venues: 0 ===

[00:14:25] === Venue Discovery Started ===
[00:14:25] Fetching past gigs...
[00:14:28] Found 70 past gigs
[00:14:28] Fetching existing venues for dedup...
[00:14:32] Existing venues: 4616
[00:14:32]   SKIP (already discovered): L'Auberge Chez Francois
[00:14:32]   SKIP (already discovered): The Inn at Perry Cabin
[00:14:32]   SKIP (already discovered): The Maryland Club
[00:14:32]   SKIP (already discovered): Black Ankle Vineyards
[00:14:32]   SKIP (already discovered): Royal Restaurant
[00:14:32]   SKIP (already discovered): Good Spirit Farm Winery
[00:14:32]   SKIP (already discovered): Chesapeake Manor Vineyard
[00:14:32]   SKIP (already discovered): Elkridge Furnace Inn
[00:14:32]   SKIP (already discovered): Xella Winery and Vineyard
[00:14:32]   SKIP (already discovered): Twin Oaks Tavern Winery
[00:14:32]   SKIP (already discovered): Windridge Vineyards
[00:14:32]   SKIP (already discovered): University Club
[00:14:32]   SKIP (already discovered): The Farmhouse Tuscan
[00:14:32]   SKIP (already discovered): Big Cork Vineyards
[00:14:32]   SKIP (already discovered): Savage Mill Mall
[00:14:32]   SKIP (already discovered): Trueman Vineyards
[00:14:32]   SKIP (already discovered): Williams Gap Vineyard
[00:14:32]   SKIP (already discovered): Hello Betty Bethesda
[00:14:32]   SKIP (already discovered): The Madison Hotel
[00:14:32]   SKIP (already discovered): Belle Haven Country Club
[00:14:32]   SKIP (already discovered): Casanel Vineyards & Winery
[00:14:32]   SKIP (already discovered): Chrysalis Vineyards at The Ag District
[00:14:32]   SKIP (already discovered): Corteau Winery
[00:14:32]   SKIP (already discovered): Penn Oaks Winery
[00:14:32]   SKIP (already discovered): Pizza Pomodoro
[00:14:32]   SKIP (already discovered): Hidden Brook Winery
[00:14:32]   SKIP (already discovered): Simple Theory Wine Co
[00:14:32]   SKIP (already discovered): Brightview Perry Hall
[00:14:32]   SKIP (already discovered): Lake Anne Coffee House & Wine Bar
[00:14:32]   SKIP (already discovered): Gaylord National Harbor
[00:14:32]   SKIP (already discovered): Woodberry Kitchen
[00:14:32]   SKIP (already discovered): Great Sage
[00:14:32]   SKIP (already discovered): Cosmos Club DC
[00:14:32]   SKIP (already discovered): Doukénie Winery
[00:14:32]   SKIP (already discovered): State Plaza Hotel DC
[00:14:32]   SKIP (already discovered): Hyatt Cambridge
[00:14:32]   SKIP (already discovered): Greenhill Vineyards
[00:14:32]   SKIP (already discovered): Loudoun Golf & Country Club
[00:14:32]   SKIP (already discovered): Creek's Edge Winery
[00:14:32]   SKIP (already discovered): The Milton Inn
[00:14:32]   SKIP (already discovered): Country Club of Fairfax
[00:14:32]   SKIP (already discovered): Century Club Hagerstown
[00:14:32]   SKIP (already discovered): Rock Spring Farm
[00:14:32]   SKIP (already discovered): Janemark Winery & Vineyard
[00:14:32]   SKIP (already discovered): Alma Cocina Latina
[00:14:32]   SKIP (already discovered): Omni Shoreham Hotel
[00:14:32]   SKIP (already discovered): Knoxie's Table
[00:14:32]   SKIP (already discovered): 1757 Golf Club
[00:14:32]   SKIP (already discovered): Holly Hills Country Club
[00:14:32]   SKIP (already discovered): Conrad Washington DC
[00:14:32]   SKIP (already discovered): Pirouette Restaurant & Wine Shop
[00:14:32]   SKIP (already discovered): Le Méridien Arlington
[00:14:32]   SKIP (already discovered): Dulles Town Center
[00:14:32]   SKIP (already discovered): Hidden Hills Farm and Vineyard
[00:14:32]   SKIP (already discovered): Maritime Museum St Michaels
[00:14:32]   SKIP (already discovered): Chartwell Golf & Country Club
[00:14:32]   SKIP (already discovered): Ruse
[00:14:32]   SKIP (already discovered): InGrano Bistro Bakery
[00:14:32]   SKIP (already discovered): Kent Manor Inn
[00:14:32]   SKIP (already discovered): Army Navy Country Club
[00:14:32]   SKIP (already discovered): River Bend Country Club
[00:14:32]   SKIP (already discovered): City Tavern DC
[00:14:32]   SKIP (already discovered): Baltimore Country Club
[00:14:32]   SKIP (already discovered): Vino and Pasta
[00:14:32]   SKIP (already discovered): 50 West Vineyards
[00:14:32]   SKIP (already discovered): The Galley Restaurant & Bar
[00:14:32]   SKIP (already discovered): Wylder Hotel Tilghman Island
[00:14:32]   SKIP (already discovered): Bistrot Lepic
[00:14:32]   SKIP (already discovered): Sunset Hills Winery
[00:14:32]   SKIP (already discovered): The Oaks Waterfront Hotel
[00:14:32] Cleaning up discovered_gigs.txt...
[00:14:38] 
[00:14:38] === Discovery Complete — Total new venues: 0 ===

[00:17:02] === Venue Discovery Started ===
[00:17:02] Fetching past gigs...
[00:17:05] Found 70 past gigs
[00:17:05] Fetching existing venues for dedup...
[00:17:09] Existing venues: 4676
[00:17:09]   SKIP (already discovered): L'Auberge Chez Francois
[00:17:09]   SKIP (already discovered): The Inn at Perry Cabin
[00:17:09]   SKIP (already discovered): The Maryland Club
[00:17:09]   SKIP (already discovered): Black Ankle Vineyards
[00:17:09]   SKIP (already discovered): Royal Restaurant
[00:17:09]   SKIP (already discovered): Good Spirit Farm Winery
[00:17:09]   SKIP (already discovered): Chesapeake Manor Vineyard
[00:17:09]   SKIP (already discovered): Elkridge Furnace Inn
[00:17:09]   SKIP (already discovered): Xella Winery and Vineyard
[00:17:09]   SKIP (already discovered): Twin Oaks Tavern Winery
[00:17:09]   SKIP (already discovered): Windridge Vineyards
[00:17:09]   SKIP (already discovered): University Club
[00:17:09]   SKIP (already discovered): The Farmhouse Tuscan
[00:17:09]   SKIP (already discovered): Big Cork Vineyards
[00:17:09]   SKIP (already discovered): Savage Mill Mall
[00:17:09]   SKIP (already discovered): Trueman Vineyards
[00:17:09]   SKIP (already discovered): Williams Gap Vineyard
[00:17:09]   SKIP (already discovered): Hello Betty Bethesda
[00:17:09]   SKIP (already discovered): The Madison Hotel
[00:17:09]   SKIP (already discovered): Belle Haven Country Club
[00:17:09]   SKIP (already discovered): Casanel Vineyards & Winery
[00:17:09]   SKIP (already discovered): Chrysalis Vineyards at The Ag District
[00:17:09]   SKIP (already discovered): Corteau Winery
[00:17:09]   SKIP (already discovered): Penn Oaks Winery
[00:17:09]   SKIP (already discovered): Pizza Pomodoro
[00:17:09]   SKIP (already discovered): Hidden Brook Winery
[00:17:09]   SKIP (already discovered): Simple Theory Wine Co
[00:17:09]   SKIP (already discovered): Brightview Perry Hall
[00:17:10]   SKIP (already discovered): Lake Anne Coffee House & Wine Bar
[00:17:10]   SKIP (already discovered): Gaylord National Harbor
[00:17:10]   SKIP (already discovered): Woodberry Kitchen
[00:17:10]   SKIP (already discovered): Great Sage
[00:17:10]   SKIP (already discovered): Cosmos Club DC
[00:17:10]   SKIP (already discovered): Doukénie Winery
[00:17:10]   SKIP (already discovered): State Plaza Hotel DC
[00:17:10]   SKIP (already discovered): Hyatt Cambridge
[00:17:10]   SKIP (already discovered): Greenhill Vineyards
[00:17:10]   SKIP (already discovered): Loudoun Golf & Country Club
[00:17:10]   SKIP (already discovered): Creek's Edge Winery
[00:17:10]   SKIP (already discovered): The Milton Inn
[00:17:10]   SKIP (already discovered): Country Club of Fairfax
[00:17:10]   SKIP (already discovered): Century Club Hagerstown
[00:17:10]   SKIP (already discovered): Rock Spring Farm
[00:17:10]   SKIP (already discovered): Janemark Winery & Vineyard
[00:17:10]   SKIP (already discovered): Alma Cocina Latina
[00:17:10]   SKIP (already discovered): Omni Shoreham Hotel
[00:17:10]   SKIP (already discovered): Knoxie's Table
[00:17:10]   SKIP (already discovered): 1757 Golf Club
[00:17:10]   SKIP (already discovered): Holly Hills Country Club
[00:17:10]   SKIP (already discovered): Conrad Washington DC
[00:17:10]   SKIP (already discovered): Pirouette Restaurant & Wine Shop
[00:17:10]   SKIP (already discovered): Le Méridien Arlington
[00:17:10]   SKIP (already discovered): Dulles Town Center
[00:17:10]   SKIP (already discovered): Hidden Hills Farm and Vineyard
[00:17:10]   SKIP (already discovered): Maritime Museum St Michaels
[00:17:10]   SKIP (already discovered): Chartwell Golf & Country Club
[00:17:10]   SKIP (already discovered): Ruse
[00:17:10]   SKIP (already discovered): InGrano Bistro Bakery
[00:17:10]   SKIP (already discovered): Kent Manor Inn
[00:17:10]   SKIP (already discovered): Army Navy Country Club
[00:17:10]   SKIP (already discovered): River Bend Country Club
[00:17:10]   SKIP (already discovered): City Tavern DC
[00:17:10]   SKIP (already discovered): Baltimore Country Club
[00:17:10]   SKIP (already discovered): Vino and Pasta
[00:17:10]   SKIP (already discovered): 50 West Vineyards
[00:17:10]   SKIP (already discovered): The Galley Restaurant & Bar
[00:17:10]   SKIP (already discovered): Wylder Hotel Tilghman Island
[00:17:10]   SKIP (already discovered): Bistrot Lepic
[00:17:10]   SKIP (already discovered): Sunset Hills Winery
[00:17:10]   SKIP (already discovered): The Oaks Waterfront Hotel
[00:17:10] Cleaning up discovered_gigs.txt...
[00:17:16] 
[00:17:16] === Discovery Complete — Total new venues: 0 ===

[00:17:23] === Taste Discovery Mode Started ===
[00:17:23] MAX_QUERIES=28
[00:17:23] Fetching existing venues + past gigs for dedup...
[00:17:30] Existing venues + past gigs: 0
[00:17:30] Generating search queries from taste profile...
[00:17:30] Generated 138 queries (28 will run this session)
[00:17:30] 
[00:17:30] === Taste Query [1/28]: has wheelchair accessible parking lot historic fine dining restaurant McLean VA ===
[00:17:36]   Scrolling search results...
[00:17:44]   Extracting results...
[00:17:44]   Found 49 results

[00:19:39] === Venue Discovery Started ===
[00:19:39] Fetching past gigs...
[00:19:41] Found 70 past gigs
[00:19:41] Fetching existing venues for dedup...
[00:19:45] Existing venues: 4677
[00:19:45]   SKIP (already discovered): L'Auberge Chez Francois
[00:19:45]   SKIP (already discovered): The Inn at Perry Cabin
[00:19:45]   SKIP (already discovered): The Maryland Club
[00:19:45]   SKIP (already discovered): Black Ankle Vineyards
[00:19:45]   SKIP (already discovered): Royal Restaurant
[00:19:45]   SKIP (already discovered): Good Spirit Farm Winery
[00:19:45]   SKIP (already discovered): Chesapeake Manor Vineyard
[00:19:45]   SKIP (already discovered): Elkridge Furnace Inn
[00:19:45]   SKIP (already discovered): Xella Winery and Vineyard
[00:19:45]   SKIP (already discovered): Twin Oaks Tavern Winery
[00:19:45]   SKIP (already discovered): Windridge Vineyards
[00:19:45]   SKIP (already discovered): University Club
[00:19:45]   SKIP (already discovered): The Farmhouse Tuscan
[00:19:45]   SKIP (already discovered): Big Cork Vineyards
[00:19:45]   SKIP (already discovered): Savage Mill Mall
[00:19:45]   SKIP (already discovered): Trueman Vineyards
[00:19:45]   SKIP (already discovered): Williams Gap Vineyard
[00:19:45]   SKIP (already discovered): Hello Betty Bethesda
[00:19:45]   SKIP (already discovered): The Madison Hotel
[00:19:45]   SKIP (already discovered): Belle Haven Country Club
[00:19:45]   SKIP (already discovered): Casanel Vineyards & Winery
[00:19:45]   SKIP (already discovered): Chrysalis Vineyards at The Ag District
[00:19:45]   SKIP (already discovered): Corteau Winery
[00:19:45]   SKIP (already discovered): Penn Oaks Winery
[00:19:45]   SKIP (already discovered): Pizza Pomodoro
[00:19:45]   SKIP (already discovered): Hidden Brook Winery
[00:19:45]   SKIP (already discovered): Simple Theory Wine Co
[00:19:45]   SKIP (already discovered): Brightview Perry Hall
[00:19:45]   SKIP (already discovered): Lake Anne Coffee House & Wine Bar
[00:19:45]   SKIP (already discovered): Gaylord National Harbor
[00:19:45]   SKIP (already discovered): Woodberry Kitchen
[00:19:45]   SKIP (already discovered): Great Sage
[00:19:45]   SKIP (already discovered): Cosmos Club DC
[00:19:45]   SKIP (already discovered): Doukénie Winery
[00:19:45]   SKIP (already discovered): State Plaza Hotel DC
[00:19:45]   SKIP (already discovered): Hyatt Cambridge
[00:19:45]   SKIP (already discovered): Greenhill Vineyards
[00:19:45]   SKIP (already discovered): Loudoun Golf & Country Club
[00:19:45]   SKIP (already discovered): Creek's Edge Winery
[00:19:45]   SKIP (already discovered): The Milton Inn
[00:19:45]   SKIP (already discovered): Country Club of Fairfax
[00:19:45]   SKIP (already discovered): Century Club Hagerstown
[00:19:45]   SKIP (already discovered): Rock Spring Farm
[00:19:45]   SKIP (already discovered): Janemark Winery & Vineyard
[00:19:45]   SKIP (already discovered): Alma Cocina Latina
[00:19:45]   SKIP (already discovered): Omni Shoreham Hotel
[00:19:45]   SKIP (already discovered): Knoxie's Table
[00:19:45]   SKIP (already discovered): 1757 Golf Club
[00:19:45]   SKIP (already discovered): Holly Hills Country Club
[00:19:45]   SKIP (already discovered): Conrad Washington DC
[00:19:45]   SKIP (already discovered): Pirouette Restaurant & Wine Shop
[00:19:45]   SKIP (already discovered): Le Méridien Arlington
[00:19:45]   SKIP (already discovered): Dulles Town Center
[00:19:45]   SKIP (already discovered): Hidden Hills Farm and Vineyard
[00:19:45]   SKIP (already discovered): Maritime Museum St Michaels
[00:19:45]   SKIP (already discovered): Chartwell Golf & Country Club
[00:19:45]   SKIP (already discovered): Ruse
[00:19:45]   SKIP (already discovered): InGrano Bistro Bakery
[00:19:45]   SKIP (already discovered): Kent Manor Inn
[00:19:45]   SKIP (already discovered): Army Navy Country Club
[00:19:45]   SKIP (already discovered): River Bend Country Club
[00:19:45]   SKIP (already discovered): City Tavern DC
[00:19:45]   SKIP (already discovered): Baltimore Country Club
[00:19:45]   SKIP (already discovered): Vino and Pasta
[00:19:45]   SKIP (already discovered): 50 West Vineyards
[00:19:45]   SKIP (already discovered): The Galley Restaurant & Bar
[00:19:45]   SKIP (already discovered): Wylder Hotel Tilghman Island
[00:19:45]   SKIP (already discovered): Bistrot Lepic
[00:19:45]   SKIP (already discovered): Sunset Hills Winery
[00:19:45]   SKIP (already discovered): The Oaks Waterfront Hotel
[00:19:45] Cleaning up discovered_gigs.txt...
[00:19:50] 
[00:19:50] === Discovery Complete — Total new venues: 0 ===

[00:54:27] === Venue Discovery Started ===
[00:54:27] Fetching past gigs...
[00:54:29] Found 70 past gigs
[00:54:29] Fetching existing venues for dedup...
[00:54:36] Existing venues: 4797 (unique names incl. past gigs: 4365, websites: 3238)
[00:54:36]   SKIP (already discovered): L'Auberge Chez Francois
[00:54:36]   SKIP (already discovered): The Inn at Perry Cabin
[00:54:36]   SKIP (already discovered): The Maryland Club
[00:54:36]   SKIP (already discovered): Black Ankle Vineyards
[00:54:36]   SKIP (already discovered): Royal Restaurant
[00:54:36]   SKIP (already discovered): Good Spirit Farm Winery
[00:54:36]   SKIP (already discovered): Chesapeake Manor Vineyard
[00:54:36]   SKIP (already discovered): Elkridge Furnace Inn
[00:54:36]   SKIP (already discovered): Xella Winery and Vineyard
[00:54:36]   SKIP (already discovered): Twin Oaks Tavern Winery
[00:54:36]   SKIP (already discovered): Windridge Vineyards
[00:54:36]   SKIP (already discovered): University Club
[00:54:36]   SKIP (already discovered): The Farmhouse Tuscan
[00:54:36]   SKIP (already discovered): Big Cork Vineyards
[00:54:36]   SKIP (already discovered): Savage Mill Mall
[00:54:36]   SKIP (already discovered): Trueman Vineyards
[00:54:36]   SKIP (already discovered): Williams Gap Vineyard
[00:54:36]   SKIP (already discovered): Hello Betty Bethesda
[00:54:36]   SKIP (already discovered): The Madison Hotel
[00:54:36]   SKIP (already discovered): Belle Haven Country Club
[00:54:36]   SKIP (already discovered): Casanel Vineyards & Winery
[00:54:36]   SKIP (already discovered): Chrysalis Vineyards at The Ag District
[00:54:36]   SKIP (already discovered): Corteau Winery
[00:54:36]   SKIP (already discovered): Penn Oaks Winery
[00:54:36]   SKIP (already discovered): Pizza Pomodoro
[00:54:36]   SKIP (already discovered): Hidden Brook Winery
[00:54:36]   SKIP (already discovered): Simple Theory Wine Co
[00:54:36]   SKIP (already discovered): Brightview Perry Hall
[00:54:36]   SKIP (already discovered): Lake Anne Coffee House & Wine Bar
[00:54:36]   SKIP (already discovered): Gaylord National Harbor
[00:54:36]   SKIP (already discovered): Woodberry Kitchen
[00:54:36]   SKIP (already discovered): Great Sage
[00:54:36]   SKIP (already discovered): Cosmos Club DC
[00:54:36]   SKIP (already discovered): Doukénie Winery
[00:54:36]   SKIP (already discovered): State Plaza Hotel DC
[00:54:36]   SKIP (already discovered): Hyatt Cambridge
[00:54:36]   SKIP (already discovered): Greenhill Vineyards
[00:54:36]   SKIP (already discovered): Loudoun Golf & Country Club
[00:54:36]   SKIP (already discovered): Creek's Edge Winery
[00:54:36]   SKIP (already discovered): The Milton Inn
[00:54:36]   SKIP (already discovered): Country Club of Fairfax
[00:54:36]   SKIP (already discovered): Century Club Hagerstown
[00:54:36]   SKIP (already discovered): Rock Spring Farm
[00:54:36]   SKIP (already discovered): Janemark Winery & Vineyard
[00:54:36]   SKIP (already discovered): Alma Cocina Latina
[00:54:36]   SKIP (already discovered): Omni Shoreham Hotel
[00:54:36]   SKIP (already discovered): Knoxie's Table
[00:54:36]   SKIP (already discovered): 1757 Golf Club
[00:54:36]   SKIP (already discovered): Holly Hills Country Club
[00:54:36]   SKIP (already discovered): Conrad Washington DC
[00:54:36]   SKIP (already discovered): Pirouette Restaurant & Wine Shop
[00:54:36]   SKIP (already discovered): Le Méridien Arlington
[00:54:36]   SKIP (already discovered): Dulles Town Center
[00:54:36]   SKIP (already discovered): Hidden Hills Farm and Vineyard
[00:54:36]   SKIP (already discovered): Maritime Museum St Michaels
[00:54:36]   SKIP (already discovered): Chartwell Golf & Country Club
[00:54:36]   SKIP (already discovered): Ruse
[00:54:36]   SKIP (already discovered): InGrano Bistro Bakery
[00:54:36]   SKIP (already discovered): Kent Manor Inn
[00:54:36]   SKIP (already discovered): Army Navy Country Club
[00:54:36]   SKIP (already discovered): River Bend Country Club
[00:54:36]   SKIP (already discovered): City Tavern DC
[00:54:36]   SKIP (already discovered): Baltimore Country Club
[00:54:36]   SKIP (already discovered): Vino and Pasta
[00:54:36]   SKIP (already discovered): 50 West Vineyards
[00:54:36]   SKIP (already discovered): The Galley Restaurant & Bar
[00:54:36]   SKIP (already discovered): Wylder Hotel Tilghman Island
[00:54:36]   SKIP (already discovered): Bistrot Lepic
[00:54:36]   SKIP (already discovered): Sunset Hills Winery
[00:54:36]   SKIP (already discovered): The Oaks Waterfront Hotel
[00:54:36] Cleaning up discovered_gigs.txt...
[00:54:41]   Cleanup done: removed 0, kept 73
[00:54:41] 
[00:54:41] === Discovery Complete — Total new venues: 0 ===

[00:54:50] === Taste Discovery Mode Started ===
[00:54:50] WARNING: taste_venues.txt changed after taste_keywords.json was built — run './discover.sh --learn' to refresh the profile.
[00:54:50] MAX_QUERIES=29
[00:54:50] Generating search queries from taste profile...
[00:54:50]   generated=465 completed=301 remaining=164 profile=2026-03-26T16:21:17.447427 source_gigs=28
[00:54:50] Generated 164 queries (29 will run this session)
[00:54:50] Fetching existing venues + past gigs for dedup...
[00:54:54] Existing venues + past gigs: 4365 (venues=4797 gigs=71 websites=3238)
[00:54:54] 
[00:54:54] === Taste Query [1/29]: fine art gallery St. Michaels MD ===
[00:55:00]   Scrolling search results...
[00:55:08]   Extracting results...
[00:55:09]   FAILED: Chrome returned NO_PANEL (rc=0) — query NOT marked done
[00:55:12] 
[00:55:12] === Taste Query [2/29]: fine art gallery Easton MD ===
[00:55:17]   Scrolling search results...
[00:55:26]   Extracting results...
[00:55:26]   Found 14 results
[00:55:26]   SKIP (exists: MD-MUSE-551): Troika Gallery
[00:55:26]   SKIP (exists: MD-ART_-597): The Trippe Gallery
[00:55:26]   SKIP (exists: MD-REST-3303): Wildlife - Gallery of Fine Art, Photographed & Inspired by Nature
[00:55:26]   SKIP (exists: MD-ART_-112): Academy Art Museum
[00:55:26]   SKIP (exists: MD-REST-3301): STUDIO B GALLERY
[00:55:26]   SKIP (exists: MD-REST-3302): The Zebra Gallery
[00:55:26]   SKIP (exists: MD-EVEN-484): Zach Gallery
[00:55:26]   SKIP (classified other): SFS Fiber Art -- No reviews
[00:55:26]   SKIP (classified other): Flying Cloud Fine Art Posters -- Poster store
[00:55:26]   [WEBSITE] Looking up: Easton Antiques & Art Gallery
[00:55:31]   [WEBSITE] Looking up: 9S Studios
[00:55:35]   [WEBSITE] Looking up: Spiralis Gallery
[00:55:40]   [WEBSITE] Looking up: Le Hatchery
[00:55:44]   [WEBSITE] Looking up: Savant HOME • Trouvé Gallery
[00:56:17]   ADDED (score 55): Easton Antiques & Art Gallery (art_gallery, 4.4*, 17 reviews, location unknown) -> XX-ART_-001
[00:56:17]     No matching website found — remains needs_review
[00:56:17]   ADDED (score 60): 9S Studios (art_gallery, 5.0*, 2 reviews, location unknown) -> XX-ART_-002
[00:56:17]     Website: https://www.9sstudios.com
[00:56:17]     Website saved; city/state not confirmed from the listing — remains needs_review
[00:56:17]   ADDED (score 40): Spiralis Gallery (art_gallery, *,  reviews, location unknown) -> XX-ART_-003
[00:56:17]     Website: https://www.spiralisgallery.com
[00:56:17]     Website saved; city/state not confirmed from the listing — remains needs_review
[00:56:17]   ADDED (score 60): Le Hatchery (art_gallery, 4.8*, 8 reviews, location unknown) -> XX-ART_-004
[00:56:17]     No matching website found — remains needs_review
[00:56:17]   ADDED (score 40): Savant HOME • Trouvé Gallery (art_gallery, *,  reviews, location unknown) -> XX-ART_-005
[00:56:17]     No matching website found — remains needs_review
[00:56:17]   Added 5 new venues from query
[00:56:23] 
[00:56:23] === Taste Query [3/29]: fine art gallery Annapolis MD ===
[00:56:30]   Scrolling search results...
[00:56:36]   Extracting results...
[00:56:36]   Found 22 results
[00:56:36]   SKIP (exists: MD-ART_-782): Gallery 57 West
[00:56:36]   SKIP (exists: MD-ART_-717): McBride Gallery
[00:56:36]   SKIP (exists: MD-REST-3306): Jo Fleming Contemporary Art Gallery
[00:56:36]   SKIP (exists: MD-ART_-813): Annapolis Marine Art Gallery
[00:56:36]   SKIP (exists: MD-REST-3304): Annapolis Pearl Gallery
[00:56:36]   SKIP (exists: MD-ART_-720): The Annapolis Collection Gallery
[00:56:36]   SKIP (exists: MD-ART_-1646): Circle Gallery
[00:56:36]   SKIP (classified other): Kim Hovell Fine Art -- Artist
[00:56:36]   SKIP (classified other): Brenda Larson - Annapolis Contemporary Artist -- Artist
[00:56:36]   SKIP (classified other): Art Things -- Art supply store
[00:56:36]   SKIP (classified other): Atlantic Arts Inc -- No reviews
[00:56:36]   [WEBSITE] Looking up: Main St Gallery Inc
[00:56:41]   [WEBSITE] Looking up: Mitchell Art Museum at St. John’s College
[00:56:45]   [WEBSITE] Looking up: Maryland Federation of Art
[00:56:50]   [WEBSITE] Looking up: West Annapolis Artworks & Fine Framing
[00:56:55]   [WEBSITE] Looking up: Nancy Hammond Editions
[00:56:59]   [WEBSITE] Looking up: Art by Andrew French — Gallery & Studio
[00:57:04]   [WEBSITE] Looking up: Local by Design Annapolis Mall
[00:57:08]   [WEBSITE] Looking up: Annapolis Arts District
[00:57:13]   [WEBSITE] Looking up: Lisa Masson Studio Gallery
[00:57:18]   [WEBSITE] Looking up: Gallery 333
[00:57:22]   [WEBSITE] Looking up: Local By Design Downtown
[00:58:06]   ADDED (score 60): Main St Gallery Inc (art_gallery, 5.0*, 6 reviews, location unknown) -> XX-ART_-006
[00:58:06]     No matching website found — remains needs_review
[00:58:06]   SKIP (same website as MD-ART_-716): Mitchell Art Museum at St. John’s College -- sjc.edu
[00:58:06]   ADDED (score 60): Maryland Federation of Art (art_gallery, 4.8*, 38 reviews, location unknown) -> XX-ART_-007
[00:58:06]     No matching website found — remains needs_review
[00:58:06]   ADDED (score 60): West Annapolis Artworks & Fine Framing (art_gallery, 4.9*, 27 reviews, location unknown) -> XX-ART_-008
[00:58:06]     Website: http://westannapolisartworks.com
[00:58:06]     Website saved; city/state not confirmed from the listing — remains needs_review
[00:58:06]   ADDED (score 60): Nancy Hammond Editions (art_gallery, 4.7*, 33 reviews, location unknown) -> XX-ART_-009
[00:58:06]     Website: http://www.nancyhammondeditions.com
[00:58:06]     Website saved; city/state not confirmed from the listing — remains needs_review
[00:58:06]   ADDED (score 40): Art by Andrew French — Gallery & Studio (art_gallery, *,  reviews, location unknown) -> XX-ART_-010
[00:58:06]     Website: https://www.andrewfrenchart.com
[00:58:06]     Website saved; city/state not confirmed from the listing — remains needs_review
[00:58:06]   ADDED (score 45): Local by Design Annapolis Mall (art_gallery, 3.9*, 15 reviews, location unknown) -> XX-ART_-011
[00:58:06]     Website: http://www.localbydesignannapolis.com
[00:58:06]     Website saved; city/state not confirmed from the listing — remains needs_review
[00:58:06]   ADDED (score 45): Annapolis Arts District (art_gallery, 3.8*, 6 reviews, location unknown) -> XX-ART_-012
[00:58:06]     Website: http://www.annapolisartsdistrict.org
[00:58:06]     Website saved; city/state not confirmed from the listing — remains needs_review
[00:58:06]   ADDED (score 55): Lisa Masson Studio Gallery (art_gallery, 4.5*, 2 reviews, location unknown) -> XX-ART_-013
[00:58:06]     Website: http://lisamassonphotography.com
[00:58:06]     Website saved; city/state not confirmed from the listing — remains needs_review
[00:58:06]   ADDED (score 60): Gallery 333 (art_gallery, 5.0*, 1 reviews, location unknown) -> XX-ART_-014
[00:58:06]     No matching website found — remains needs_review
[00:58:06]   SKIP (same website as XX-ART_-011): Local By Design Downtown -- localbydesignannapolis.com
[00:58:06]   Added 9 new venues from query
[00:58:11] 
[00:58:11] === Taste Query [4/29]: fine art gallery Roland Park Baltimore MD ===
[00:58:18]   Scrolling search results...
[00:58:26]   Extracting results...
[00:58:27]   Found 62 results
[00:58:27]   SKIP (exists: MD-SENI-2953): The Gallery Roland Park
[00:58:27]   SKIP (exists: MD-REST-3307): Renaissance Fine Arts
[00:58:27]   SKIP (exists: MD-REST-3308): The Baltimore Art Gallery in Hampden
[00:58:27]   SKIP (exists: MD-REST-3312): Galerie Myrtis
[00:58:27]   SKIP (exists: MD-REST-3309): Maryland Art Place Inc
[00:58:27]   SKIP (exists: MD-REST-3310): Highlandtown Gallery
[00:58:27]   SKIP (exists: MD-REST-3313): Gallery Blue Door
[00:58:27]   SKIP (classified other): Fine Arts Building -- Community college
[00:58:27]   SKIP (exists: MD-ART_-114): Creative Alliance
[00:58:27]   SKIP (classified other): Susan Washington Fine Art -- Artist
[00:58:27]   SKIP (classified other): Regmi’s fine art Studio -- No reviews
[00:58:27]   SKIP (classified other): ET Fine Arts -- No reviews
[00:58:27]   SKIP (classified other): Lance Moore Fine Art -- Artist
[00:58:27]   SKIP (classified other): Full Circle Fine Art Services -- Photo lab
[00:58:27]   SKIP (type): Schuler School of Fine Art -- Art school
[00:58:27]   SKIP (classified theater): Murphy Fine Arts Center -- Performing arts theater
[00:58:27]   SKIP (exists: MD-MUSE-1650): Baltimore Museum of Art
[00:58:27]   SKIP (classified other): HeARTwares by Art with a Heart -- Non-profit organization
[00:58:27]   SKIP (classified other): Lake Roland Nature Council -- Nature preserve
[00:58:27]   SKIP (exists: MD-MUSE-1648): Evergreen Museum & Library
[00:58:27]   SKIP (classified other): Deborah Patterson, Artist -- Artist
[00:58:27]   [WEBSITE] Looking up: Zo Gallery LLC

[01:03:55] === Taste Discovery Mode Started ===
[01:03:55] WARNING: taste_venues.txt changed after taste_keywords.json was built — run './discover.sh --learn' to refresh the profile.
[01:03:55] MAX_QUERIES=26
[01:03:55] Generating search queries from taste profile...
[01:03:55]   generated=465 completed=303 remaining=162 profile=2026-03-26T16:21:17.447427 source_gigs=28
[01:03:55] Generated 162 queries (26 will run this session)
[01:03:55] Fetching existing venues + past gigs for dedup...
[01:04:00] Existing venues + past gigs: 4379 (venues=4811 gigs=71 websites=3246)
[01:04:00] 
[01:04:00] === Taste Query [1/26]: fine art gallery St. Michaels MD ===
[01:04:06]   Scrolling search results...
[01:04:14]   Extracting results...
[01:04:14]   Found 4 results
[01:04:15]   SKIP (exists: MD-REST-3296): Studio 2 Saint Michaels
[01:04:15]   SKIP (exists: MD-REST-3297): BEALL GALLERY marine art
[01:04:15]   SKIP (exists: MD-REST-3298): Creative Xpressions
[01:04:15]   SKIP (name): Bay Cottage
[01:04:15]   Added 0 new venues from query
[01:04:23] 
[01:04:23] === Taste Query [2/26]: fine art gallery Roland Park Baltimore MD ===
[01:04:27]   Scrolling search results...
[01:04:35]   Extracting results...
[01:04:35]   Found 62 results
[01:04:35]   SKIP (exists: MD-SENI-2953): The Gallery Roland Park
[01:04:35]   SKIP (exists: MD-REST-3307): Renaissance Fine Arts
[01:04:35]   SKIP (exists: MD-REST-3308): The Baltimore Art Gallery in Hampden
[01:04:35]   SKIP (exists: MD-REST-3312): Galerie Myrtis
[01:04:35]   SKIP (exists: MD-REST-3309): Maryland Art Place Inc
[01:04:35]   SKIP (exists: MD-REST-3310): Highlandtown Gallery
[01:04:35]   SKIP (exists: MD-REST-3313): Gallery Blue Door
[01:04:35]   SKIP (classified other): Fine Arts Building -- Community college
[01:04:35]   SKIP (exists: MD-ART_-114): Creative Alliance
[01:04:35]   SKIP (classified other): Susan Washington Fine Art -- Artist
[01:04:35]   SKIP (classified other): Regmi’s fine art Studio -- No reviews
[01:04:35]   SKIP (classified other): ET Fine Arts -- No reviews
[01:04:35]   SKIP (classified other): Full Circle Fine Art Services -- Photo lab
[01:04:35]   SKIP (classified other): Lance Moore Fine Art -- Artist
[01:04:35]   SKIP (type): Schuler School of Fine Art -- Art school
[01:04:35]   SKIP (classified theater): Murphy Fine Arts Center -- Performing arts theater
[01:04:35]   SKIP (exists: MD-MUSE-1650): Baltimore Museum of Art
[01:04:35]   SKIP (classified other): HeARTwares by Art with a Heart -- Non-profit organization
[01:04:35]   SKIP (classified other): Lake Roland Nature Council -- Nature preserve
[01:04:35]   SKIP (exists: MD-MUSE-1648): Evergreen Museum & Library
[01:04:35]   SKIP (classified other): Deborah Patterson, Artist -- Artist
[01:04:35]   [WEBSITE] Looking up: Zo Gallery LLC
[01:04:40]   [WEBSITE] Looking up: James E. Lewis Museum of Art
[01:04:44]   [WEBSITE] Looking up: Craig Flinner Gallery
[01:04:49]   [WEBSITE] Looking up: Art Gallery of Fells Point
[01:04:54]   [WEBSITE] Looking up: How Great Thou Art
[01:04:58]   [WEBSITE] Looking up: C. Grimaldis Gallery
[01:05:03]   [WEBSITE] Looking up: Exeter Gallery
[01:05:07]   [WEBSITE] Looking up: Julio Fine Arts Gallery
[01:05:12]   [WEBSITE] Looking up: The Alchemy of Art
[01:05:17]   [WEBSITE] Looking up: Crystal Moll Gallery
[01:05:21]   [WEBSITE] Looking up: UMBC Fine Arts Building
[01:05:26]   [WEBSITE] Looking up: Winkel Gallery
[01:05:30]   [WEBSITE] Looking up: American Visionary Art Museum
[01:05:35]   [WEBSITE] Looking up: 20th Century Gallery
[01:05:40]   [WEBSITE] Looking up: Rosenberg Gallery
[01:05:44]   [WEBSITE] Looking up: Gallery CA
[01:05:49]   [WEBSITE] Looking up: AREA 405
[01:05:54]   [WEBSITE] Looking up: Pinkard Gallery
[01:05:58]   [WEBSITE] Looking up: Aye Gallery & Altar Studio
[01:06:03]   [WEBSITE] Looking up: The Art Gallery Xperience
[01:06:07]   [WEBSITE] Looking up: Goya Contemporary Gallery & Goya-Girl Press
[01:06:12]   [WEBSITE] Looking up: Andamento Studio & Gallery
[01:06:17]   [WEBSITE] Looking up: Arting Gallery
[01:06:21]   [WEBSITE] Looking up: Kelly L Walker Fine Art
[01:06:26]   [WEBSITE] Looking up: Fleckenstein Gallery & Archival Framing
[01:06:30]   [WEBSITE] Looking up: The Black Genius Art Show
[01:06:35]   [WEBSITE] Looking up: Waller Gallery
[01:06:40]   [WEBSITE] Looking up: Benson Originals Fine Art
[01:06:44]   [WEBSITE] Looking up: Contemporary Art Gallery Online
[01:06:49]   [WEBSITE] Looking up: New Door Creative Services
[01:06:53]   [WEBSITE] Looking up: Bromo Seltzer Arts Tower
[01:06:58]   [WEBSITE] Looking up: The Walters Art Museum
[01:07:03]   [WEBSITE] Looking up: Quid Nunc Art Gallery
[01:07:07]   [WEBSITE] Looking up: Highlandtown Arts District
[01:07:12]   [WEBSITE] Looking up: Sideshow at the American Visionary Art Museum
[01:07:16]   [WEBSITE] Looking up: Decker Gallery
[01:07:21]   [WEBSITE] Looking up: Goldsmith & CO. Art Galleries
[01:07:26]   [WEBSITE] Looking up: Baltimore Museum of Art Gift Shop
[01:07:30]   [WEBSITE] Looking up: UMBC Center for Art, Design and Visual Culture (CADVC)
[01:07:35]   [WEBSITE] Looking up: MONO PRACTICE
[01:07:39]   [WEBSITE] Looking up: Metro Baltimore
[01:13:36]   ADDED (score 60): Zo Gallery LLC (art_gallery, 4.9*, 16 reviews, Baltimore, MD) -> MD-ART_-2772
[01:13:36]     Website: http://www.zogallery.com
[01:13:36]     Promoted to untouched (website + location verified)
[01:13:36]   ADDED (score 60): James E. Lewis Museum of Art (museum, 5.0*, 20 reviews, Baltimore, MD) -> MD-MUSE-1657
[01:13:36]     Website: https://www.jelmamuseum.org
[01:13:36]     Promoted to untouched (website + location verified)
[01:13:36]   ADDED (score 60): Craig Flinner Gallery (art_gallery, 5.0*, 4 reviews, Baltimore, MD) -> MD-ART_-2773
[01:13:36]     No matching website found — remains needs_review
[01:13:36]   ADDED (score 50): Art Gallery of Fells Point (art_gallery, 4.3*, 3 reviews, Baltimore, MD) -> MD-ART_-2774
[01:13:36]     Website: http://www.fellspointgallery.org
[01:13:36]     Promoted to untouched (website + location verified)
[01:13:36]   ADDED (score 60): How Great Thou Art (art_gallery, 4.9*, 34 reviews, Baltimore, MD) -> MD-ART_-2775
[01:13:36]     No matching website found — remains needs_review
[01:13:36]   ADDED (score 50): C. Grimaldis Gallery (art_gallery, 4.3*, 16 reviews, Baltimore, MD) -> MD-ART_-2776
[01:13:36]     Website: http://www.cgrimaldisgallery.com
[01:13:36]     Promoted to untouched (website + location verified)
[01:13:36]   ADDED (score 60): Exeter Gallery (art_gallery, 4.9*, 10 reviews, location unknown) -> XX-ART_-015
[01:13:36]     No matching website found — remains needs_review
[01:13:36]   ADDED (score 40): Julio Fine Arts Gallery (art_gallery, *,  reviews, Baltimore, MD) -> MD-ART_-2777
[01:13:36]     No matching website found — remains needs_review
[01:13:36]   SKIP (same website as MD-REST-2355): The Alchemy of Art -- squarespace.com
[01:13:36]   ADDED (score 60): Crystal Moll Gallery (art_gallery, 5.0*, 22 reviews, Baltimore, MD) -> MD-ART_-2778
[01:13:36]     Website: http://www.crystalmoll.com
[01:13:36]     Promoted to untouched (website + location verified)
[01:13:36]   ADDED (score 55): UMBC Fine Arts Building (art_gallery, 4.4*, 143 reviews, Baltimore, MD) -> MD-ART_-2779
[01:13:36]     Website: https://art.umbc.edu/visual-arts-at-umbc/facilities
[01:13:36]     Promoted to untouched (website + location verified)
[01:13:36]   ADDED (score 60): Winkel Gallery (art_gallery, 4.8*, 16 reviews, Baltimore, MD) -> MD-ART_-2780
[01:13:36]     Website: https://www.winkelgallery.com
[01:13:36]     Promoted to untouched (website + location verified)
[01:13:36]   ADDED (score 65): American Visionary Art Museum (museum, 4.7*, 3257 reviews, Baltimore, MD) -> MD-MUSE-1658
[01:13:36]     Website: https://www.avam.org
[01:13:36]     Promoted to untouched (website + location verified)
[01:13:36]   ADDED (score 50): 20th Century Gallery (art_gallery, 4.0*, 2 reviews, location unknown) -> XX-ART_-016
[01:13:36]     No matching website found — remains needs_review
[01:13:36]   ADDED (score 60): Rosenberg Gallery (art_gallery, 4.7*, 7 reviews, location unknown) -> XX-ART_-017
[01:13:36]     No matching website found — remains needs_review
[01:13:36]   ADDED (score 60): Gallery CA (art_gallery, 4.8*, 9 reviews, Baltimore, MD) -> MD-ART_-2781
[01:13:36]     Website: http://galleryca.org
[01:13:36]     Promoted to untouched (website + location verified)
[01:13:36]   ADDED (score 50): AREA 405 (art_gallery, 4.3*, 39 reviews, Baltimore, MD) -> MD-ART_-2782
[01:13:36]     Website: http://www.area405.com
[01:13:36]     Promoted to untouched (website + location verified)
[01:13:36]   ADDED (score 40): Pinkard Gallery (art_gallery, *,  reviews, location unknown) -> XX-ART_-018
[01:13:36]     No matching website found — remains needs_review
[01:13:36]   ADDED (score 60): Aye Gallery & Altar Studio (art_gallery, 5.0*, 11 reviews, Baltimore, MD) -> MD-ART_-2783
[01:13:36]     No matching website found — remains needs_review
[01:13:36]   ADDED (score 60): The Art Gallery Xperience (art_gallery, 5.0*, 2 reviews, Baltimore, MD) -> MD-ART_-2784
[01:13:36]     No matching website found — remains needs_review
[01:13:36]   ADDED (score 50): Goya Contemporary Gallery & Goya-Girl Press (art_gallery, 4.0*, 9 reviews, Baltimore, MD) -> MD-ART_-2785
[01:13:36]     Website: http://goyacontemporary.com
[01:13:36]     Promoted to untouched (website + location verified)
[01:13:36]   ADDED (score 60): Andamento Studio & Gallery (art_gallery, 4.9*, 28 reviews, Baltimore, MD) -> MD-ART_-2786
[01:13:36]     Website: https://www.andamentogallery.com
[01:13:36]     Promoted to untouched (website + location verified)
[01:13:36]   ADDED (score 40): Arting Gallery (art_gallery, *,  reviews, Baltimore, MD) -> MD-ART_-2787
[01:13:36]     No matching website found — remains needs_review
[01:13:36]   ADDED (score 60): Kelly L Walker Fine Art (art_gallery, 5.0*, 2 reviews, Baltimore, MD) -> MD-ART_-2788
[01:13:36]     Website: http://www.kellywalkerfineart.com
[01:13:36]     Promoted to untouched (website + location verified)
[01:13:36]   ADDED (score 60): Fleckenstein Gallery & Archival Framing (art_gallery, 4.9*, 28 reviews, Baltimore, MD) -> MD-ART_-2789
[01:13:36]     Website: https://www.fleckensteingallery.com
[01:13:36]     Promoted to untouched (website + location verified)
[01:13:36]   ADDED (score 60): The Black Genius Art Show (art_gallery, 4.8*, 29 reviews, Baltimore, MD) -> MD-ART_-2790
[01:13:36]     Website: http://www.theblackgeniusartshow.com
[01:13:36]     Promoted to untouched (website + location verified)
[01:13:36]   ADDED (score 55): Waller Gallery (art_gallery, 4.5*, 8 reviews, Baltimore, MD) -> MD-ART_-2791
[01:13:36]     Website: http://wallergallery.com
[01:13:36]     Promoted to untouched (website + location verified)
[01:13:36]   ADDED (score 50): Benson Originals Fine Art (art_gallery, 4.0*, 1 reviews, Pikesville, MD) -> MD-ART_-2792
[01:13:36]     Website: https://bensonoriginalsfineart.com
[01:13:36]     Promoted to untouched (website + location verified)
[01:13:36]   ADDED (score 60): Contemporary Art Gallery Online (art_gallery, 5.0*, 3 reviews, location unknown) -> XX-ART_-019
[01:13:36]     Website: https://www.contemporaryartgalleryonline.com
[01:13:36]     Website saved; city/state not confirmed from the listing — remains needs_review
[01:13:36]   ADDED (score 60): New Door Creative Services (art_gallery, 5.0*, 7 reviews, Baltimore, MD) -> MD-ART_-2793
[01:13:36]     Website: http://www.newdoorcreative.com
[01:13:36]     Promoted to untouched (website + location verified)
[01:13:36]   ADDED (score 55): Bromo Seltzer Arts Tower (art_gallery, 4.6*, 202 reviews, Baltimore, MD) -> MD-ART_-2794
[01:13:36]     Website: http://www.bromoseltzertower.com
[01:13:36]     Promoted to untouched (website + location verified)
[01:13:36]   ADDED (score 65): The Walters Art Museum (museum, 4.8*, 3961 reviews, Baltimore, MD) -> MD-MUSE-1659
[01:13:36]     Website: https://thewalters.org
[01:13:36]     Promoted to untouched (website + location verified)
[01:13:36]   ADDED (score 60): Quid Nunc Art Gallery (art_gallery, 5.0*, 3 reviews, Baltimore, MD) -> MD-ART_-2795
[01:13:36]     Website: https://www.quid-nunc.art
[01:13:36]     Promoted to untouched (website + location verified)
[01:13:36]   ADDED (score 45): Highlandtown Arts District (art_gallery, 3.5*, 2 reviews, Baltimore, MD) -> MD-ART_-2796
[01:13:36]     No matching website found — remains needs_review
[01:13:36]   SKIP (same website as MD-REST-361): Sideshow at the American Visionary Art Museum -- wheree.com
[01:13:36]   ADDED (score 60): Decker Gallery (art_gallery, 5.0*, 1 reviews, location unknown) -> XX-ART_-020
[01:13:36]     No matching website found — remains needs_review
[01:13:36]   ADDED (score 60): Goldsmith & CO. Art Galleries (art_gallery, 5.0*, 3 reviews, Baltimore, MD) -> MD-ART_-2797
[01:13:36]     Website: https://www.goldsmith.comcoartgalleries.com
[01:13:36]     Promoted to untouched (website + location verified)
[01:13:36]   ADDED (score 60): Baltimore Museum of Art Gift Shop (museum, 4.8*, 4 reviews, Baltimore, MD) -> MD-MUSE-1660
[01:13:36]     No matching website found — remains needs_review
[01:13:36]   SKIP (same website as MD-ART_-2779): UMBC Center for Art, Design and Visual Culture (CADVC) -- umbc.edu
[01:13:36]   ADDED (score 60): MONO PRACTICE (art_gallery, 5.0*, 2 reviews, Baltimore, MD) -> MD-ART_-2798
[01:13:36]     Website: http://monopractice.com
[01:13:36]     Promoted to untouched (website + location verified)
[01:13:36]   ADDED (score 58): Metro Baltimore (art_gallery, 4.6*, 617 reviews, location unknown) -> XX-ART_-021
[01:13:36]     Website: https://metrobmore.com
[01:13:36]     Website saved; city/state not confirmed from the listing — remains needs_review
[01:13:36]   Added 38 new venues from query
[01:13:43] 
[01:13:43] === Taste Query [3/26]: wine list luxury hotel Georgetown DC ===
[01:13:48]   Scrolling search results...
[01:13:55]   Extracting results...
[01:13:55]   Found 14 results
[01:13:55]   SKIP (exists: past gig): Conrad Washington, DC
[01:13:55]   SKIP (exists: DC-REST-216): Four Seasons Hotel Washington, DC
[01:13:55]   SKIP (exists: DC-HOTE-2632): The Graham Georgetown
[01:13:55]   SKIP (type): The Ven at Embassy Row, Washington, D.C., a Tribute Portfolio Hotel -- Chic hotel with a rooftop pool
[01:13:55]   SKIP (exists: DC-REST-1567): The Rooftop at the Graham
[01:13:55]   SKIP (exists: DC-REST-223): Lyle Washington DC
[01:13:55]   SKIP (type): The Westin Georgetown, Washington D.C. -- Modern hotel with a gym & a pool
[01:13:55]   [WEBSITE] Looking up: Fairmont Washington D.C. Georgetown
[01:14:00]   [WEBSITE] Looking up: The Ritz-Carlton Georgetown, Washington, D.C.
[01:14:05]   [WEBSITE] Looking up: Rosewood Washington, D.C.
[01:14:09]   [WEBSITE] Looking up: One Washington Circle DC, Tapestry Collection by Hilton
[01:14:14]   [WEBSITE] Looking up: Park Hyatt Washington D.C.
[01:14:18]   [WEBSITE] Looking up: Canal House of Georgetown, a Tribute Portfolio Hotel
[01:14:23]   [WEBSITE] Looking up: The Watergate Hotel
[01:15:24]   ADDED (score 60): Fairmont Washington D.C. Georgetown (hotel, 4.6*, 2042 reviews, Washington, DC) -> DC-HOTE-2664
[01:15:24]     Website: https://www.fairmont.com/washington
[01:15:24]     Promoted to untouched (website + location verified)
[01:15:24]   ADDED (score 58): The Ritz-Carlton Georgetown, Washington, D.C. (hotel, 4.6*, 562 reviews, Washington, DC) -> DC-HOTE-2665
[01:15:24]     Website: https://www.ritzcarlton.com/en/hotels/wasgo-the-ritz-carlton-georgetown-washington-dc/overview
[01:15:24]     Promoted to untouched (website + location verified)
[01:15:24]   SKIP (server duplicate: DC-HOTE-2633): Rosewood Washington, D.C.
[01:15:24]   ADDED (score 55): One Washington Circle DC, Tapestry Collection by Hilton (hotel, 4.6*, 191 reviews, location unknown) -> XX-HOTE-631
[01:15:24]     Website: https://akacircle.washingtoninhotel.com
[01:15:24]     Website saved; city/state not confirmed from the listing — remains needs_review
[01:15:24]   ADDED (score 60): Park Hyatt Washington D.C. (hotel, 4.5*, 1317 reviews, Washington, DC) -> DC-HOTE-2666
[01:15:24]     Website: https://www.hyatt.com/park-hyatt/en-US/wasph-park-hyatt-washington-dc
[01:15:24]     Promoted to untouched (website + location verified)
[01:15:24]   ADDED (score 60): Canal House of Georgetown, a Tribute Portfolio Hotel (hotel, 4.8*, 234 reviews, Washington, DC) -> DC-HOTE-2667
[01:15:24]     Website: https://canal-house-of-georgetown-a-tribute-portfolio.hotel-washington-dc.net
[01:15:24]     Promoted to untouched (website + location verified)
[01:15:24]   SKIP (same website as DC-REST-646): The Watergate Hotel -- thewatergatehotel.com
[01:15:24]   Added 5 new venues from query
[01:15:29] 
[01:15:29] === Taste Query [4/26]: wine list luxury hotel Dupont Circle DC ===
[01:15:35]   Scrolling search results...
[01:15:43]   Extracting results...
[01:15:44]   Found 41 results
[01:15:44]   SKIP (exists: DC-REST-220): Waldorf Astoria Washington DC
[01:15:44]   SKIP (type): Kimpton Carlyle Dupont Circle -- Upscale lodging with dining & a gym
[01:15:44]   SKIP (exists: DC-REST-223): Lyle Washington DC
[01:15:44]   SKIP (exists: DC-HOTE-2644): The Royal Sonesta Washington DC Dupont Circle
[01:15:44]   SKIP (exists: DC-REST-218): The LINE DC
[01:15:44]   SKIP (exists: DC-HOTE-145): Tabard Inn
[01:15:44]   SKIP (exists: DC-HOTE-2666): Park Hyatt Washington D.C.
[01:15:44]   SKIP (exists: skipped earlier this run: duplicate of DC-HOTE-2633): Rosewood Washington, D.C.
[01:15:44]   SKIP (exists: DC-HOTE-2643): The Dupont Circle Hotel
[01:15:44]   SKIP (classified other): SIXTY DC -- Free Wi-Fi
[01:15:44]   SKIP (exists: DC-HOTE-2647): Hotel Madera
[01:15:44]   SKIP (type): The Ven at Embassy Row, Washington, D.C., a Tribute Portfolio Hotel -- Chic hotel with a rooftop pool
[01:15:44]   SKIP (exists: DC-HOTE-2638): The Mayflower Hotel, Autograph Collection
[01:15:44]   SKIP (exists: DC-HOTE-2659): Maison Dupont
[01:15:44]   SKIP (exists: DC-HOTE-1049): Tabard Inn Restaurant
[01:15:44]   SKIP (exists: DC-HOTE-2653): Kimpton Banneker Hotel
[01:15:44]   SKIP (exists: XX-HOTE-273): The Churchill Hotel Near Embassy Row
[01:15:44]   SKIP (exists: DC-REST-216): Four Seasons Hotel Washington, DC
[01:15:44]   SKIP (exists: DC-EVEN-2576): Swann House
[01:15:44]   SKIP (type): The Beacon at Embassy Row -- Cosmopolitan lodging with a gym
[01:15:44]   SKIP (exists: XX-HOTE-088): The Darcy
[01:15:44]   SKIP (exists: DC-HOTE-2665): The Ritz-Carlton Georgetown, Washington, D.C.
[01:15:44]   SKIP (type): The Baron Hotel -- Low-key lodging with a brick-walled pub
[01:15:44]   SKIP (exists: DC-REST-2338): Lady Bird, THE Roof Top Event Space
[01:15:44]   SKIP (exists: DC-REST-1036): Obelisk
[01:15:44]   SKIP (exists: DC-REST-657): The Greenhouse
[01:15:44]   SKIP (exists: DC-HOTE-2658): The Normandy Hotel
[01:15:44]   SKIP (score 35): Tag Rooftop Bar at The Ven at Embassy Row -- Bar
[01:15:44]   SKIP (exists: DC-REST-1249): The Mayflower Club
[01:15:44]   SKIP (exists: XX-HOTE-091): Canopy by Hilton Washington DC Embassy Row
[01:15:44]   SKIP (exists: DC-REST-654): Floriana
[01:15:44]   SKIP (exists: DC-REST-2796): Firefly
[01:15:44]   SKIP (exists: DC-REST-659): Certo!
[01:15:44]   [WEBSITE] Looking up: InterContinental the Willard Washington D.C. by IHG
[01:15:48]   [WEBSITE] Looking up: The Jefferson
[01:15:53]   [WEBSITE] Looking up: Doyle

[01:18:57] === Taste Discovery Mode Started ===
[01:18:57] WARNING: taste_venues.txt changed after taste_keywords.json was built — run './discover.sh --learn' to refresh the profile.
[01:18:57] MAX_QUERIES=23
[01:18:57] Generating search queries from taste profile...
[01:18:57]   generated=465 completed=306 remaining=159 profile=2026-03-26T16:21:17.447427 source_gigs=28
[01:18:57] Generated 159 queries (23 will run this session)
[01:18:57] Fetching existing venues + past gigs for dedup...
[01:19:05] Existing venues + past gigs: 4393 (venues=4850 gigs=71 websites=3267)
[01:19:05] 
[01:19:05] === Taste Query [1/23]: wine list luxury hotel Dupont Circle DC ===
[01:19:11]   Scrolling search results...
[01:19:20]   Extracting results...
[01:19:20]   Found 41 results
[01:19:20]   SKIP (exists: VA-HOTE-2939): Thompson Washington D.C., by Hyatt
[01:19:20]   SKIP (type): Kimpton Carlyle Dupont Circle -- Upscale lodging with dining & a gym
[01:19:20]   SKIP (exists: DC-REST-223): Lyle Washington DC
[01:19:20]   SKIP (exists: DC-HOTE-2644): The Royal Sonesta Washington DC Dupont Circle
[01:19:20]   SKIP (exists: DC-REST-222): The Jefferson
[01:19:20]   SKIP (exists: DC-REST-218): The LINE DC
[01:19:20]   SKIP (exists: DC-HOTE-145): Tabard Inn
[01:19:20]   SKIP (exists: DC-HOTE-2660): Park Hyatt Washington D.C.
[01:19:20]   SKIP (exists: DC-HOTE-2643): The Dupont Circle Hotel
[01:19:20]   SKIP (classified other): SIXTY DC -- Free Wi-Fi
[01:19:20]   SKIP (exists: DC-HOTE-2647): Hotel Madera
[01:19:20]   SKIP (exists: DC-HOTE-2645): The Ven at Embassy Row, Washington, D.C., a Tribute Portfolio Hotel
[01:19:20]   SKIP (exists: DC-HOTE-2638): The Mayflower Hotel, Autograph Collection
[01:19:20]   SKIP (exists: DC-HOTE-2659): Maison Dupont
[01:19:20]   SKIP (exists: DC-HOTE-1049): Tabard Inn Restaurant
[01:19:20]   SKIP (exists: DC-HOTE-2653): Kimpton Banneker Hotel
[01:19:20]   SKIP (exists: XX-HOTE-273): The Churchill Hotel Near Embassy Row
[01:19:20]   SKIP (exists: DC-REST-216): Four Seasons Hotel Washington, DC
[01:19:20]   SKIP (exists: DC-EVEN-2576): Swann House
[01:19:20]   SKIP (type): The Beacon at Embassy Row -- Cosmopolitan lodging with a gym
[01:19:20]   SKIP (exists: XX-HOTE-088): The Darcy
[01:19:20]   SKIP (exists: DC-HOTE-148): The Ritz-Carlton Georgetown, Washington, D.C.
[01:19:20]   SKIP (type): The Baron Hotel -- Low-key lodging with a brick-walled pub
[01:19:20]   SKIP (exists: DC-REST-2338): Lady Bird, THE Roof Top Event Space
[01:19:20]   SKIP (exists: DC-REST-1036): Obelisk
[01:19:20]   SKIP (exists: DC-REST-657): The Greenhouse
[01:19:20]   SKIP (exists: DC-HOTE-2658): The Normandy Hotel
[01:19:20]   SKIP (score 35): Tag Rooftop Bar at The Ven at Embassy Row -- Bar
[01:19:20]   SKIP (exists: DC-REST-1249): The Mayflower Club
[01:19:20]   SKIP (exists: XX-HOTE-091): Canopy by Hilton Washington DC Embassy Row
[01:19:20]   SKIP (exists: DC-REST-654): Floriana
[01:19:20]   SKIP (exists: DC-REST-2796): Firefly
[01:19:20]   SKIP (exists: DC-REST-659): Certo!
[01:19:20]   [WEBSITE] Looking up: InterContinental the Willard Washington D.C. by IHG
[01:19:25]   [WEBSITE] Looking up: Doyle
[01:19:29]   [WEBSITE] Looking up: Eurostars St Gregory
[01:19:34]   [WEBSITE] Looking up: The St. Regis Washington, D.C.
[01:19:38]   [WEBSITE] Looking up: Rosewood Washington, D.C.
[01:19:43]   [WEBSITE] Looking up: The Hay-Adams
[01:19:48]   [WEBSITE] Looking up: Quill at The Jefferson
[01:19:52]   [WEBSITE] Looking up: Washington Marriott Georgetown
[01:20:46]   SKIP (same website as XX-HOTE-631): InterContinental the Willard Washington D.C. by IHG -- washingtoninhotel.com
[01:20:46]   ADDED (score 43): Doyle (bar, 4.3*, 509 reviews, Washington, DC) -> DC-BAR-001
[01:20:46]     Website: https://doyle.bar
[01:20:46]     Category 'bar' is a guess (sheet:bar) — remains needs_review
[01:20:46]   SKIP (same website as DC-REST-1069): Eurostars St Gregory -- eurostarshotels.us
[01:20:46]   ADDED (score 60): The St. Regis Washington, D.C. (hotel, 4.5*, 1288 reviews, Washington, DC) -> DC-HOTE-2668
[01:20:46]     Website: https://www.marriott.com/en-us/hotels/wassx-the-st-regis-washington-dc/overview
[01:20:46]     Promoted to untouched (website + location verified)
[01:20:46]   SKIP (server duplicate: DC-HOTE-2633): Rosewood Washington, D.C.
[01:20:46]   ADDED (score 60): The Hay-Adams (hotel, 4.6*, 1462 reviews, Washington, DC) -> DC-HOTE-2669
[01:20:46]     Website: https://www.hayadams.com
[01:20:46]     Promoted to untouched (website + location verified)
[01:20:46]   SKIP (same website as DC-REST-222): Quill at The Jefferson -- jeffersondc.com
[01:20:46]   ADDED (score 55): Washington Marriott Georgetown (hotel, 4.3*, 1962 reviews, Washington, DC) -> DC-HOTE-2670
[01:20:46]     Website: https://www.marriott.com/en-us/hotels/waswe-washington-marriott-georgetown/overview
[01:20:46]     Promoted to untouched (website + location verified)
[01:20:46]   Added 4 new venues from query
[01:20:53] 
[01:20:53] === Taste Query [2/23]: wine list luxury hotel Potomac MD ===
[01:20:58]   Scrolling search results...
[01:21:05]   Extracting results...
[01:21:06]   Found 3 results
[01:21:06]   SKIP (exists: VA-HOTE-2895): The Ritz-Carlton, Tysons Corner
[01:21:06]   SKIP (exists: XX-HOTE-091): Canopy by Hilton Washington DC Bethesda North
[01:21:06]   SKIP (exists: DC-REST-235): Embassy Suites by Hilton Bethesda Washington DC
[01:21:06]   Added 0 new venues from query
[01:21:14] 
[01:21:14] === Taste Query [3/23]: wine list luxury hotel Bethesda MD ===
[01:21:21]   Scrolling search results...
[01:21:27]   Extracting results...
[01:21:27]   Found 9 results
[01:21:27]   SKIP (exists: XX-HOTE-181): Residence Inn by Marriott Bethesda Downtown
[01:21:27]   SKIP (exists: MD-HOTE-2766): Hyatt Regency Bethesda
[01:21:27]   SKIP (exists: MD-REST-1592): Black's Bar & Kitchen
[01:21:27]   SKIP (exists: MD-HOTE-1762): The Bethesdan Hotel, Tapestry Collection by Hilton
[01:21:27]   SKIP (exists: MD-HOTE-1760): Bethesda Marriott
[01:21:27]   SKIP (exists: DC-REST-235): Embassy Suites by Hilton Bethesda Washington DC
[01:21:27]   SKIP (exists: MD-HOTE-1759): Marriott Bethesda Downtown at Marriott HQ
[01:21:27]   SKIP (exists: MD-REST-925): Hip Flask Rooftop Bar
[01:21:27]   [WEBSITE] Looking up: Bethesda North Marriott Hotel & Conference Center
[01:21:45]   ADDED (score 55): Bethesda North Marriott Hotel & Conference Center (hotel, 4.3*, 2371 reviews, Rockville, MD) -> MD-HOTE-2993
[01:21:45]     Website: https://www.marriott.com/en-us/hotels/wasbn-bethesda-north-marriott-hotel-and-conference-center/overview
[01:21:45]     Promoted to untouched (website + location verified)
[01:21:45]   Added 1 new venues from query
[01:21:50] 
[01:21:50] === Taste Query [4/23]: wine list luxury hotel Chevy Chase MD ===
[01:21:55]   Scrolling search results...
[01:22:01]   Extracting results...
[01:22:01]   Found 52 results
[01:22:01]   SKIP (exists: MD-HOTE-2766): Hyatt Regency Bethesda
[01:22:01]   SKIP (exists: DC-REST-674): La Ferme Restaurant
[01:22:01]   SKIP (exists: MD-HOTE-1759): Marriott Bethesda Downtown at Marriott HQ
[01:22:01]   SKIP (exists: MD-WINE-1330): Uncorked Chevy Chase
[01:22:01]   SKIP (exists: MD-HOTE-1762): The Bethesdan Hotel, Tapestry Collection by Hilton
[01:22:01]   SKIP (exists: MD-REST-1315): The Capital Grille
[01:22:01]   SKIP (exists: MD-REST-1316): Clyde's of Chevy Chase
[01:22:01]   SKIP (exists: MD-HOTE-1760): Bethesda Marriott
[01:22:01]   SKIP (exists: XX-HOTE-411): Courtyard by Marriott Bethesda Chevy Chase
[01:22:01]   SKIP (type): Merriweather Lakehouse, Autograph Collection -- Informal hotel with dining & a pool
[01:22:01]   SKIP (exists: MD-HOTE-2677): Turf Valley Resort
[01:22:01]   SKIP (exists: MD-HOTE-2971): 1313 West - Luxury Boutique Hotel
[01:22:01]   SKIP (exists: MD-HOTE-2972): 86 State Circle - Luxury Boutique Hotel
[01:22:01]   SKIP (exists: VA-HOTE-2895): The Ritz-Carlton, Tysons Corner
[01:22:01]   SKIP (exists: DC-REST-216): Four Seasons Hotel Washington, DC
[01:22:01]   SKIP (type): 134 Prince - Luxury Boutique Hotel -- Elegant boutique hotel with breakfast
[01:22:01]   SKIP (exists: DC-REST-218): The LINE DC
[01:22:01]   SKIP (exists: skipped earlier this run: duplicate of DC-HOTE-2633): Rosewood Washington, D.C.
[01:22:01]   SKIP (exists: DC-HOTE-148): The Ritz-Carlton Georgetown, Washington, D.C.
[01:22:01]   SKIP (type): Global Luxury Suites in Downtown Bethesda -- Pool
[01:22:01]   SKIP (exists: MD-REST-1087): Persimmon
[01:22:01]   SKIP (exists: MD-REST-1140): Manoli Canoli
[01:22:01]   SKIP (exists: MD-REST-1128): Bread & Chocolate
[01:22:01]   SKIP (exists: DC-REST-237): Hilton Washington DC/Rockville Hotel & Executive Meeting Ctr
[01:22:01]   SKIP (exists: MD-HOTE-013): The Wildset Hotel
[01:22:01]   SKIP (exists: MD-HOTE-2974): American Inn of Bethesda
[01:22:02]   SKIP (exists: MD-REST-1592): Black's Bar & Kitchen
[01:22:02]   SKIP (exists: past gig): Inn At Perry Cabin
[01:22:02]   SKIP (type): Four Seasons Hotel Baltimore -- Premium hotel with a spa & 2 pools
[01:22:02]   SKIP (exists: MD-HOTE-1353): Hilton Garden Inn Bethesda Downtown
[01:22:02]   SKIP (exists: MD-HOTE-2979): The Columbia Inn at Peralynna
[01:22:02]   SKIP (exists: DC-REST-225): Pendry Washington DC - The Wharf
[01:22:02]   SKIP (exists: MD-REST-884): Mon Ami Gabi
[01:22:02]   SKIP (exists: MD-HOTE-2963): The Ivy Hotel
[01:22:02]   SKIP (exists: DC-REST-1023): maman
[01:22:02]   SKIP (exists: MD-REST-1596): Seventh State Restaurant and Lounge
[01:22:02]   SKIP (exists: VA-REST-3018): Maggiano's Little Italy
[01:22:02]   SKIP (exists: MD-HOTE-2964): Gramercy Mansion
[01:22:02]   SKIP (name): Wisconsin Place Apartments
[01:22:02]   SKIP (exists: XX-HOTE-532): Annapolis Waterfront Hotel, Autograph Collection
[01:22:02]   SKIP (exists: XX-HOTE-273): The Churchill Hotel Near Embassy Row
[01:22:02]   SKIP (exists: MD-REST-1587): Barrel & Crow
[01:22:02]   SKIP (exists: MD-REST-2804): Benihana - Bethesda
[01:22:02]   SKIP (exists: MD-REST-1613): PLANTA Bethesda
[01:22:02]   [WEBSITE] Looking up: Holiday Inn Express Baltimore-Bwi Airport West by IHG
[01:22:06]   [WEBSITE] Looking up: Hampton Inn & Suites Baltimore North/Timonium
[01:22:11]   [WEBSITE] Looking up: The Ritz-Carlton, Pentagon City
[01:22:15]   [WEBSITE] Looking up: Pendry Baltimore
[01:22:20]   [WEBSITE] Looking up: Wellspring Manor & Spa
[01:22:25]   [WEBSITE] Looking up: The Inn at Henderson's Wharf, an Ascend Collection Hotel
[01:22:29]   [WEBSITE] Looking up: Kimpton Hotel Monaco Baltimore Inner Harbor
[01:22:34]   [WEBSITE] Looking up: Morton's The Steakhouse
[01:23:41]   ADDED (score 60): Holiday Inn Express Baltimore-Bwi Airport West by IHG (hotel, 4.4*, 1037 reviews, Hanover, MD) -> MD-HOTE-2994
[01:23:41]     Website: https://www.ihg.com/holidayinnexpress/hotels/us/en/hanover/balhv/hoteldetail
[01:23:41]     Promoted to untouched (website + location verified)
[01:23:41]   ADDED (score 53): Hampton Inn & Suites Baltimore North/Timonium (hotel, 4.2*, 713 reviews, Timonium, MD) -> MD-HOTE-2995
[01:23:41]     Website: https://www.hilton.com/en/hotels/bwitihx-hampton-suites-baltimore-north-timonium
[01:23:41]     Promoted to untouched (website + location verified)
[01:23:41]   ADDED (score 60): The Ritz-Carlton, Pentagon City (hotel, 4.4*, 1798 reviews, Arlington, VA) -> VA-HOTE-3029
[01:23:41]     Website: https://www.ritzcarlton.com/en/hotels/waspc-the-ritz-carlton-pentagon-city/overview
[01:23:41]     Promoted to untouched (website + location verified)
[01:23:41]   SKIP (same website as DC-REST-225): Pendry Baltimore -- pendry.com
[01:23:41]   ADDED (score 60): Wellspring Manor & Spa (event_venue, 4.9*, 199 reviews, location unknown) -> XX-EVEN-281
[01:23:41]     Website: https://www.wellspringmanor.com
[01:23:41]     Website saved; city/state not confirmed from the listing — remains needs_review
[01:23:41]   ADDED (score 55): The Inn at Henderson's Wharf, an Ascend Collection Hotel (hotel, 4.5*, 401 reviews, Baltimore, MD) -> MD-HOTE-2996
[01:23:41]     Website: https://www.hendersonswharf.com
[01:23:41]     Promoted to untouched (website + location verified)
[01:23:41]   ADDED (score 55): Kimpton Hotel Monaco Baltimore Inner Harbor (hotel, 4.1*, 2327 reviews, Baltimore, MD) -> MD-HOTE-2997
[01:23:41]     Website: https://www.monaco-baltimore.com
[01:23:41]     Promoted to untouched (website + location verified)
[01:23:41]   SKIP (same website as MD-REST-1767): Morton's The Steakhouse -- mortons.com
[01:23:41]   Added 6 new venues from query
[01:23:49] 
[01:23:49] === Taste Query [5/23]: wine list luxury hotel Great Falls VA ===
[01:23:55]   Scrolling search results...
[01:24:02]   Extracting results...
[01:24:02]   Found 8 results
[01:24:02]   SKIP (exists: DC-REST-235): Embassy Suites by Hilton Washington DC Convention Center
[01:24:02]   SKIP (exists: DC-REST-234): Holiday Inn Express Washington DC Downtown by IHG
[01:24:02]   SKIP (exists: VA-HOTE-861): Goodstone Inn & Restaurant
[01:24:02]   SKIP (exists: past gig): L'Auberge Chez Francois
[01:24:02]   SKIP (exists: VA-HOTE-804): Glen Gordon Manor
[01:24:02]   SKIP (exists: VA-HOTE-2895): The Ritz-Carlton, Tysons Corner
[01:24:02]   SKIP (exists: VA-REST-007): 2941 Restaurant
[01:24:02]   [WEBSITE] Looking up: Davio's Northern Italian Steakhouse
[01:24:07]   SKIP (same website as PA-REST-1918): Davio's Northern Italian Steakhouse -- davios.com
[01:24:07]   Added 0 new venues from query
[01:24:13] 
[01:24:13] === Taste Query [6/23]: wine list luxury hotel McLean VA ===
[01:24:20]   Scrolling search results...
[01:24:27]   Extracting results...
[01:24:27]   Found 13 results
[01:24:28]   SKIP (exists: DC-HOTE-148): The Ritz-Carlton Georgetown, Washington, D.C.
[01:24:28]   SKIP (exists: VA-HOTE-2960): Budget Inn Falls Church
[01:24:28]   SKIP (exists: VA-HOTE-2895): The Ritz-Carlton, Tysons Corner
[01:24:28]   SKIP (exists: VA-HOTE-2897): Hilton McLean Tysons Corner
[01:24:28]   SKIP (exists: VA-HOTE-2949): Tysons Corner Marriott
[01:24:28]   SKIP (exists: VA-REST-3221): Wren Tysons
[01:24:28]   SKIP (exists: VA-REST-1156): ENTYSE, Wine Bar & Lounge
[01:24:28]   SKIP (exists: VA-HOTE-3029): The Ritz-Carlton, Pentagon City
[01:24:28]   SKIP (exists: PA-REST-2364): Fleming’s Prime Steakhouse & Wine Bar
[01:24:28]   SKIP (exists: VA-HOTE-2942): The Watermark Hotel
[01:24:28]   SKIP (exists: VA-HOTE-2899): Archer Hotel Tysons
[01:24:28]   SKIP (exists: VA-HOTE-2947): Hyatt Regency Tysons Corner Center
[01:24:28]   SKIP (exists: VA-HOTE-2900): The Westin Tysons Corner
[01:24:28]   Added 0 new venues from query
[01:24:36] 
[01:24:36] === Taste Query [7/23]: wine list luxury hotel Alexandria VA ===
[01:24:40]   Scrolling search results...
[01:24:47]   Extracting results...
[01:24:47]   Found 11 results
[01:24:47]   SKIP (exists: VA-HOTE-3029): The Ritz-Carlton, Pentagon City
[01:24:47]   SKIP (exists: VA-HOTE-2927): Harborside Hotel
[01:24:47]   SKIP (exists: XX-HOTE-184): Morrison House Old Town Alexandria, Autograph Collection
[01:24:47]   SKIP (exists: VA-HOTE-2910): Archer Hotel Old Town Alexandria
[01:24:47]   SKIP (exists: VA-HOTE-2912): The Westin Alexandria Old Town
[01:24:47]   SKIP (exists: VA-HOTE-2918): Hilton Alexandria Mark Center
[01:24:47]   SKIP (exists: VA-REST-3245): Sheraton Suites Old Town Alexandria
[01:24:47]   SKIP (exists: XX-HOTE-185): The Alexandrian Old Town Alexandria, Autograph Collection
[01:24:47]   SKIP (exists: VA-REST-3243): The Satire, Autograph Collection
[01:24:47]   SKIP (exists: VA-HOTE-2909): Hotel Heron Alexandria Old Town, Curio Collection by Hilton
[01:24:47]   SKIP (exists: VA-HOTE-2911): Hotel Indigo Old Town Alexandria by IHG
[01:24:47]   Added 0 new venues from query
[01:24:52] 
[01:24:52] === Taste Query [8/23]: wine list fine dining restaurant Georgetown DC ===
[01:24:59]   Scrolling search results...
[01:25:07]   Extracting results...
[01:25:07]   Found 12 results
[01:25:07]   SKIP (exists: DC-REST-1022): La Bohème
[01:25:07]   SKIP (exists: DC-REST-638): River Club DC
[01:25:07]   SKIP (exists: DC-REST-139): L'Avant-Garde
[01:25:07]   SKIP (exists: DC-REST-1021): Lutèce.
[01:25:07]   SKIP (classified other): The Saga by Seven Reasons Group -- Spanish
[01:25:07]   SKIP (exists: DC-REST-1563): Osteria Mozza DC
[01:25:07]   SKIP (exists: DC-REST-2681): Villa Yara
[01:25:07]   SKIP (exists: DC-REST-637): La Grande Boucherie DC
[01:25:07]   SKIP (exists: DC-REST-658): Rooster & Owl
[01:25:07]   SKIP (exists: DC-REST-1574): The Lobby Lounge | Cocktail & Wine Bar
[01:25:07]   SKIP (name): Cottage House Ethiopian Cuisine
[01:25:08]   [WEBSITE] Looking up: Bourbon Lounge
[01:25:12]   SKIP (same website as DC-REST-644): Bourbon Lounge -- bourbonsteakdc.com
[01:25:12]   Added 0 new venues from query
[01:25:17] 
[01:25:17] === Taste Query [9/23]: wine list fine dining restaurant Dupont Circle DC ===
[01:25:22]   Scrolling search results...
[01:25:30]   Extracting results...
[01:25:31]   Found 8 results
[01:25:31]   SKIP (exists: DC-REST-637): La Grande Boucherie DC
[01:25:31]   SKIP (exists: DC-REST-1033): Le Sel French Bistro
[01:25:31]   SKIP (exists: DC-REST-658): Rooster & Owl
[01:25:31]   SKIP (classified other): The Saga by Seven Reasons Group -- Spanish
[01:25:31]   SKIP (exists: DC-REST-2786): Casamara
[01:25:31]   SKIP (exists: DC-REST-139): L'Avant-Garde
[01:25:31]   SKIP (exists: DC-REST-671): Ceibo
[01:25:31]   SKIP (exists: DC-REST-659): Certo!
[01:25:31]   Added 0 new venues from query
[01:25:38] 
[01:25:38] === Taste Query [10/23]: wine list fine dining restaurant Potomac MD ===
[01:25:44]   Scrolling search results...
[01:25:52]   Extracting results...
[01:25:52]   Found 7 results
[01:25:52]   SKIP (exists: MD-REST-1073): Gregorio's Trattoria
[01:25:52]   SKIP (exists: MD-REST-3058): Mykonos Restaurant
[01:25:52]   SKIP (exists: VA-REST-829): Jacques' Brasserie
[01:25:52]   SKIP (exists: MD-REST-1766): Bouboulina
[01:25:52]   SKIP (exists: DE-REST-2350): Heirloom
[01:25:52]   SKIP (exists: MD-REST-1781): Melina
[01:25:52]   [WEBSITE] Looking up: The Cafe in Glenstone
[01:25:57]   SKIP (same website as MD-GALL-874): The Cafe in Glenstone -- glenstone.org
[01:25:57]   Added 0 new venues from query
[01:26:04] 
[01:26:04] === Taste Query [11/23]: wine list fine dining restaurant Bethesda MD ===
[01:26:11]   Scrolling search results...
[01:26:17]   Extracting results...
[01:26:17]   Found 14 results
[01:26:17]   SKIP (exists: MD-REST-3062): Agora Bethesda | Mediterranean Restaurant
[01:26:17]   SKIP (exists: MD-REST-886): Aventino Cucina
[01:26:17]   SKIP (exists: MD-REST-1583): Six Ways to Sunday
[01:26:17]   SKIP (exists: MD-REST-1584): Takumi Japanese Bistro & Bar
[01:26:17]   SKIP (exists: MD-REST-1596): Seventh State Restaurant and Lounge
[01:26:17]   SKIP (exists: MD-REST-1586): ON St. Elmo
[01:26:17]   SKIP (exists: DC-REST-1050): Ruta Ukrainian Restaurant
[01:26:17]   SKIP (exists: MD-REST-1090): Fialova
[01:26:17]   SKIP (exists: MD-REST-1766): Bouboulina
[01:26:17]   SKIP (exists: MD-REST-1781): Melina
[01:26:17]   SKIP (exists: MD-REST-1591): Corella Café & Lounge
[01:26:17]   SKIP (exists: DC-REST-658): Rooster & Owl
[01:26:17]   SKIP (exists: MD-REST-2163): The Food Market
[01:26:17]   SKIP (exists: MD-REST-2902): Sense of Thai Bethesda
[01:26:17]   Added 0 new venues from query
[01:26:24] 
[01:26:24] === Taste Query [12/23]: wine list fine dining restaurant Chevy Chase MD ===
[01:26:31]   Scrolling search results...
[01:26:39]   Extracting results...
[01:26:40]   Found 13 results
[01:26:40]   SKIP (exists: MD-REST-3062): Agora Bethesda | Mediterranean Restaurant
[01:26:40]   SKIP (exists: MD-REST-812): Elena James
[01:26:40]   SKIP (exists: MD-REST-886): Aventino Cucina
[01:26:40]   SKIP (exists: MD-REST-3068): Ro Sushi Co
[01:26:40]   SKIP (exists: MD-REST-1135): The Bistro - Eat. Drink. Connect.®
[01:26:40]   SKIP (exists: MD-REST-1136): Rosemary bistro cafe
[01:26:40]   SKIP (exists: DC-REST-1050): Ruta Ukrainian Restaurant
[01:26:40]   SKIP (exists: MD-REST-1090): Fialova
[01:26:40]   SKIP (exists: MD-REST-1586): ON St. Elmo
[01:26:40]   SKIP (exists: MD-REST-1596): Seventh State Restaurant and Lounge
[01:26:40]   SKIP (exists: MD-REST-1584): Takumi Japanese Bistro & Bar
[01:26:40]   SKIP (exists: MD-REST-2400): Dok Khao Thai Chevy Chase
[01:26:40]   [WEBSITE] Looking up: Regina's Restaurant
[01:26:50]   ADDED (score 60): Regina's Restaurant (restaurant, 4.7*, 333 reviews, Wheaton, MD) -> MD-REST-3322
[01:26:50]     Website: https://reginasrestaurantmd.com
[01:26:50]     Category 'restaurant' is a guess (name:restaurant) — remains needs_review
[01:26:50]   Added 1 new venues from query
[01:26:55] 
[01:26:55] === Taste Query [13/23]: wine list fine dining restaurant Great Falls VA ===
[01:27:00]   Scrolling search results...
[01:27:08]   Extracting results...
[01:27:08]   Found 5 results
[01:27:08]   SKIP (exists: VA-REST-829): Jacques' Brasserie
[01:27:08]   SKIP (exists: VA-REST-3214): The Cellar on Seneca
[01:27:08]   SKIP (exists: VA-REST-3229): Clarity Reston
[01:27:08]   SKIP (exists: DE-REST-2350): Heirloom
[01:27:08]   SKIP (exists: VA-HOTE-676): Great Falls Lodge
[01:27:08]   Added 0 new venues from query
[01:27:16] 
[01:27:16] === Taste Query [14/23]: wine list fine dining restaurant McLean VA ===
[01:27:23]   Scrolling search results...
[01:27:29]   Extracting results...
[01:27:29]   Found 12 results
[01:27:29]   SKIP (exists: VA-REST-3215): Town Kitchen & Bar
[01:27:29]   SKIP (exists: VA-REST-1147): Divan Restaurant
[01:27:29]   SKIP (exists: VA-REST-3217): Circa Bistro
[01:27:29]   SKIP (exists: VA-REST-3221): Wren Tysons
[01:27:29]   SKIP (exists: VA-REST-3216): Modan Restaurant
[01:27:29]   SKIP (exists: VA-REST-3220): ENTYSE
[01:27:29]   SKIP (exists: VA-REST-3057): Cafe ile
[01:27:29]   SKIP (exists: VA-REST-3041): Randy's Prime Seafood and Steaks
[01:27:29]   SKIP (exists: DE-REST-2350): Heirloom
[01:27:29]   SKIP (exists: VA-REST-1175): Ellie Bird
[01:27:29]   SKIP (exists: VA-REST-3046): SHō Sushi & Izakaya
[01:27:29]   SKIP (exists: VA-REST-3052): 801 Chophouse
[01:27:29]   Added 0 new venues from query
[01:27:37] 
[01:27:37] === Taste Query [15/23]: wine list fine dining restaurant Alexandria VA ===
[01:27:44]   Scrolling search results...
[01:27:50]   Extracting results...
[01:27:51]   Found 7 results
[01:27:51]   SKIP (exists: VA-REST-2884): Finn and Fire
[01:27:51]   SKIP (exists: VA-REST-2878): Oak Steakhouse
[01:27:51]   SKIP (exists: VA-REST-1700): Revel Restaurant
[01:27:51]   SKIP (exists: VA-REST-3224): Kiln
[01:27:51]   SKIP (exists: past gig): The Farmhouse Tuscan
[01:27:51]   SKIP (exists: VA-REST-2955): Founding Farmers Alexandria
[01:27:51]   [WEBSITE] Looking up: Akeno Sushi Bar@ Old Town
[01:28:10]   ADDED (score 60): Akeno Sushi Bar@ Old Town (restaurant, 4.8*, 426 reviews, Alexandria, VA) -> VA-REST-3416
[01:28:10]     Website: https://akenosushibar.com/akenosushibaroldtown
[01:28:10]     Promoted to untouched (website + location verified)
[01:28:10]   Added 1 new venues from query
[01:28:16] 
[01:28:16] === Taste Query [16/23]: wine list historic fine dining restaurant Georgetown DC ===
[01:28:22]   Scrolling search results...
[01:28:29]   Extracting results...
[01:28:29]   Found 52 results
[01:28:29]   SKIP (exists: DC-REST-2314): 1789 Restaurant
[01:28:29]   SKIP (exists: DC-REST-1019): Chez Billy Sud
[01:28:29]   SKIP (exists: DC-REST-1018): Apéro
[01:28:29]   SKIP (exists: DC-REST-2293): Filomena Ristorante
[01:28:29]   SKIP (exists: DC-REST-2297): Fiola Mare
[01:28:29]   SKIP (exists: DC-REST-140): La Chaumiere
[01:28:29]   SKIP (exists: DC-REST-1016): Bistrot Lepic & Wine Bar
[01:28:29]   SKIP (exists: DC-REST-1551): Martin's Tavern
[01:28:29]   SKIP (exists: DC-REST-139): L'Avant-Garde
[01:28:29]   SKIP (exists: DC-REST-653): Jônt
[01:28:29]   SKIP (exists: DC-REST-637): La Grande Boucherie DC
[01:28:29]   SKIP (exists: DC-REST-1022): La Bohème
[01:28:29]   SKIP (exists: MD-REST-1099): La Bonne Vache
[01:28:29]   SKIP (exists: DC-REST-638): River Club DC
[01:28:29]   SKIP (exists: DC-REST-1021): Lutèce.
[01:28:29]   SKIP (exists: DC-REST-639): Imperfecto
[01:28:29]   SKIP (exists: DC-REST-644): BOURBON STEAK
[01:28:29]   SKIP (exists: DC-REST-1562): Clyde's of Georgetown
[01:28:29]   SKIP (exists: DC-REST-641): Blue Duck Tavern
[01:28:29]   SKIP (exists: DC-REST-1563): Osteria Mozza DC
[01:28:29]   SKIP (exists: skipped earlier this run: same website as DC-REST-644): Bourbon Lounge
[01:28:29]   SKIP (exists: DC-REST-1020): Brasserie Liberté
[01:28:29]   SKIP (exists: DC-REST-2681): Villa Yara
[01:28:29]   SKIP (exists: DC-REST-651): L'Annexe
[01:28:29]   SKIP (exists: DC-REST-631): Sequoia DC
[01:28:29]   SKIP (exists: DC-REST-658): Rooster & Owl
[01:28:29]   SKIP (exists: DC-REST-2664): Peacock Café
[01:28:29]   SKIP (exists: DC-HOTE-633): The Fountain Inn DC
[01:28:29]   SKIP (exists: DC-REST-1559): Fitzgerald's
[01:28:29]   SKIP (exists: DC-REST-1560): The Tombs
[01:28:29]   SKIP (exists: DC-REST-655): Le DeSales
[01:28:29]   SKIP (exists: DC-REST-1024): The Sovereign
[01:28:29]   SKIP (exists: DC-WINE-137): Bar a Vin
[01:28:29]   SKIP (exists: DC-REST-649): Flavio Restaurant DC
[01:28:29]   SKIP (classified other): Founding Farmers Fishers & Bakers -- American
[01:28:29]   SKIP (exists: DC-REST-1552): Bodega Spanish Tapas & Lounge
[01:28:29]   SKIP (exists: DC-REST-650): The Dabney
[01:28:29]   SKIP (exists: DC-REST-642): Iron Gate Restaurant
[01:28:29]   SKIP (classified other): il Canale -- Italian
[01:28:29]   SKIP (exists: DC-REST-1555): Sixty Vines Foggy Bottom
[01:28:29]   SKIP (exists: DC-REST-1036): Obelisk
[01:28:29]   SKIP (exists: DC-REST-646): Kingbird
[01:28:29]   SKIP (exists: DC-REST-648): Ris
[01:28:29]   SKIP (exists: DC-REST-1567): The Rooftop at the Graham
[01:28:29]   SKIP (exists: DC-REST-645): Café Riggs
[01:28:29]   SKIP (exists: DC-REST-2199): City Tavern
[01:28:29]   SKIP (exists: DC-REST-1039): Amélie DC Bistro & Wine Bar
[01:28:29]   [WEBSITE] Looking up: Georgetown Seafood
[01:28:34]   [WEBSITE] Looking up: The Occidental
[01:28:39]   [WEBSITE] Looking up: CUT D.C. by Wolfgang Puck
[01:28:43]   [WEBSITE] Looking up: The Lafayette
[01:28:48]   [WEBSITE] Looking up: Barbouzard
[01:29:26]   ADDED (score 65): Georgetown Seafood (restaurant, 4.9*, 2894 reviews, Washington, DC) -> DC-REST-2819
[01:29:26]     Website: http://www.georgetownseafood.com
[01:29:26]     Promoted to untouched (website + location verified)
[01:29:26]   ADDED (score 68): The Occidental (restaurant, 4.3*, 917 reviews, Washington, DC) -> DC-REST-2820
[01:29:26]     Website: https://theoccidentaldc.com
[01:29:26]     Category 'restaurant' is a guess (sheet:restaurant) — remains needs_review
[01:29:26]   ADDED (score 65): CUT D.C. by Wolfgang Puck (restaurant, 4.1*, 193 reviews, Washington, DC) -> DC-REST-2821
[01:29:26]     Website: https://wolfgangpuck.com/dining/cut-dc
[01:29:26]     Category 'restaurant' is a guess (sheet:restaurant) — remains needs_review
[01:29:26]   ADDED (score 70): The Lafayette (restaurant, 4.5*, 316 reviews, Washington, DC) -> DC-REST-2822
[01:29:26]     No matching website found — remains needs_review
[01:29:26]   ADDED (score 75): Barbouzard (restaurant, 4.7*, 496 reviews, Washington, DC) -> DC-REST-2823
[01:29:26]     Website: https://www.barbouzard.com
[01:29:26]     Category 'restaurant' is a guess (sheet:restaurant) — remains needs_review
[01:29:26]   Added 5 new venues from query
[01:29:32] 
[01:29:32] === Taste Query [17/23]: wine list historic fine dining restaurant Dupont Circle DC ===
[01:29:38]   Scrolling search results...
[01:29:44]   Extracting results...
[01:29:44]   Found 59 results
[01:29:45]   SKIP (exists: DC-REST-642): Iron Gate Restaurant
[01:29:45]   SKIP (exists: DC-REST-1036): Obelisk
[01:29:45]   SKIP (exists: DC-REST-653): Jônt
[01:29:45]   SKIP (exists: DC-REST-655): Le DeSales
[01:29:45]   SKIP (exists: DC-REST-652): The Pembroke
[01:29:45]   SKIP (exists: DC-REST-2314): 1789 Restaurant
[01:29:45]   SKIP (exists: DC-REST-637): La Grande Boucherie DC
[01:29:45]   SKIP (exists: DC-REST-654): Floriana
[01:29:45]   SKIP (exists: DC-REST-1018): Apéro
[01:29:45]   SKIP (exists: DC-REST-639): Imperfecto
[01:29:45]   SKIP (exists: DC-REST-1019): Chez Billy Sud
[01:29:45]   SKIP (exists: DC-REST-2322): Nero
[01:29:45]   SKIP (exists: DC-REST-658): Rooster & Owl
[01:29:45]   SKIP (exists: DC-HOTE-1049): Tabard Inn Restaurant
[01:29:45]   SKIP (exists: DC-REST-659): Certo!
[01:29:45]   SKIP (exists: DC-REST-2796): Firefly
[01:29:45]   SKIP (exists: DC-REST-650): The Dabney
[01:29:45]   SKIP (exists: DC-REST-1032): Bistrot Du Coin
[01:29:45]   SKIP (exists: DC-REST-1033): Le Sel French Bistro
[01:29:45]   SKIP (exists: DC-REST-657): The Greenhouse
[01:29:45]   SKIP (exists: DC-REST-661): Vagabond Bar and Kitchen
[01:29:45]   SKIP (exists: DC-REST-662): Annabelle
[01:29:45]   SKIP (exists: DC-REST-663): Boqueria Dupont
[01:29:45]   SKIP (exists: DC-REST-140): La Chaumiere
[01:29:45]   SKIP (exists: DC-REST-2334): ala
[01:29:45]   SKIP (exists: DC-REST-664): Agora Dc Mediterranean Restaurant
[01:29:45]   SKIP (exists: DC-REST-139): L'Avant-Garde
[01:29:45]   SKIP (exists: DC-REST-2332): Kramers
[01:29:45]   SKIP (exists: DC-REST-2783): Lyle's
[01:29:45]   SKIP (classified other): Astoria DC -- Chinese
[01:29:45]   SKIP (exists: DC-REST-2340): Rosemarino D'Italia I Dupont Circle
[01:29:45]   SKIP (exists: DC-REST-2822): The Lafayette
[01:29:45]   SKIP (exists: DC-REST-2786): Casamara
[01:29:45]   SKIP (exists: DC-REST-1045): La Tomate
[01:29:45]   SKIP (exists: DC-REST-2820): The Occidental
[01:29:45]   SKIP (exists: skipped earlier this run: same website as DC-REST-222): Quill at The Jefferson
[01:29:45]   SKIP (exists: DC-REST-1041): Mikko Nordic Fine Food
[01:29:45]   SKIP (exists: DC-REST-641): Blue Duck Tavern
[01:29:45]   SKIP (exists: DC-REST-665): Rewind Diner
[01:29:45]   SKIP (exists: DC-REST-1046): Bistro Cacao
[01:29:45]   SKIP (exists: DC-REST-667): L'Ardente
[01:29:45]   SKIP (exists: DC-REST-671): Ceibo
[01:29:45]   SKIP (exists: VA-REST-3092): Pisco y Nazca Ceviche Gastrobar
[01:29:45]   SKIP (classified other): The Palm - Washington, D.C. -- Steak
[01:29:45]   SKIP (exists: DC-REST-1031): Le Diplomate
[01:29:45]   SKIP (classified other): Seven Reasons -- Latin American
[01:29:45]   SKIP (exists: DC-REST-643): Bazaar Meat by José Andrés
[01:29:45]   SKIP (classified other): Mission Dupont Circle -- Mexican
[01:29:45]   SKIP (exists: DC-REST-223): Lyle Washington DC
[01:29:45]   SKIP (classified other): Amparo Fondita -- Mexican
[01:29:45]   SKIP (classified other): Anju -- Korean
[01:29:45]   SKIP (exists: DC-REST-1042): Residents Cafe & Bar
[01:29:45]   [WEBSITE] Looking up: Annie's Paramount Steak House
[01:29:49]   [WEBSITE] Looking up: The Golden Age
[01:29:54]   [WEBSITE] Looking up: Hank’s Oyster Bar, Dupont Circle
[01:29:59]   [WEBSITE] Looking up: Teddy & The Bully Bar
[01:30:03]   [WEBSITE] Looking up: The Admiral
[01:30:08]   [WEBSITE] Looking up: SURA Restaurant
[01:30:12]   [WEBSITE] Looking up: Vin Sur Vingt Wine Bar - DC
[01:30:49]   ADDED (score 60): Annie's Paramount Steak House (restaurant, 4.5*, 2084 reviews, Washington, DC) -> DC-REST-2824
[01:30:49]     Website: http://www.anniesparamountdc.com
[01:30:49]     Category 'restaurant' is a guess (name:steak house) — remains needs_review
[01:30:49]   ADDED (score 65): The Golden Age (restaurant, 4.5*, 190 reviews, Washington, DC) -> DC-REST-2825
[01:30:49]     Website: https://www.thegoldenagedc.com
[01:30:49]     Category 'restaurant' is a guess (sheet:restaurant) — remains needs_review
[01:30:49]   SKIP (same website as VA-REST-1665): Hank’s Oyster Bar, Dupont Circle -- hanksoysterbar.com
[01:30:49]   ADDED (score 60): Teddy & The Bully Bar (bar, 4.4*, 1618 reviews, Washington, DC) -> DC-BAR-002
[01:30:49]     Website: http://teddyandthebullybar.com
[01:30:49]     Category 'bar' is a guess (name:bar) — remains needs_review
[01:30:49]   ADDED (score 58): The Admiral (restaurant, 4.4*, 870 reviews, location unknown) -> XX-REST-629
[01:30:49]     Website: https://www.theadmiraldc.com
[01:30:49]     Website saved; city/state not confirmed from the listing — remains needs_review
[01:30:49]   ADDED (score 55): SURA Restaurant (restaurant, 4.5*, 339 reviews, Washington, DC) -> DC-REST-2826
[01:30:49]     Website: http://www.suradcrestaurant.com
[01:30:49]     Category 'restaurant' is a guess (name:restaurant) — remains needs_review
[01:30:49]   ADDED (score 55): Vin Sur Vingt Wine Bar - DC (wine_bar, 4.6*, 294 reviews, Washington, DC) -> DC-WINE-2607
[01:30:49]     No matching website found — remains needs_review
[01:30:49]   Added 6 new venues from query
[01:30:55] 
[01:30:55] === Taste Query [18/23]: wine list historic fine dining restaurant Potomac MD ===
[01:31:01]   Scrolling search results...
[01:31:07]   Extracting results...
[01:31:07]   Found 49 results
[01:31:07]   SKIP (exists: MD-REST-142): Old Angler's Inn
[01:31:07]   SKIP (exists: past gig): L'Auberge Chez Francois
[01:31:07]   SKIP (exists: DC-REST-674): La Ferme Restaurant
[01:31:07]   SKIP (exists: past gig): The Milton Inn
[01:31:07]   SKIP (exists: MD-REST-1806): Clyde's Tower Oaks Lodge
[01:31:07]   SKIP (exists: VA-REST-008): Dante Ristorante
[01:31:07]   SKIP (exists: MD-REST-2363): MoCo's Founding Farmers
[01:31:07]   SKIP (exists: MD-REST-1073): Gregorio's Trattoria
[01:31:07]   SKIP (exists: MD-REST-3058): Mykonos Restaurant
[01:31:07]   SKIP (exists: VA-REST-829): Jacques' Brasserie
[01:31:07]   SKIP (exists: MD-REST-944): King Street Oyster Bar
[01:31:07]   SKIP (exists: VA-REST-852): Bistro L'Hermitage
[01:31:07]   SKIP (exists: MD-REST-2445): The Smokehouse Restaurant at Antrim 1844
[01:31:07]   SKIP (exists: DC-REST-2314): 1789 Restaurant
[01:31:07]   SKIP (exists: VA-REST-007): 2941 Restaurant
[01:31:07]   SKIP (exists: DC-REST-639): Imperfecto
[01:31:07]   SKIP (exists: MD-REST-2718): Old Line Kitchen & Wine Bar
[01:31:07]   SKIP (exists: MD-REST-986): Gringos & Mariachis
[01:31:07]   SKIP (exists: MD-WINE-728): Cooper’s Hawk Winery & Restaurant
[01:31:07]   SKIP (exists: MD-REST-1013): Tally Ho Restaurant
[01:31:07]   SKIP (exists: MD-REST-1579): Quincy’s Potomac Bar & Grille
[01:31:07]   SKIP (exists: MD-REST-898): Kema by KENAKI
[01:31:07]   SKIP (exists: MD-REST-1592): Black's Bar & Kitchen
[01:31:07]   SKIP (exists: MD-HOTE-126): Antrim 1844
[01:31:07]   SKIP (exists: MD-REST-1596): Seventh State Restaurant and Lounge
[01:31:07]   SKIP (exists: VA-REST-2316): Melting Pot
[01:31:07]   SKIP (exists: MD-REST-1766): Bouboulina
[01:31:07]   SKIP (exists: MD-REST-1805): Black Market Bistro
[01:31:07]   SKIP (exists: MD-REST-1781): Melina
[01:31:07]   SKIP (exists: DC-REST-2293): Filomena Ristorante
[01:31:07]   SKIP (exists: MD-REST-688): Harry Browne's Restaurant
[01:31:07]   SKIP (exists: MD-REST-1081): Bistro Provence
[01:31:07]   SKIP (classified other): Kims' Yirasai -- Sushi
[01:31:07]   SKIP (classified other): Duke's Grocery -- Modern British
[01:31:07]   SKIP (exists: XX-REST-081): Seasons 52
[01:31:07]   SKIP (exists: MD-REST-3186): Copper Canyon Grill
[01:31:07]   SKIP (exists: MD-REST-1084): Julii
[01:31:07]   SKIP (exists: MD-REST-873): Il Pizzico
[01:31:07]   SKIP (exists: DE-REST-2350): Heirloom
[01:31:07]   SKIP (exists: DC-REST-637): La Grande Boucherie DC
[01:31:07]   [WEBSITE] Looking up: restaurant foraged. at patowmack farm
[01:31:12]   [WEBSITE] Looking up: Salt & Vine
[01:31:17]   [WEBSITE] Looking up: J. Gilbert's Wood-Fired Steaks & Seafood
[01:31:21]   [WEBSITE] Looking up: Capo Italian Deli- Cabin John
[01:31:26]   [WEBSITE] Looking up: O'Donnell's Market
[01:31:31]   [WEBSITE] Looking up: Glenwood's (Stanford Grill - Rockville)
[01:31:35]   [WEBSITE] Looking up: On The Rocks
[01:31:40]   [WEBSITE] Looking up: La Canela Peruvian restaurant
[01:31:44]   [WEBSITE] Looking up: The Farmhouse Gambrills
[01:32:35]   ADDED (score 75): restaurant foraged. at patowmack farm (restaurant, 4.7*, 393 reviews, Lovettsville, VA) -> VA-REST-3417
[01:32:35]     Website: http://www.patowmackfarm.com
[01:32:35]     Category 'restaurant' is a guess (name:restaurant) — remains needs_review
[01:32:35]   ADDED (score 80): Salt & Vine (restaurant, 4.7*, 2014 reviews, Olney, MD) -> MD-REST-3323
[01:32:35]     Website: https://saltandvine.com/olney
[01:32:35]     Category 'restaurant' is a guess (sheet:restaurant) — remains needs_review
[01:32:35]   SKIP (same website as VA-REST-3026): J. Gilbert's Wood-Fired Steaks & Seafood -- jgilberts.com
[01:32:35]   ADDED (score 45): Capo Italian Deli- Cabin John (restaurant, 4.0*, 124 reviews, Potomac, MD) -> MD-REST-3324
[01:32:35]     Website: https://capodeli.com/cabinjohn
[01:32:35]     Promoted to untouched (website + location verified)
[01:32:35]   SKIP (same website as MD-REST-997): O'Donnell's Market -- odonnellsmarket.com
[01:32:35]   SKIP (same website as MD-REST-893): Glenwood's (Stanford Grill - Rockville) -- glenwoodsdining.com
[01:32:35]   ADDED (score 60): On The Rocks (restaurant, 4.7*, 63 reviews, Millersville, MD) -> MD-REST-3325
[01:32:35]     Website: http://ontherocksmd.com
[01:32:35]     Category 'restaurant' is a guess (sheet:restaurant) — remains needs_review
[01:32:35]   ADDED (score 73): La Canela Peruvian restaurant (restaurant, 4.7*, 734 reviews, location unknown) -> XX-REST-630
[01:32:35]     Website: https://lacanelaperu.com
[01:32:35]     Website saved; city/state not confirmed from the listing — remains needs_review
[01:32:35]   ADDED (score 60): The Farmhouse Gambrills (restaurant, 4.6*, 2162 reviews, Gambrills, MD) -> MD-REST-3326
[01:32:35]     Website: http://www.farmhousegambrills.com
[01:32:35]     Category 'restaurant' is a guess (sheet:restaurant) — remains needs_review
[01:32:35]   Added 6 new venues from query
[01:32:43] 
[01:32:43] === Taste Query [19/23]: wine list historic fine dining restaurant Bethesda MD ===
[01:32:49]   Scrolling search results...
[01:32:55]   Extracting results...
[01:32:55]   Found 58 results
[01:32:55]   SKIP (exists: MD-REST-886): Aventino Cucina
[01:32:55]   SKIP (exists: MD-REST-2379): ala | Bethesda
[01:32:55]   SKIP (exists: MD-REST-1081): Bistro Provence
[01:32:55]   SKIP (exists: MD-REST-1608): Bacchus of Lebanon
[01:32:55]   SKIP (exists: MD-REST-884): Mon Ami Gabi
[01:32:55]   SKIP (exists: MD-REST-1087): Persimmon
[01:32:55]   SKIP (exists: MD-REST-1592): Black's Bar & Kitchen
[01:32:55]   SKIP (exists: DC-REST-674): La Ferme Restaurant
[01:32:55]   SKIP (exists: MD-REST-937): Pisco y Nazca Bethesda
[01:32:55]   SKIP (exists: MD-REST-1583): Six Ways to Sunday
[01:32:55]   SKIP (exists: MD-REST-1596): Seventh State Restaurant and Lounge
[01:32:55]   SKIP (exists: MD-REST-1587): Barrel & Crow
[01:32:55]   SKIP (exists: MD-REST-1594): The Salt Line
[01:32:55]   SKIP (exists: MD-REST-1586): ON St. Elmo
[01:32:55]   SKIP (exists: skipped earlier this run: same website as MD-REST-1767): Morton's The Steakhouse
[01:32:55]   SKIP (exists: DC-REST-1050): Ruta Ukrainian Restaurant
[01:32:55]   SKIP (exists: MD-REST-142): Old Angler's Inn
[01:32:55]   SKIP (exists: MD-REST-2382): Medium Rare
[01:32:55]   SKIP (exists: MD-REST-1585): BETH'S
[01:32:55]   SKIP (exists: MD-REST-1605): Olazzo
[01:32:55]   SKIP (exists: MD-REST-2163): The Food Market
[01:32:55]   SKIP (exists: MD-REST-1090): Fialova
[01:32:55]   SKIP (exists: MD-REST-1620): Cooper's Mill
[01:32:55]   SKIP (exists: MD-REST-1094): La Panetteria Restaurant
[01:32:55]   SKIP (exists: MD-REST-1772): Trattoria Sorrento
[01:32:55]   SKIP (exists: MD-REST-1604): Hawkers Asian Street Food
[01:32:55]   SKIP (exists: MD-REST-1093): Mussel Bar & Grille Bethesda
[01:32:55]   SKIP (exists: MD-REST-1619): Guapo's Cocina & Bar
[01:32:55]   SKIP (exists: MD-REST-1073): Gregorio's Trattoria
[01:32:55]   SKIP (exists: MD-REST-1610): Raku
[01:32:55]   SKIP (exists: MD-REST-1779): Delhi Spice
[01:32:55]   SKIP (classified other): Q By Peter Chang -- Sichuan
[01:32:55]   SKIP (exists: MD-REST-1624): Silver
[01:32:55]   SKIP (exists: MD-REST-1609): Guardado's Restaurant
[01:32:55]   SKIP (exists: MD-REST-1623): Pines of Rome
[01:32:55]   SKIP (exists: MD-REST-1103): Tavira Restaurant
[01:32:55]   SKIP (classified other): House of MILAE -- Korean
[01:32:55]   SKIP (exists: DC-REST-1354): Le Chat Noir
[01:32:55]   SKIP (exists: MD-REST-986): Gringos & Mariachis
[01:32:55]   SKIP (exists: MD-REST-1315): The Capital Grille
[01:32:55]   SKIP (exists: XX-REST-081): Seasons 52
[01:32:55]   SKIP (exists: MD-REST-1781): Melina
[01:32:55]   SKIP (exists: MD-REST-1314): Lia's
[01:32:55]   SKIP (exists: MD-REST-1632): Peter's Carryout
[01:32:55]   SKIP (classified other): Tacombi -- Mexican
[01:32:55]   SKIP (exists: MD-REST-1131): Bethesda Crab House
[01:32:55]   SKIP (exists: MD-REST-1084): Julii
[01:32:55]   SKIP (classified other): House of Foong Lin -- Chinese
[01:32:55]   SKIP (exists: MD-REST-2819): Pizzeria Da Marco
[01:32:55]   SKIP (exists: MD-REST-1775): Passage to India
[01:32:55]   SKIP (exists: MD-REST-2783): Hello Betty
[01:32:55]   SKIP (type): Piccoli Piatti Pizzeria - Wildwood -- Pizza
[01:32:55]   SKIP (exists: MD-REST-1780): Rakugaki
[01:32:55]   SKIP (exists: MD-REST-1805): Black Market Bistro
[01:32:55]   SKIP (exists: MD-REST-2804): Benihana - Bethesda
[01:32:55]   SKIP (exists: MD-REST-1616): Tommy Joe's
[01:32:56]   [WEBSITE] Looking up: True Food Kitchen
[01:33:00]   [WEBSITE] Looking up: Virraaj Indian Cuisine
[01:33:05]   SKIP (same website as VA-REST-3388): True Food Kitchen -- truefoodkitchen.com
[01:33:05]   SKIP (same website as MD-REST-361): Virraaj Indian Cuisine -- wheree.com
[01:33:05]   Added 0 new venues from query
[01:33:12] 
[01:33:12] === Taste Query [20/23]: wine list historic fine dining restaurant Chevy Chase MD ===
[01:33:17]   Scrolling search results...
[01:33:24]   Extracting results...
[01:33:24]   Found 57 results
[01:33:24]   SKIP (exists: DC-REST-674): La Ferme Restaurant
[01:33:24]   SKIP (exists: MD-REST-1315): The Capital Grille
[01:33:24]   SKIP (exists: MD-REST-1316): Clyde's of Chevy Chase
[01:33:24]   SKIP (exists: MD-REST-1103): Tavira Restaurant
[01:33:24]   SKIP (exists: MD-REST-1592): Black's Bar & Kitchen
[01:33:24]   SKIP (exists: DC-REST-2314): 1789 Restaurant
[01:33:24]   SKIP (exists: DC-REST-140): La Chaumiere
[01:33:24]   SKIP (exists: MD-REST-1314): Lia's
[01:33:24]   SKIP (exists: MD-REST-1118): Matisse
[01:33:24]   SKIP (exists: MD-REST-812): Elena James
[01:33:24]   SKIP (exists: MD-REST-1583): Six Ways to Sunday
[01:33:24]   SKIP (exists: MD-REST-1087): Persimmon
[01:33:24]   SKIP (exists: DC-REST-1354): Le Chat Noir
[01:33:24]   SKIP (exists: skipped earlier this run: same website as MD-REST-1767): Morton's The Steakhouse
[01:33:24]   SKIP (exists: MD-REST-1140): Manoli Canoli
[01:33:24]   SKIP (exists: MD-REST-1138): Macon Bistro & Larder
[01:33:24]   SKIP (exists: DC-REST-653): Jônt
[01:33:24]   SKIP (exists: MD-REST-1596): Seventh State Restaurant and Lounge
[01:33:24]   SKIP (exists: VA-REST-3018): Maggiano's Little Italy
[01:33:24]   SKIP (exists: DC-REST-637): La Grande Boucherie DC
[01:33:24]   SKIP (exists: MD-REST-1587): Barrel & Crow
[01:33:24]   SKIP (exists: MD-REST-2382): Medium Rare
[01:33:24]   SKIP (exists: MD-REST-1594): The Salt Line
[01:33:24]   SKIP (exists: MD-REST-2379): ala | Bethesda
[01:33:24]   SKIP (exists: DC-REST-655): Le DeSales
[01:33:24]   SKIP (exists: MD-REST-884): Mon Ami Gabi
[01:33:24]   SKIP (exists: MD-REST-1608): Bacchus of Lebanon
[01:33:24]   SKIP (exists: MD-REST-1128): Bread & Chocolate
[01:33:24]   SKIP (exists: MD-REST-1613): PLANTA Bethesda
[01:33:24]   SKIP (exists: MD-REST-1081): Bistro Provence
[01:33:24]   SKIP (exists: MD-REST-1090): Fialova
[01:33:24]   SKIP (exists: DC-REST-1019): Chez Billy Sud
[01:33:24]   SKIP (exists: DC-REST-1822): New Heights Restaurant
[01:33:24]   SKIP (exists: MD-REST-2388): EuroAlcoUS
[01:33:24]   SKIP (type): Little Beast -- Pizza
[01:33:24]   SKIP (exists: DC-REST-2293): Filomena Ristorante
[01:33:24]   SKIP (exists: MD-REST-1624): Silver
[01:33:24]   SKIP (exists: DC-REST-1060): Barcelona Wine Bar
[01:33:24]   SKIP (classified other): Chef Geoff's -- American
[01:33:24]   SKIP (exists: skipped earlier this run: same website as VA-REST-3388): True Food Kitchen
[01:33:24]   SKIP (exists: MD-REST-1073): Gregorio's Trattoria
[01:33:24]   SKIP (classified other): Millie's -- American
[01:33:24]   SKIP (exists: DC-REST-642): Iron Gate Restaurant
[01:33:24]   SKIP (exists: MD-REST-1094): La Panetteria Restaurant
[01:33:24]   SKIP (exists: MD-REST-1623): Pines of Rome
[01:33:24]   SKIP (exists: DC-REST-2297): Fiola Mare
[01:33:24]   SKIP (classified other): RPM Italian -- Italian
[01:33:24]   SKIP (exists: MD-REST-1591): Corella Café & Lounge
[01:33:24]   SKIP (exists: MD-REST-1605): Olazzo
[01:33:24]   SKIP (exists: DC-REST-1016): Bistrot Lepic & Wine Bar
[01:33:24]   SKIP (exists: MD-REST-1598): The Urban Winery of Silver Spring
[01:33:25]   [WEBSITE] Looking up: Parthenon Restaurant & The Chevy Chase Lounge
[01:33:29]   [WEBSITE] Looking up: J. Hollinger's Waterman's Chophouse
[01:33:34]   [WEBSITE] Looking up: Meiwah Restaurant
[01:33:38]   [WEBSITE] Looking up: Ocean Prime
[01:33:43]   [WEBSITE] Looking up: Buck's Fishing & Camping
[01:33:48]   [WEBSITE] Looking up: Vera Cocina & بار
[01:34:27]   SKIP (same website as DC-REST-675): Parthenon Restaurant & The Chevy Chase Lounge -- parthenondc.com
[01:34:27]   ADDED (score 50): J. Hollinger's Waterman's Chophouse (restaurant, 4.3*, 415 reviews, Silver Spring, MD) -> MD-REST-3327
[01:34:27]     Website: https://jhollingers.com
[01:34:27]     Category 'restaurant' is a guess (name:chophouse) — remains needs_review
[01:34:27]   ADDED (score 48): Meiwah Restaurant (restaurant, 3.9*, 574 reviews, Chevy Chase, MD) -> MD-REST-3328
[01:34:27]     Website: https://www.meiwahchevychase.com
[01:34:27]     Category 'restaurant' is a guess (name:restaurant) — remains needs_review
[01:34:27]   ADDED (score 75): Ocean Prime (restaurant, 4.6*, 2218 reviews, Washington, DC) -> DC-REST-2827
[01:34:27]     Website: https://www.ocean-prime.com/locations-menus/washington-dc
[01:34:27]     Promoted to untouched (website + location verified)
[01:34:27]   ADDED (score 60): Buck's Fishing & Camping (restaurant, 4.3*, 304 reviews, Washington, DC) -> DC-REST-2828
[01:34:27]     Website: http://www.bucksfishingandcamping.com
[01:34:27]     Category 'restaurant' is a guess (sheet:restaurant) — remains needs_review
[01:34:27]   ADDED (score 73): Vera Cocina & بار (restaurant, 4.5*, 746 reviews, Washington, DC) -> DC-REST-2829
[01:34:27]     Website: https://veradc.com
[01:34:27]     Category 'restaurant' is a guess (name:cocina) — remains needs_review
[01:34:27]   Added 5 new venues from query
[01:34:34] 
[01:34:34] === Taste Query [21/23]: wine list historic fine dining restaurant Great Falls VA ===
[01:34:40]   Scrolling search results...
[01:34:48]   Extracting results...
[01:34:49]   Found 49 results
[01:34:49]   SKIP (exists: past gig): L'Auberge Chez Francois
[01:34:49]   SKIP (exists: VA-REST-008): Dante Ristorante
[01:34:49]   SKIP (exists: VA-REST-677): Trummer's Restaurant
[01:34:49]   SKIP (exists: skipped earlier this run: same website as VA-REST-3026): J. Gilbert's Wood-Fired Steaks & Seafood
[01:34:49]   SKIP (exists: VA-REST-829): Jacques' Brasserie
[01:34:49]   SKIP (exists: VA-REST-3214): The Cellar on Seneca
[01:34:49]   SKIP (classified other): Our Mom Eugenia - Great Falls -- Greek
[01:34:49]   SKIP (exists: VA-HOTE-676): Great Falls Lodge
[01:34:49]   SKIP (exists: MD-REST-142): Old Angler's Inn
[01:34:49]   SKIP (exists: DE-REST-2350): Heirloom
[01:34:49]   SKIP (exists: VA-REST-2436): Evelyn Rose
[01:34:49]   SKIP (exists: VA-REST-1175): Ellie Bird
[01:34:49]   SKIP (exists: VA-REST-007): 2941 Restaurant
[01:34:49]   SKIP (exists: VA-REST-3417): restaurant foraged. at patowmack farm
[01:34:49]   SKIP (name): Old Brogue Irish Pub
[01:34:49]   SKIP (exists: VA-REST-1202): Tuscarora Mill Restaurant
[01:34:49]   SKIP (exists: VA-REST-843): La Bonne Vie
[01:34:49]   SKIP (exists: VA-HOTE-850): The Conservatory at Goodstone Inn
[01:34:49]   SKIP (exists: VA-REST-995): Great Falls Wine Outlet
[01:34:49]   SKIP (classified other): Oliver's Corner Butcher Shop -- Butcher shop
[01:34:49]   SKIP (exists: VA-HOTE-2904): The Blue Door Kitchen and Inn
[01:34:49]   SKIP (exists: VA-REST-852): Bistro L'Hermitage
[01:34:49]   SKIP (exists: VA-REST-678): Village Grill
[01:34:49]   SKIP (exists: VA-REST-2414): Sixty Vines Reston
[01:34:49]   SKIP (exists: VA-REST-3380): PassionFish Reston
[01:34:49]   SKIP (classified other): The Bungalow Lakehouse -- American
[01:34:49]   SKIP (exists: MD-WINE-728): Cooper’s Hawk Winery & Restaurant
[01:34:49]   SKIP (exists: VA-REST-2316): Melting Pot
[01:34:49]   SKIP (type): Deli Italiano -- Pizza
[01:34:49]   SKIP (exists: VA-REST-2988): Ingle Korean Steakhouse
[01:34:49]   SKIP (exists: VA-REST-868): Lightfoot Restaurant
[01:34:49]   SKIP (exists: VA-REST-3411): Lantern House Kitchen & Bar
[01:34:49]   SKIP (exists: VA-REST-1185): Wildfire
[01:34:49]   SKIP (exists: skipped earlier this run: same website as MD-REST-1767): Morton's The Steakhouse
[01:34:49]   SKIP (exists: PA-REST-1854): Eddie V's Prime Seafood
[01:34:49]   SKIP (exists: VA-REST-3100): Jackson's Mighty Fine Food and Lucky Lounge
[01:34:49]   SKIP (exists: VA-REST-010): Clarity
[01:34:49]   SKIP (exists: VA-REST-3028): Cafe Tatti
[01:34:49]   SKIP (exists: VA-REST-2437): Zeffirelli Ristorante Italiano
[01:34:49]   SKIP (exists: VA-REST-147): Cedar Knoll
[01:34:49]   [WEBSITE] Looking up: TRIO Grill
[01:34:53]   [WEBSITE] Looking up: Finn Thai Great Falls
[01:34:58]   [WEBSITE] Looking up: Local Provisions
[01:35:03]   [WEBSITE] Looking up: Pio Pio Peruvian Cuisine
[01:35:07]   [WEBSITE] Looking up: Zamarod Restaurant
[01:35:12]   [WEBSITE] Looking up: The Lost Fox
[01:35:17]   [WEBSITE] Looking up: Field & Main Restaurant
[01:35:21]   [WEBSITE] Looking up: The Black Sheep Restaurant
[01:35:26]   [WEBSITE] Looking up: Market Table Bistro
[01:36:19]   ADDED (score 73): TRIO Grill (restaurant, 4.6*, 971 reviews, Falls Church, VA) -> VA-REST-3418
[01:36:19]     No matching website found — remains needs_review
[01:36:19]   ADDED (score 60): Finn Thai Great Falls (restaurant, 4.7*, 182 reviews, Great Falls, VA) -> VA-REST-3419
[01:36:19]     Website: https://finnthaigreatfalls.blizzfull.com
[01:36:19]     Promoted to untouched (website + location verified)
[01:36:19]   ADDED (score 63): Local Provisions (restaurant, 4.7*, 615 reviews, Sterling, VA) -> VA-REST-3420
[01:36:19]     Website: http://localprovisionsva.com
[01:36:19]     Category 'restaurant' is a guess (sheet:restaurant) — remains needs_review
[01:36:19]   ADDED (score 60): Pio Pio Peruvian Cuisine (restaurant, 4.5*, 1016 reviews, Great Falls, VA) -> VA-REST-3421
[01:36:19]     Website: https://www.piopioperu.com
[01:36:19]     Category 'restaurant' is a guess (name:cuisine) — remains needs_review
[01:36:19]   SKIP (same website as VA-REST-919): Zamarod Restaurant -- zamarod.com
[01:36:19]   ADDED (score 58): The Lost Fox (restaurant, 4.5*, 894 reviews, Ashburn, VA) -> VA-REST-3422
[01:36:19]     No matching website found — remains needs_review
[01:36:19]   ADDED (score 73): Field & Main Restaurant (restaurant, 4.6*, 693 reviews, Marshall, VA) -> VA-REST-3423
[01:36:19]     Website: https://www.fieldandmainrestaurant.com
[01:36:19]     Category 'restaurant' is a guess (name:restaurant) — remains needs_review
[01:36:19]   ADDED (score 65): The Black Sheep Restaurant (restaurant, 4.7*, 2588 reviews, location unknown) -> XX-REST-631
[01:36:19]     Website: https://theblacksheeprestaurant.com
[01:36:19]     Website saved; city/state not confirmed from the listing — remains needs_review
[01:36:19]   ADDED (score 60): Market Table Bistro (restaurant, 4.7*, 247 reviews, location unknown) -> XX-REST-632
[01:36:19]     Website: https://www.markettablebistro.com
[01:36:19]     Website saved; city/state not confirmed from the listing — remains needs_review
[01:36:19]   Added 8 new venues from query
[01:36:27] 
[01:36:27] === Taste Query [22/23]: wine list historic fine dining restaurant McLean VA ===
[01:36:32]   Scrolling search results...
[01:36:39]   Extracting results...
[01:36:40]   Found 59 results
[01:36:40]   SKIP (exists: skipped earlier this run: same website as VA-REST-3026): J. Gilbert's Wood-Fired Steaks & Seafood
[01:36:40]   SKIP (exists: VA-REST-3028): Cafe Tatti
[01:36:40]   SKIP (exists: VA-REST-1147): Divan Restaurant
[01:36:40]   SKIP (exists: PA-REST-1854): Eddie V's Prime Seafood
[01:36:40]   SKIP (exists: past gig): L'Auberge Chez Francois
[01:36:40]   SKIP (exists: MD-REST-1315): The Capital Grille
[01:36:40]   SKIP (exists: VA-REST-007): 2941 Restaurant
[01:36:40]   SKIP (exists: VA-REST-3053): Capri Ristorante Italiano
[01:36:40]   SKIP (exists: VA-REST-3215): Town Kitchen & Bar
[01:36:40]   SKIP (exists: VA-REST-3316): Café Monet
[01:36:40]   SKIP (exists: VA-REST-1151): Neutral Ground Bar + Kitchen
[01:36:40]   SKIP (exists: VA-REST-1149): ArTeA Restaurant + Bar
[01:36:40]   SKIP (exists: VA-REST-3375): The Italian Oven
[01:36:40]   SKIP (exists: PA-REST-2364): Fleming’s Prime Steakhouse & Wine Bar
[01:36:40]   SKIP (exists: VA-REST-2436): Evelyn Rose
[01:36:40]   SKIP (exists: VA-REST-1156): ENTYSE, Wine Bar & Lounge
[01:36:40]   SKIP (exists: VA-REST-3217): Circa Bistro
[01:36:40]   SKIP (exists: VA-REST-1145): Aracosia
[01:36:40]   SKIP (exists: VA-REST-2519): Matchbox
[01:36:40]   SKIP (exists: VA-REST-1185): Wildfire
[01:36:40]   SKIP (exists: VA-REST-1161): Pulcinella Italian Kitchen
[01:36:40]   SKIP (exists: VA-REST-3370): Dal Grano
[01:36:40]   SKIP (exists: VA-REST-3216): Modan Restaurant
[01:36:40]   SKIP (exists: VA-REST-3057): Cafe ile
[01:36:40]   SKIP (exists: VA-REST-3051): American Prime
[01:36:40]   SKIP (exists: VA-REST-3220): ENTYSE
[01:36:40]   SKIP (exists: VA-REST-3046): SHō Sushi & Izakaya
[01:36:40]   SKIP (exists: VA-REST-1157): Agora Tysons Mediterranean Restaurant
[01:36:40]   SKIP (exists: VA-REST-3221): Wren Tysons
[01:36:40]   SKIP (exists: VA-REST-1164): Härth
[01:36:40]   SKIP (exists: XX-REST-081): Seasons 52
[01:36:40]   SKIP (exists: VA-REST-3032): Amoo's Restaurant
[01:36:40]   SKIP (exists: VA-REST-1158): Mylos Grill
[01:36:40]   SKIP (classified other): Listrani's -- Italian
[01:36:40]   SKIP (exists: VA-REST-2988): Ingle Korean Steakhouse
[01:36:40]   SKIP (exists: XX-REST-160): North Italia
[01:36:40]   SKIP (exists: VA-REST-829): Jacques' Brasserie
[01:36:40]   SKIP (exists: VA-REST-3041): Randy's Prime Seafood and Steaks
[01:36:40]   SKIP (exists: VA-REST-3418): TRIO Grill
[01:36:40]   SKIP (exists: VA-REST-1163): Cafe Renaissance
[01:36:40]   SKIP (classified other): The Organic Butcher -- Butcher shop
[01:36:40]   SKIP (exists: VA-REST-1175): Ellie Bird
[01:36:40]   SKIP (exists: VA-REST-3060): Founding Farmers Tysons
[01:36:40]   SKIP (exists: VA-REST-010): Clarity
[01:36:40]   SKIP (exists: VA-REST-3029): Kazan Restaurant
[01:36:40]   SKIP (classified other): Tysons Biergarten -- Beer Garden
[01:36:40]   SKIP (exists: DE-REST-2350): Heirloom
[01:36:40]   SKIP (classified other): The Palm - Tysons -- Steak
[01:36:40]   SKIP (exists: DC-REST-140): La Chaumiere
[01:36:40]   SKIP (exists: MD-REST-142): Old Angler's Inn
[01:36:40]   SKIP (exists: VA-REST-008): Dante Ristorante
[01:36:40]   SKIP (exists: VA-REST-2993): Nostos Restaurant
[01:36:40]   SKIP (exists: VA-REST-830): LCD - La Côte D'Or Café
[01:36:40]   SKIP (exists: VA-REST-3031): Tachibana Japanese Restaurant
[01:36:40]   SKIP (exists: DC-REST-1571): Salt
[01:36:40]   [WEBSITE] Looking up: Earls Kitchen + Bar
[01:36:45]   [WEBSITE] Looking up: Chiang Mai Thai Cookhouse
[01:36:49]   [WEBSITE] Looking up: Sorn Thai Restaurant & Bar
[01:36:54]   [WEBSITE] Looking up: Esaan Thai McLean
[01:37:22]   SKIP (same website as VA-REST-3064): Earls Kitchen + Bar -- earls.ca
[01:37:22]   ADDED (score 55): Chiang Mai Thai Cookhouse (restaurant, 4.6*, 345 reviews, McLean, VA) -> VA-REST-3424
[01:37:22]     Website: https://chiangmaithaimclean.com
[01:37:22]     Promoted to untouched (website + location verified)
[01:37:22]   ADDED (score 50): Sorn Thai Restaurant & Bar (restaurant, 4.3*, 149 reviews, McLean, VA) -> VA-REST-3425
[01:37:22]     Website: http://www.sornthaiva.com
[01:37:22]     Promoted to untouched (website + location verified)
[01:37:22]   SKIP (same website as VA-REST-3055): Esaan Thai McLean -- esaanmclean.com
[01:37:22]   Added 2 new venues from query
[01:37:27] 
[01:37:27] === Taste Query [23/23]: wine list historic fine dining restaurant Alexandria VA ===
[01:37:32]   Scrolling search results...
[01:37:40]   Extracting results...
[01:37:40]   Found 59 results
[01:37:40]   SKIP (exists: VA-REST-833): Josephine
[01:37:40]   SKIP (exists: VA-REST-1697): Vermilion Restaurant & Bar
[01:37:40]   SKIP (exists: VA-REST-834): Le Refuge
[01:37:40]   SKIP (classified other): Ada's on the River -- American
[01:37:40]   SKIP (exists: VA-REST-264): Bastille Brasserie & Bar
[01:37:40]   SKIP (exists: VA-REST-1427): Landini Brothers Restaurant
[01:37:40]   SKIP (exists: VA-REST-1689): The Warehouse
[01:37:40]   SKIP (exists: VA-REST-1423): The Study at Morrison House
[01:37:40]   SKIP (exists: VA-REST-1688): The Majestic by Santiago Lopez
[01:37:40]   SKIP (exists: VA-REST-2878): Oak Steakhouse
[01:37:40]   SKIP (exists: VA-REST-1410): Two Nineteen Restaurant
[01:37:40]   SKIP (exists: VA-REST-1682): Virtue Feed & Grain
[01:37:40]   SKIP (exists: VA-REST-1681): Vola’s Dockside Grill and Hi-Tide Lounge
[01:37:40]   SKIP (exists: VA-REST-2884): Finn and Fire
[01:37:40]   SKIP (exists: VA-REST-1652): BARCA Pier & Wine Bar
[01:37:40]   SKIP (exists: MD-REST-685): Blackwall Hitch
[01:37:40]   SKIP (exists: VA-REST-3224): Kiln
[01:37:40]   SKIP (exists: VA-REST-2876): 1799 Prime Steak & Seafood
[01:37:40]   SKIP (exists: VA-REST-2921): Union Street Public House
[01:37:40]   SKIP (exists: VA-REST-1757): Thompson Italian
[01:37:40]   SKIP (exists: VA-REST-1678): Hummingbird Bar and Kitchen
[01:37:40]   SKIP (exists: VA-REST-1707): Laporta's Restaurant
[01:37:40]   SKIP (exists: VA-REST-1655): BRUT Champagne & Wine Bar
[01:37:40]   SKIP (exists: VA-REST-1150): Old House Cosmopolitan
[01:37:40]   SKIP (exists: VA-REST-3225): Milk & Honey Southern Inspired Kitchen
[01:37:40]   SKIP (exists: VA-REST-3416): Akeno Sushi Bar@ Old Town
[01:37:40]   SKIP (exists: VA-REST-1442): The Light Horse Restaurant and Bar
[01:37:40]   SKIP (exists: VA-REST-1659): Mason Social
[01:37:40]   SKIP (classified other): Indochen Old Town -- Indian
[01:37:40]   SKIP (exists: VA-REST-1665): Hank's Oyster Bar, Old Town
[01:37:40]   SKIP (exists: VA-REST-2412): DCANTER - Old Town Alexandria, VA
[01:37:40]   SKIP (exists: VA-REST-1662): Alice Comfort Cocktail
[01:37:40]   SKIP (exists: VA-REST-1658): Casa Luna Bar
[01:37:40]   SKIP (classified other): Epicure on King -- Italian
[01:37:40]   SKIP (classified other): Elaine's -- Mediterranean
[01:37:40]   SKIP (exists: VA-REST-2879): Taverna Cretekou
[01:37:40]   SKIP (exists: VA-REST-1699): Chadwicks
[01:37:40]   SKIP (exists: VA-REST-2885): Cooper Mill
[01:37:40]   SKIP (classified other): Vintage - The Old Town Wine Shop -- Wine store
[01:37:40]   SKIP (exists: VA-REST-1660): Old Hat Bar
[01:37:40]   SKIP (exists: VA-REST-1685): Captain Gregory's
[01:37:40]   SKIP (exists: VA-REST-2955): Founding Farmers Alexandria
[01:37:40]   SKIP (exists: VA-REST-1651): Basin Street Lounge
[01:37:40]   SKIP (exists: XX-REST-025): King & Rye
[01:37:40]   SKIP (exists: VA-REST-1679): Daniel O'Connell's Irish Restaurant & Bar
[01:37:40]   [WEBSITE] Looking up: Gadsby's Tavern
[01:37:45]   [WEBSITE] Looking up: Jula's on the Potomac
[01:37:49]   [WEBSITE] Looking up: Chart House
[01:37:54]   [WEBSITE] Looking up: The Wharf
[01:37:59]   [WEBSITE] Looking up: IL Porto Italian Ristorante
[01:38:03]   [WEBSITE] Looking up: Mia's Italian Kitchen
[01:38:08]   [WEBSITE] Looking up: La Fromagerie Cheese and Wine Bistro
[01:38:13]   [WEBSITE] Looking up: Augie's Mussel House and Beer Garden
[01:38:17]   [WEBSITE] Looking up: Nasime Japanese Restaurant
[01:38:22]   [WEBSITE] Looking up: Vaso's Mediterranean Bistro
[01:38:26]   [WEBSITE] Looking up: Trattoria Da Franco Ristorante
[01:38:31]   [WEBSITE] Looking up: LaPluma Coffee & Wine
[01:38:36]   [WEBSITE] Looking up: Fish Market Restaurant
[01:38:40]   [WEBSITE] Looking up: Good Fortune
[01:39:25]   ADDED (score 58): Gadsby's Tavern (restaurant, 4.4*, 806 reviews, Alexandria, VA) -> VA-REST-3426
[01:39:25]     Website: http://www.gadsbystavernrestaurant.com
[01:39:25]     Promoted to untouched (website + location verified)
[01:39:25]   ADDED (score 65): Jula's on the Potomac (restaurant, 4.8*, 3654 reviews, Alexandria, VA) -> VA-REST-3427
[01:39:25]     No matching website found — remains needs_review
[01:39:25]   SKIP (same website as VA-REST-2877): Chart House -- chart-house.com
[01:39:25]   SKIP (same website as VA-REST-2942): The Wharf -- wharfrestaurant.com
[01:39:25]   SKIP (same website as VA-REST-811): IL Porto Italian Ristorante -- ilportoristorante.com
[01:39:25]   ADDED (score 60): Mia's Italian Kitchen (restaurant, 4.5*, 4088 reviews, Alexandria, VA) -> VA-REST-3428
[01:39:25]     Website: https://alexandria-va.miasitalian.com
[01:39:25]     Category 'restaurant' is a guess (name:kitchen) — remains needs_review
[01:39:25]   SKIP (same website as VA-REST-2891): La Fromagerie Cheese and Wine Bistro -- lafromagerieonline.com
[01:39:25]   ADDED (score 55): Augie's Mussel House and Beer Garden (restaurant, 4.2*, 1255 reviews, Alexandria, VA) -> VA-REST-3429
[01:39:25]     Website: https://www.eataugies.com
[01:39:25]     Category 'restaurant' is a guess (sheet:restaurant) — remains needs_review
[01:39:25]   SKIP (same website as VA-REST-2880): Nasime Japanese Restaurant -- nasimerestaurant.com
[01:39:25]   ADDED (score 58): Vaso's Mediterranean Bistro (restaurant, 4.4*, 746 reviews, location unknown) -> XX-REST-633
[01:39:25]     No matching website found — remains needs_review
[01:39:25]   ADDED (score 65): Trattoria Da Franco Ristorante (restaurant, 4.2*, 195 reviews, Alexandria, VA) -> VA-REST-3430
[01:39:25]     Website: https://trattoriadafranco305.com
[01:39:25]     Category 'restaurant' is a guess (name:trattoria) — remains needs_review
[01:39:25]   ADDED (score 45): LaPluma Coffee & Wine (cafe, 4.6*, 421 reviews, Alexandria, VA) -> VA-CAFE-001
[01:39:25]     Website: https://laplumacoffeewine.com
[01:39:25]     Category 'cafe' is a guess (name:coffee) — remains needs_review
[01:39:25]   SKIP (same website as VA-REST-2943): Fish Market Restaurant -- fishmarketva.com
[01:39:25]   SKIP (same website as VA-HOTE-2854): Good Fortune -- heronalexandria.com
[01:39:25]   Added 7 new venues from query
[01:39:30]   MAX_QUERIES=23 reached — stopping.
[01:39:30] Calculating distances for new venues...
[01:41:44]   Distances calculated: 239
[01:41:44] 
[01:41:44] === Taste Discovery Complete ===
[01:41:44]   Queries run: 23
[01:41:44]   Queries failed (will retry): 0
[01:41:44]   Venues added: 52
[01:41:44]   Queries remaining: 136
